C_cost,C_count,N_cost,N_count,T1_count,T2_count,change,feasible,load_rate,parameter,peak_memory_mb,rejected_module_candidates,scenario,seconds,status,volume_rate
7000,7000,10,10,0,10,0,True,0.411,baseline,,0,base,7.566889300011098,checked,0.6899159663865546
7000,7000,10,10,0,10,-10,True,0.411,vehicle_length,,0,vehicle_length_-10,28.82195800000045,checked,0.7002132196162046
7000,7000,10,10,0,10,10,True,0.411,vehicle_length,,0,vehicle_length_+10,37.853537400005735,checked,0.6799171842650104
7700,7700,11,11,0,11,-10,True,0.37363636363636366,vehicle_width,,0,vehicle_width_-10,32.60410649998812,checked,0.6538855387416088
7000,7000,10,10,0,10,10,True,0.411,vehicle_width,,0,vehicle_width_+10,37.785875599991414,checked,0.6628604382929643
7700,7700,11,11,0,11,-10,True,0.37363636363636366,vehicle_height,,0,vehicle_height_-10,29.68808980000904,checked,0.6533295136236312
7000,7000,10,10,0,10,10,True,0.411,vehicle_height,,0,vehicle_height_+10,27.651955799999996,checked,0.6633807369101486
7000,7000,10,10,0,10,0,True,0.411,clearance,,0,clearance_0,26.69864589998906,checked,0.6899159663865546
7000,7000,10,10,0,10,6,True,0.411,clearance,,0,clearance_6,30.80339480000839,checked,0.6899159663865546
7000,7000,10,10,0,10,0.5,True,0.822,payload_factor,,0,payload_0.5,36.16199320000305,checked,0.6899159663865546
7000,7000,10,10,0,10,1.2,True,0.3425,payload_factor,,0,payload_1.2,30.770873800007394,checked,0.6899159663865546
5000,5000,10,10,0,10,500,True,0.411,T2_cost,,0,T2_cost_500,7.904287400000612,checked,0.6899159663865546
9000,9000,10,10,0,10,900,True,0.411,T2_cost,,0,T2_cost_900,8.04399989999365,checked,0.6899159663865546
6000,7000,20,10,20,0,300,True,0.3425,T1_cost,,0,T1_cost_300,8.325432600002387,checked,0.7404401154401155
7000,7000,10,10,0,10,600,True,0.411,T1_cost,,0,T1_cost_600,8.19663780000701,checked,0.6899159663865546
8350,8400,13,12,3,10,250,True,0.3483050847457627,bearing,,1,bearing_250,32.97061720000056,checked,0.605314380087295
7000,7000,10,10,0,10,750,True,0.411,bearing,,0,bearing_750,34.41813849999744,checked,0.6899159663865546
7700,7700,11,11,0,11,-5,True,0.37363636363636366,cargo_length,,0,cargo_length_-5,25.909270999996806,checked,0.5744297719087635
10250,10250,15,15,1,14,5,True,0.2815068493150685,cargo_length,,0,cargo_length_+5,23.823585500009358,checked,0.5170505092082376
7700,7700,11,11,0,11,-5,True,0.37363636363636366,cargo_width,,0,cargo_width_-5,32.459644599992316,checked,0.5581141547528102
9100,9100,13,13,0,13,5,True,0.3161538461538462,cargo_width,,0,cargo_width_+5,36.007328000006964,checked,0.5891587404192447
7400,7700,12,11,4,8,-5,True,0.3951923076923077,cargo_height,,0,cargo_height_-5,31.149123700000928,checked,0.6089100716622526
9050,9100,14,13,3,11,5,True,0.32109375,cargo_height,,0,cargo_height_+5,33.26692579999508,checked,0.6285319214039763
7000,7000,10,10,0,10,0.8,True,0.3288,mass_factor,,0,mass_0.8,44.1954953000095,checked,0.6899159663865546
7000,7000,10,10,0,10,1.2,True,0.4932,mass_factor,,0,mass_1.2,44.779730099995504,checked,0.6899159663865546
5600,5600,8,8,0,8,0.8,True,0.411,quantity_factor,,0,quantity_0.8,36.17550630000187,checked,0.6899159663865546
8400,8400,12,12,0,12,1.2,True,0.411,quantity_factor,,0,quantity_1.2,54.943978700001026,checked,0.6899159663865546
5600,5600,8,8,0,8,0.5,True,0.485625,fragile_quantity_factor,,0,fragile_quantity_0.5,50.909187800003565,checked,0.7993697478991597
9800,9800,14,14,0,14,1.5,True,0.30964285714285716,fragile_quantity_factor,,0,fragile_quantity_1.5,44.002248500008136,checked,0.5288115246098439
7000,7000,10,10,0,10,True,True,0.411,fragile_rotation,,0,fragile_horizontal_rotation,38.713720400002785,checked,0.6899159663865546
10550,10950,19,16,11,8,floor only,True,0.2815068493150685,fragile_support,,0,fragile_floor_only,28.209454199997708,checked,0.5256620396455463
6300,6300,9,9,0,9,False,True,0.45666666666666667,directional_center_each,,0,directional_union_resultant,32.61368959999527,checked,0.7665732959850607
