date,ready,source_origin
2026-07-09,2026-07-12 09:00:00+08:00,2026-07-08T18:00:00
2026-07-10,2026-07-13 09:00:00+08:00,2026-07-08T18:00:00
2026-07-11,2026-07-14 09:00:00+08:00,2026-07-08T18:00:00
2026-07-12,2026-07-15 09:00:00+08:00,2026-07-08T18:00:00
2026-07-13,2026-07-16 09:00:00+08:00,2026-07-08T18:00:00
2026-07-14,2026-07-17 09:00:00+08:00,2026-07-08T18:00:00
2026-07-15,2026-07-18 09:00:00+08:00,2026-07-08T18:00:00
2026-07-16,2026-07-19 09:00:00+08:00,2026-07-08T18:00:00
2026-07-17,2026-07-20 09:00:00+08:00,2026-07-08T18:00:00
2026-07-18,2026-07-21 09:00:00+08:00,2026-07-08T18:00:00
2026-07-19,2026-07-22 09:00:00+08:00,2026-07-08T18:00:00
2026-07-20,2026-07-23 09:00:00+08:00,2026-07-08T18:00:00
2026-07-21,2026-07-24 09:00:00+08:00,2026-07-08T18:00:00
2026-07-22,2026-07-25 09:00:00+08:00,2026-07-08T18:00:00
2026-07-23,2026-07-26 09:00:00+08:00,2026-07-22T18:00:00
2026-07-24,2026-07-27 09:00:00+08:00,2026-07-22T18:00:00
2026-07-25,2026-07-28 09:00:00+08:00,2026-07-22T18:00:00
2026-07-26,2026-07-29 09:00:00+08:00,2026-07-22T18:00:00
2026-07-27,2026-07-30 09:00:00+08:00,2026-07-22T18:00:00
2026-07-28,2026-07-31 09:00:00+08:00,2026-07-22T18:00:00
2026-07-29,2026-08-01 09:00:00+08:00,2026-07-22T18:00:00
2026-07-30,2026-08-02 09:00:00+08:00,2026-07-22T18:00:00
2026-07-31,2026-08-03 09:00:00+08:00,2026-07-22T18:00:00
2026-08-01,2026-08-04 09:00:00+08:00,2026-07-22T18:00:00
2026-08-02,2026-08-05 09:00:00+08:00,2026-07-22T18:00:00
2026-08-03,2026-08-06 09:00:00+08:00,2026-07-22T18:00:00
2026-08-04,2026-08-07 09:00:00+08:00,2026-07-22T18:00:00
2026-08-05,2026-08-08 09:00:00+08:00,2026-07-22T18:00:00
2026-08-06,2026-08-09 09:00:00+08:00,2026-08-05T18:00:00
2026-08-07,2026-08-10 09:00:00+08:00,2026-08-05T18:00:00
2026-08-08,2026-08-11 09:00:00+08:00,2026-08-05T18:00:00
2026-08-09,2026-08-12 09:00:00+08:00,2026-08-05T18:00:00
2026-08-10,2026-08-13 09:00:00+08:00,2026-08-05T18:00:00
2026-08-11,2026-08-14 09:00:00+08:00,2026-08-05T18:00:00
2026-08-12,2026-08-15 09:00:00+08:00,2026-08-05T18:00:00
2026-08-13,2026-08-16 09:00:00+08:00,2026-08-05T18:00:00
2026-08-14,2026-08-17 09:00:00+08:00,2026-08-05T18:00:00
2026-08-15,2026-08-18 09:00:00+08:00,2026-08-05T18:00:00
2026-08-16,2026-08-19 09:00:00+08:00,2026-08-05T18:00:00
2026-08-17,2026-08-20 09:00:00+08:00,2026-08-05T18:00:00
2026-08-18,2026-08-21 09:00:00+08:00,2026-08-05T18:00:00
2026-08-19,2026-08-22 09:00:00+08:00,2026-08-05T18:00:00
2026-08-20,2026-08-23 09:00:00+08:00,2026-08-19T18:00:00
2026-08-21,2026-08-24 09:00:00+08:00,2026-08-19T18:00:00
2026-08-22,2026-08-25 09:00:00+08:00,2026-08-19T18:00:00
2026-08-23,2026-08-26 09:00:00+08:00,2026-08-19T18:00:00
2026-08-24,2026-08-27 09:00:00+08:00,2026-08-19T18:00:00
2026-08-25,2026-08-28 09:00:00+08:00,2026-08-19T18:00:00
2026-08-26,2026-08-29 09:00:00+08:00,2026-08-19T18:00:00
2026-08-27,2026-08-30 09:00:00+08:00,2026-08-19T18:00:00
2026-08-28,2026-08-31 09:00:00+08:00,2026-08-19T18:00:00
2026-08-29,2026-09-01 09:00:00+08:00,2026-08-19T18:00:00
2026-08-30,2026-09-02 09:00:00+08:00,2026-08-19T18:00:00
