service_date,store_id,item_id,q_units
2026-10-01,S01,K01,9
2026-10-01,S01,K02,8
2026-10-01,S01,K03,14
2026-10-01,S01,K04,14
2026-10-01,S01,K05,17
2026-10-01,S01,K06,15
2026-10-01,S01,K07,20
2026-10-01,S01,K08,18
2026-10-01,S02,K01,10
2026-10-01,S02,K02,10
2026-10-01,S02,K03,14
2026-10-01,S02,K04,12
2026-10-01,S02,K05,16
2026-10-01,S02,K06,15
2026-10-01,S02,K07,20
2026-10-01,S02,K08,17
2026-10-01,S03,K01,10
2026-10-01,S03,K02,8
2026-10-01,S03,K03,14
2026-10-01,S03,K04,13
2026-10-01,S03,K05,18
2026-10-01,S03,K06,15
2026-10-01,S03,K07,22
2026-10-01,S03,K08,20
2026-10-01,S04,K01,9
2026-10-01,S04,K02,10
2026-10-01,S04,K03,14
2026-10-01,S04,K04,14
2026-10-01,S04,K05,18
2026-10-01,S04,K06,16
2026-10-01,S04,K07,22
2026-10-01,S04,K08,20
2026-10-01,S05,K01,10
2026-10-01,S05,K02,9
2026-10-01,S05,K03,14
2026-10-01,S05,K04,15
2026-10-01,S05,K05,18
2026-10-01,S05,K06,15
2026-10-01,S05,K07,19
2026-10-01,S05,K08,22
2026-10-01,S06,K01,10
2026-10-01,S06,K02,10
2026-10-01,S06,K03,15
2026-10-01,S06,K04,13
2026-10-01,S06,K05,19
2026-10-01,S06,K06,17
2026-10-01,S06,K07,25
2026-10-01,S06,K08,22
2026-10-01,S07,K01,11
2026-10-01,S07,K02,10
2026-10-01,S07,K03,16
2026-10-01,S07,K04,13
2026-10-01,S07,K05,20
2026-10-01,S07,K06,19
2026-10-01,S07,K07,25
2026-10-01,S07,K08,21
2026-10-01,S08,K01,11
2026-10-01,S08,K02,10
2026-10-01,S08,K03,16
2026-10-01,S08,K04,18
2026-10-01,S08,K05,21
2026-10-01,S08,K06,19
2026-10-01,S08,K07,24
2026-10-01,S08,K08,23
2026-10-01,S09,K01,11
2026-10-01,S09,K02,13
2026-10-01,S09,K03,18
2026-10-01,S09,K04,16
2026-10-01,S09,K05,20
2026-10-01,S09,K06,19
2026-10-01,S09,K07,25
2026-10-01,S09,K08,22
2026-10-01,S10,K01,13
2026-10-01,S10,K02,13
2026-10-01,S10,K03,17
2026-10-01,S10,K04,16
2026-10-01,S10,K05,21
2026-10-01,S10,K06,19
2026-10-01,S10,K07,26
2026-10-01,S10,K08,25
2026-10-01,S11,K01,12
2026-10-01,S11,K02,11
2026-10-01,S11,K03,17
2026-10-01,S11,K04,18
2026-10-01,S11,K05,23
2026-10-01,S11,K06,21
2026-10-01,S11,K07,26
2026-10-01,S11,K08,25
2026-10-01,S12,K01,12
2026-10-01,S12,K02,12
2026-10-01,S12,K03,17
2026-10-01,S12,K04,17
2026-10-01,S12,K05,23
2026-10-01,S12,K06,19
2026-10-01,S12,K07,26
2026-10-01,S12,K08,25
2026-10-02,S01,K01,9
2026-10-02,S01,K02,11
2026-10-02,S01,K03,14
2026-10-02,S01,K04,13
2026-10-02,S01,K05,17
2026-10-02,S01,K06,15
2026-10-02,S01,K07,19
2026-10-02,S01,K08,18
2026-10-02,S02,K01,10
2026-10-02,S02,K02,11
2026-10-02,S02,K03,14
2026-10-02,S02,K04,13
2026-10-02,S02,K05,16
2026-10-02,S02,K06,15
2026-10-02,S02,K07,20
2026-10-02,S02,K08,17
2026-10-02,S03,K01,8
2026-10-02,S03,K02,9
2026-10-02,S03,K03,14
2026-10-02,S03,K04,13
2026-10-02,S03,K05,18
2026-10-02,S03,K06,15
2026-10-02,S03,K07,22
2026-10-02,S03,K08,19
2026-10-02,S04,K01,9
2026-10-02,S04,K02,10
2026-10-02,S04,K03,15
2026-10-02,S04,K04,14
2026-10-02,S04,K05,18
2026-10-02,S04,K06,16
2026-10-02,S04,K07,21
2026-10-02,S04,K08,19
2026-10-02,S05,K01,10
2026-10-02,S05,K02,9
2026-10-02,S05,K03,14
2026-10-02,S05,K04,16
2026-10-02,S05,K05,18
2026-10-02,S05,K06,15
2026-10-02,S05,K07,19
2026-10-02,S05,K08,22
2026-10-02,S06,K01,10
2026-10-02,S06,K02,10
2026-10-02,S06,K03,15
2026-10-02,S06,K04,13
2026-10-02,S06,K05,19
2026-10-02,S06,K06,19
2026-10-02,S06,K07,24
2026-10-02,S06,K08,20
2026-10-02,S07,K01,10
2026-10-02,S07,K02,10
2026-10-02,S07,K03,16
2026-10-02,S07,K04,13
2026-10-02,S07,K05,21
2026-10-02,S07,K06,19
2026-10-02,S07,K07,25
2026-10-02,S07,K08,21
2026-10-02,S08,K01,11
2026-10-02,S08,K02,10
2026-10-02,S08,K03,19
2026-10-02,S08,K04,18
2026-10-02,S08,K05,20
2026-10-02,S08,K06,19
2026-10-02,S08,K07,24
2026-10-02,S08,K08,23
2026-10-02,S09,K01,11
2026-10-02,S09,K02,13
2026-10-02,S09,K03,19
2026-10-02,S09,K04,16
2026-10-02,S09,K05,20
2026-10-02,S09,K06,19
2026-10-02,S09,K07,25
2026-10-02,S09,K08,21
2026-10-02,S10,K01,13
2026-10-02,S10,K02,11
2026-10-02,S10,K03,16
2026-10-02,S10,K04,16
2026-10-02,S10,K05,21
2026-10-02,S10,K06,19
2026-10-02,S10,K07,26
2026-10-02,S10,K08,25
2026-10-02,S11,K01,12
2026-10-02,S11,K02,11
2026-10-02,S11,K03,18
2026-10-02,S11,K04,18
2026-10-02,S11,K05,23
2026-10-02,S11,K06,21
2026-10-02,S11,K07,26
2026-10-02,S11,K08,25
2026-10-02,S12,K01,12
2026-10-02,S12,K02,12
2026-10-02,S12,K03,17
2026-10-02,S12,K04,17
2026-10-02,S12,K05,23
2026-10-02,S12,K06,19
2026-10-02,S12,K07,26
2026-10-02,S12,K08,25
2026-10-03,S01,K01,0
2026-10-03,S01,K02,8
2026-10-03,S01,K03,14
2026-10-03,S01,K04,14
2026-10-03,S01,K05,19
2026-10-03,S01,K06,20
2026-10-03,S01,K07,23
2026-10-03,S01,K08,22
2026-10-03,S02,K01,0
2026-10-03,S02,K02,6
2026-10-03,S02,K03,13
2026-10-03,S02,K04,13
2026-10-03,S02,K05,18
2026-10-03,S02,K06,19
2026-10-03,S02,K07,23
2026-10-03,S02,K08,21
2026-10-03,S03,K01,0
2026-10-03,S03,K02,7
2026-10-03,S03,K03,14
2026-10-03,S03,K04,14
2026-10-03,S03,K05,20
2026-10-03,S03,K06,19
2026-10-03,S03,K07,25
2026-10-03,S03,K08,23
2026-10-03,S04,K01,0
2026-10-03,S04,K02,8
2026-10-03,S04,K03,15
2026-10-03,S04,K04,16
2026-10-03,S04,K05,20
2026-10-03,S04,K06,20
2026-10-03,S04,K07,24
2026-10-03,S04,K08,24
2026-10-03,S05,K01,0
2026-10-03,S05,K02,7
2026-10-03,S05,K03,14
2026-10-03,S05,K04,18
2026-10-03,S05,K05,21
2026-10-03,S05,K06,19
2026-10-03,S05,K07,23
2026-10-03,S05,K08,26
2026-10-03,S06,K01,0
2026-10-03,S06,K02,5
2026-10-03,S06,K03,15
2026-10-03,S06,K04,15
2026-10-03,S06,K05,20
2026-10-03,S06,K06,23
2026-10-03,S06,K07,27
2026-10-03,S06,K08,25
2026-10-03,S07,K01,0
2026-10-03,S07,K02,6
2026-10-03,S07,K03,16
2026-10-03,S07,K04,17
2026-10-03,S07,K05,22
2026-10-03,S07,K06,21
2026-10-03,S07,K07,27
2026-10-03,S07,K08,26
2026-10-03,S08,K01,0
2026-10-03,S08,K02,5
2026-10-03,S08,K03,17
2026-10-03,S08,K04,19
2026-10-03,S08,K05,22
2026-10-03,S08,K06,23
2026-10-03,S08,K07,27
2026-10-03,S08,K08,26
2026-10-03,S09,K01,0
2026-10-03,S09,K02,10
2026-10-03,S09,K03,17
2026-10-03,S09,K04,18
2026-10-03,S09,K05,22
2026-10-03,S09,K06,23
2026-10-03,S09,K07,28
2026-10-03,S09,K08,25
2026-10-03,S10,K01,0
2026-10-03,S10,K02,6
2026-10-03,S10,K03,16
2026-10-03,S10,K04,17
2026-10-03,S10,K05,23
2026-10-03,S10,K06,23
2026-10-03,S10,K07,29
2026-10-03,S10,K08,29
2026-10-03,S11,K01,0
2026-10-03,S11,K02,6
2026-10-03,S11,K03,18
2026-10-03,S11,K04,19
2026-10-03,S11,K05,24
2026-10-03,S11,K06,24
2026-10-03,S11,K07,29
2026-10-03,S11,K08,30
2026-10-03,S12,K01,0
2026-10-03,S12,K02,9
2026-10-03,S12,K03,17
2026-10-03,S12,K04,18
2026-10-03,S12,K05,24
2026-10-03,S12,K06,23
2026-10-03,S12,K07,29
2026-10-03,S12,K08,30
2026-10-04,S01,K01,0
2026-10-04,S01,K02,8
2026-10-04,S01,K03,12
2026-10-04,S01,K04,14
2026-10-04,S01,K05,19
2026-10-04,S01,K06,19
2026-10-04,S01,K07,23
2026-10-04,S01,K08,23
2026-10-04,S02,K01,0
2026-10-04,S02,K02,6
2026-10-04,S02,K03,13
2026-10-04,S02,K04,13
2026-10-04,S02,K05,18
2026-10-04,S02,K06,18
2026-10-04,S02,K07,23
2026-10-04,S02,K08,22
2026-10-04,S03,K01,0
2026-10-04,S03,K02,8
2026-10-04,S03,K03,14
2026-10-04,S03,K04,15
2026-10-04,S03,K05,20
2026-10-04,S03,K06,19
2026-10-04,S03,K07,25
2026-10-04,S03,K08,23
2026-10-04,S04,K01,0
2026-10-04,S04,K02,8
2026-10-04,S04,K03,14
2026-10-04,S04,K04,16
2026-10-04,S04,K05,20
2026-10-04,S04,K06,19
2026-10-04,S04,K07,25
2026-10-04,S04,K08,26
2026-10-04,S05,K01,0
2026-10-04,S05,K02,7
2026-10-04,S05,K03,14
2026-10-04,S05,K04,18
2026-10-04,S05,K05,21
2026-10-04,S05,K06,18
2026-10-04,S05,K07,24
2026-10-04,S05,K08,27
2026-10-04,S06,K01,0
2026-10-04,S06,K02,5
2026-10-04,S06,K03,15
2026-10-04,S06,K04,15
2026-10-04,S06,K05,22
2026-10-04,S06,K06,22
2026-10-04,S06,K07,25
2026-10-04,S06,K08,25
2026-10-04,S07,K01,0
2026-10-04,S07,K02,6
2026-10-04,S07,K03,15
2026-10-04,S07,K04,17
2026-10-04,S07,K05,22
2026-10-04,S07,K06,21
2026-10-04,S07,K07,27
2026-10-04,S07,K08,26
2026-10-04,S08,K01,0
2026-10-04,S08,K02,7
2026-10-04,S08,K03,17
2026-10-04,S08,K04,17
2026-10-04,S08,K05,22
2026-10-04,S08,K06,22
2026-10-04,S08,K07,27
2026-10-04,S08,K08,26
2026-10-04,S09,K01,0
2026-10-04,S09,K02,10
2026-10-04,S09,K03,17
2026-10-04,S09,K04,18
2026-10-04,S09,K05,22
2026-10-04,S09,K06,22
2026-10-04,S09,K07,29
2026-10-04,S09,K08,25
2026-10-04,S10,K01,0
2026-10-04,S10,K02,6
2026-10-04,S10,K03,16
2026-10-04,S10,K04,17
2026-10-04,S10,K05,23
2026-10-04,S10,K06,22
2026-10-04,S10,K07,29
2026-10-04,S10,K08,29
2026-10-04,S11,K01,0
2026-10-04,S11,K02,7
2026-10-04,S11,K03,18
2026-10-04,S11,K04,19
2026-10-04,S11,K05,25
2026-10-04,S11,K06,23
2026-10-04,S11,K07,29
2026-10-04,S11,K08,30
2026-10-04,S12,K01,0
2026-10-04,S12,K02,9
2026-10-04,S12,K03,17
2026-10-04,S12,K04,18
2026-10-04,S12,K05,24
2026-10-04,S12,K06,22
2026-10-04,S12,K07,30
2026-10-04,S12,K08,31
2026-10-05,S01,K01,11
2026-10-05,S01,K02,11
2026-10-05,S01,K03,13
2026-10-05,S01,K04,12
2026-10-05,S01,K05,16
2026-10-05,S01,K06,15
2026-10-05,S01,K07,19
2026-10-05,S01,K08,18
2026-10-05,S02,K01,8
2026-10-05,S02,K02,9
2026-10-05,S02,K03,14
2026-10-05,S02,K04,12
2026-10-05,S02,K05,16
2026-10-05,S02,K06,15
2026-10-05,S02,K07,20
2026-10-05,S02,K08,17
2026-10-05,S03,K01,8
2026-10-05,S03,K02,9
2026-10-05,S03,K03,14
2026-10-05,S03,K04,12
2026-10-05,S03,K05,18
2026-10-05,S03,K06,15
2026-10-05,S03,K07,22
2026-10-05,S03,K08,20
2026-10-05,S04,K01,9
2026-10-05,S04,K02,11
2026-10-05,S04,K03,14
2026-10-05,S04,K04,13
2026-10-05,S04,K05,18
2026-10-05,S04,K06,16
2026-10-05,S04,K07,22
2026-10-05,S04,K08,21
2026-10-05,S05,K01,10
2026-10-05,S05,K02,9
2026-10-05,S05,K03,14
2026-10-05,S05,K04,15
2026-10-05,S05,K05,18
2026-10-05,S05,K06,17
2026-10-05,S05,K07,21
2026-10-05,S05,K08,20
2026-10-05,S06,K01,10
2026-10-05,S06,K02,10
2026-10-05,S06,K03,15
2026-10-05,S06,K04,13
2026-10-05,S06,K05,20
2026-10-05,S06,K06,20
2026-10-05,S06,K07,22
2026-10-05,S06,K08,21
2026-10-05,S07,K01,11
2026-10-05,S07,K02,11
2026-10-05,S07,K03,18
2026-10-05,S07,K04,15
2026-10-05,S07,K05,18
2026-10-05,S07,K06,17
2026-10-05,S07,K07,25
2026-10-05,S07,K08,22
2026-10-05,S08,K01,11
2026-10-05,S08,K02,12
2026-10-05,S08,K03,19
2026-10-05,S08,K04,16
2026-10-05,S08,K05,19
2026-10-05,S08,K06,19
2026-10-05,S08,K07,24
2026-10-05,S08,K08,23
2026-10-05,S09,K01,13
2026-10-05,S09,K02,11
2026-10-05,S09,K03,17
2026-10-05,S09,K04,16
2026-10-05,S09,K05,20
2026-10-05,S09,K06,19
2026-10-05,S09,K07,25
2026-10-05,S09,K08,22
2026-10-05,S10,K01,11
2026-10-05,S10,K02,11
2026-10-05,S10,K03,16
2026-10-05,S10,K04,16
2026-10-05,S10,K05,21
2026-10-05,S10,K06,19
2026-10-05,S10,K07,26
2026-10-05,S10,K08,25
2026-10-05,S11,K01,12
2026-10-05,S11,K02,12
2026-10-05,S11,K03,18
2026-10-05,S11,K04,18
2026-10-05,S11,K05,22
2026-10-05,S11,K06,21
2026-10-05,S11,K07,26
2026-10-05,S11,K08,25
2026-10-05,S12,K01,12
2026-10-05,S12,K02,13
2026-10-05,S12,K03,17
2026-10-05,S12,K04,16
2026-10-05,S12,K05,23
2026-10-05,S12,K06,19
2026-10-05,S12,K07,28
2026-10-05,S12,K08,27
2026-10-06,S01,K01,11
2026-10-06,S01,K02,8
2026-10-06,S01,K03,13
2026-10-06,S01,K04,12
2026-10-06,S01,K05,17
2026-10-06,S01,K06,15
2026-10-06,S01,K07,19
2026-10-06,S01,K08,18
2026-10-06,S02,K01,9
2026-10-06,S02,K02,8
2026-10-06,S02,K03,14
2026-10-06,S02,K04,12
2026-10-06,S02,K05,16
2026-10-06,S02,K06,15
2026-10-06,S02,K07,20
2026-10-06,S02,K08,17
2026-10-06,S03,K01,9
2026-10-06,S03,K02,8
2026-10-06,S03,K03,15
2026-10-06,S03,K04,12
2026-10-06,S03,K05,18
2026-10-06,S03,K06,15
2026-10-06,S03,K07,21
2026-10-06,S03,K08,20
2026-10-06,S04,K01,9
2026-10-06,S04,K02,10
2026-10-06,S04,K03,15
2026-10-06,S04,K04,13
2026-10-06,S04,K05,18
2026-10-06,S04,K06,16
2026-10-06,S04,K07,23
2026-10-06,S04,K08,21
2026-10-06,S05,K01,11
2026-10-06,S05,K02,9
2026-10-06,S05,K03,14
2026-10-06,S05,K04,15
2026-10-06,S05,K05,18
2026-10-06,S05,K06,17
2026-10-06,S05,K07,21
2026-10-06,S05,K08,20
2026-10-06,S06,K01,10
2026-10-06,S06,K02,10
2026-10-06,S06,K03,15
2026-10-06,S06,K04,15
2026-10-06,S06,K05,21
2026-10-06,S06,K06,17
2026-10-06,S06,K07,22
2026-10-06,S06,K08,21
2026-10-06,S07,K01,11
2026-10-06,S07,K02,10
2026-10-06,S07,K03,18
2026-10-06,S07,K04,14
2026-10-06,S07,K05,19
2026-10-06,S07,K06,17
2026-10-06,S07,K07,25
2026-10-06,S07,K08,22
2026-10-06,S08,K01,13
2026-10-06,S08,K02,12
2026-10-06,S08,K03,17
2026-10-06,S08,K04,15
2026-10-06,S08,K05,20
2026-10-06,S08,K06,19
2026-10-06,S08,K07,24
2026-10-06,S08,K08,23
2026-10-06,S09,K01,13
2026-10-06,S09,K02,11
2026-10-06,S09,K03,17
2026-10-06,S09,K04,15
2026-10-06,S09,K05,21
2026-10-06,S09,K06,19
2026-10-06,S09,K07,25
2026-10-06,S09,K08,22
2026-10-06,S10,K01,11
2026-10-06,S10,K02,11
2026-10-06,S10,K03,17
2026-10-06,S10,K04,15
2026-10-06,S10,K05,21
2026-10-06,S10,K06,19
2026-10-06,S10,K07,26
2026-10-06,S10,K08,25
2026-10-06,S11,K01,13
2026-10-06,S11,K02,11
2026-10-06,S11,K03,18
2026-10-06,S11,K04,17
2026-10-06,S11,K05,23
2026-10-06,S11,K06,21
2026-10-06,S11,K07,26
2026-10-06,S11,K08,27
2026-10-06,S12,K01,12
2026-10-06,S12,K02,12
2026-10-06,S12,K03,17
2026-10-06,S12,K04,16
2026-10-06,S12,K05,23
2026-10-06,S12,K06,19
2026-10-06,S12,K07,28
2026-10-06,S12,K08,27
2026-10-07,S01,K01,11
2026-10-07,S01,K02,8
2026-10-07,S01,K03,12
2026-10-07,S01,K04,13
2026-10-07,S01,K05,17
2026-10-07,S01,K06,15
2026-10-07,S01,K07,19
2026-10-07,S01,K08,18
2026-10-07,S02,K01,8
2026-10-07,S02,K02,8
2026-10-07,S02,K03,14
2026-10-07,S02,K04,12
2026-10-07,S02,K05,17
2026-10-07,S02,K06,15
2026-10-07,S02,K07,20
2026-10-07,S02,K08,17
2026-10-07,S03,K01,8
2026-10-07,S03,K02,8
2026-10-07,S03,K03,14
2026-10-07,S03,K04,13
2026-10-07,S03,K05,19
2026-10-07,S03,K06,15
2026-10-07,S03,K07,22
2026-10-07,S03,K08,21
2026-10-07,S04,K01,9
2026-10-07,S04,K02,10
2026-10-07,S04,K03,14
2026-10-07,S04,K04,14
2026-10-07,S04,K05,19
2026-10-07,S04,K06,17
2026-10-07,S04,K07,23
2026-10-07,S04,K08,21
2026-10-07,S05,K01,10
2026-10-07,S05,K02,8
2026-10-07,S05,K03,14
2026-10-07,S05,K04,16
2026-10-07,S05,K05,20
2026-10-07,S05,K06,17
2026-10-07,S05,K07,19
2026-10-07,S05,K08,20
2026-10-07,S06,K01,9
2026-10-07,S06,K02,9
2026-10-07,S06,K03,15
2026-10-07,S06,K04,15
2026-10-07,S06,K05,21
2026-10-07,S06,K06,18
2026-10-07,S06,K07,22
2026-10-07,S06,K08,21
2026-10-07,S07,K01,10
2026-10-07,S07,K02,12
2026-10-07,S07,K03,18
2026-10-07,S07,K04,13
2026-10-07,S07,K05,19
2026-10-07,S07,K06,18
2026-10-07,S07,K07,25
2026-10-07,S07,K08,21
2026-10-07,S08,K01,13
2026-10-07,S08,K02,12
2026-10-07,S08,K03,16
2026-10-07,S08,K04,16
2026-10-07,S08,K05,20
2026-10-07,S08,K06,19
2026-10-07,S08,K07,24
2026-10-07,S08,K08,23
2026-10-07,S09,K01,11
2026-10-07,S09,K02,10
2026-10-07,S09,K03,17
2026-10-07,S09,K04,16
2026-10-07,S09,K05,21
2026-10-07,S09,K06,19
2026-10-07,S09,K07,25
2026-10-07,S09,K08,21
2026-10-07,S10,K01,11
2026-10-07,S10,K02,10
2026-10-07,S10,K03,16
2026-10-07,S10,K04,16
2026-10-07,S10,K05,22
2026-10-07,S10,K06,19
2026-10-07,S10,K07,26
2026-10-07,S10,K08,25
2026-10-07,S11,K01,12
2026-10-07,S11,K02,11
2026-10-07,S11,K03,18
2026-10-07,S11,K04,18
2026-10-07,S11,K05,23
2026-10-07,S11,K06,21
2026-10-07,S11,K07,26
2026-10-07,S11,K08,27
2026-10-07,S12,K01,12
2026-10-07,S12,K02,12
2026-10-07,S12,K03,17
2026-10-07,S12,K04,17
2026-10-07,S12,K05,23
2026-10-07,S12,K06,21
2026-10-07,S12,K07,28
2026-10-07,S12,K08,25
2026-10-08,S01,K01,10
2026-10-08,S01,K02,9
2026-10-08,S01,K03,11
2026-10-08,S01,K04,12
2026-10-08,S01,K05,17
2026-10-08,S01,K06,13
2026-10-08,S01,K07,20
2026-10-08,S01,K08,17
2026-10-08,S02,K01,10
2026-10-08,S02,K02,9
2026-10-08,S02,K03,14
2026-10-08,S02,K04,11
2026-10-08,S02,K05,15
2026-10-08,S02,K06,14
2026-10-08,S02,K07,19
2026-10-08,S02,K08,17
2026-10-08,S03,K01,9
2026-10-08,S03,K02,9
2026-10-08,S03,K03,15
2026-10-08,S03,K04,13
2026-10-08,S03,K05,18
2026-10-08,S03,K06,14
2026-10-08,S03,K07,22
2026-10-08,S03,K08,20
2026-10-08,S04,K01,10
2026-10-08,S04,K02,11
2026-10-08,S04,K03,14
2026-10-08,S04,K04,13
2026-10-08,S04,K05,18
2026-10-08,S04,K06,16
2026-10-08,S04,K07,23
2026-10-08,S04,K08,19
2026-10-08,S05,K01,12
2026-10-08,S05,K02,10
2026-10-08,S05,K03,15
2026-10-08,S05,K04,16
2026-10-08,S05,K05,20
2026-10-08,S05,K06,16
2026-10-08,S05,K07,20
2026-10-08,S05,K08,20
2026-10-08,S06,K01,10
2026-10-08,S06,K02,10
2026-10-08,S06,K03,16
2026-10-08,S06,K04,16
2026-10-08,S06,K05,18
2026-10-08,S06,K06,18
2026-10-08,S06,K07,22
2026-10-08,S06,K08,19
2026-10-08,S07,K01,12
2026-10-08,S07,K02,13
2026-10-08,S07,K03,17
2026-10-08,S07,K04,14
2026-10-08,S07,K05,18
2026-10-08,S07,K06,16
2026-10-08,S07,K07,25
2026-10-08,S07,K08,21
2026-10-08,S08,K01,14
2026-10-08,S08,K02,11
2026-10-08,S08,K03,17
2026-10-08,S08,K04,16
2026-10-08,S08,K05,19
2026-10-08,S08,K06,19
2026-10-08,S08,K07,24
2026-10-08,S08,K08,21
2026-10-08,S09,K01,12
2026-10-08,S09,K02,12
2026-10-08,S09,K03,17
2026-10-08,S09,K04,15
2026-10-08,S09,K05,19
2026-10-08,S09,K06,18
2026-10-08,S09,K07,25
2026-10-08,S09,K08,21
2026-10-08,S10,K01,13
2026-10-08,S10,K02,12
2026-10-08,S10,K03,17
2026-10-08,S10,K04,15
2026-10-08,S10,K05,21
2026-10-08,S10,K06,19
2026-10-08,S10,K07,26
2026-10-08,S10,K08,24
2026-10-08,S11,K01,14
2026-10-08,S11,K02,11
2026-10-08,S11,K03,17
2026-10-08,S11,K04,19
2026-10-08,S11,K05,23
2026-10-08,S11,K06,20
2026-10-08,S11,K07,29
2026-10-08,S11,K08,28
2026-10-08,S12,K01,14
2026-10-08,S12,K02,13
2026-10-08,S12,K03,17
2026-10-08,S12,K04,17
2026-10-08,S12,K05,23
2026-10-08,S12,K06,20
2026-10-08,S12,K07,27
2026-10-08,S12,K08,25
2026-10-09,S01,K01,10
2026-10-09,S01,K02,8
2026-10-09,S01,K03,12
2026-10-09,S01,K04,12
2026-10-09,S01,K05,16
2026-10-09,S01,K06,14
2026-10-09,S01,K07,19
2026-10-09,S01,K08,17
2026-10-09,S02,K01,10
2026-10-09,S02,K02,9
2026-10-09,S02,K03,15
2026-10-09,S02,K04,11
2026-10-09,S02,K05,16
2026-10-09,S02,K06,14
2026-10-09,S02,K07,19
2026-10-09,S02,K08,17
2026-10-09,S03,K01,9
2026-10-09,S03,K02,10
2026-10-09,S03,K03,15
2026-10-09,S03,K04,13
2026-10-09,S03,K05,18
2026-10-09,S03,K06,14
2026-10-09,S03,K07,23
2026-10-09,S03,K08,20
2026-10-09,S04,K01,10
2026-10-09,S04,K02,11
2026-10-09,S04,K03,15
2026-10-09,S04,K04,13
2026-10-09,S04,K05,18
2026-10-09,S04,K06,16
2026-10-09,S04,K07,23
2026-10-09,S04,K08,18
2026-10-09,S05,K01,12
2026-10-09,S05,K02,10
2026-10-09,S05,K03,15
2026-10-09,S05,K04,18
2026-10-09,S05,K05,20
2026-10-09,S05,K06,14
2026-10-09,S05,K07,20
2026-10-09,S05,K08,20
2026-10-09,S06,K01,10
2026-10-09,S06,K02,10
2026-10-09,S06,K03,17
2026-10-09,S06,K04,16
2026-10-09,S06,K05,18
2026-10-09,S06,K06,17
2026-10-09,S06,K07,21
2026-10-09,S06,K08,19
2026-10-09,S07,K01,14
2026-10-09,S07,K02,13
2026-10-09,S07,K03,16
2026-10-09,S07,K04,14
2026-10-09,S07,K05,18
2026-10-09,S07,K06,15
2026-10-09,S07,K07,25
2026-10-09,S07,K08,21
2026-10-09,S08,K01,14
2026-10-09,S08,K02,11
2026-10-09,S08,K03,17
2026-10-09,S08,K04,16
2026-10-09,S08,K05,19
2026-10-09,S08,K06,19
2026-10-09,S08,K07,23
2026-10-09,S08,K08,21
2026-10-09,S09,K01,12
2026-10-09,S09,K02,12
2026-10-09,S09,K03,17
2026-10-09,S09,K04,16
2026-10-09,S09,K05,19
2026-10-09,S09,K06,18
2026-10-09,S09,K07,24
2026-10-09,S09,K08,21
2026-10-09,S10,K01,13
2026-10-09,S10,K02,12
2026-10-09,S10,K03,18
2026-10-09,S10,K04,15
2026-10-09,S10,K05,21
2026-10-09,S10,K06,18
2026-10-09,S10,K07,25
2026-10-09,S10,K08,25
2026-10-09,S11,K01,13
2026-10-09,S11,K02,12
2026-10-09,S11,K03,17
2026-10-09,S11,K04,19
2026-10-09,S11,K05,23
2026-10-09,S11,K06,20
2026-10-09,S11,K07,28
2026-10-09,S11,K08,27
2026-10-09,S12,K01,14
2026-10-09,S12,K02,13
2026-10-09,S12,K03,18
2026-10-09,S12,K04,17
2026-10-09,S12,K05,25
2026-10-09,S12,K06,21
2026-10-09,S12,K07,25
2026-10-09,S12,K08,24
2026-10-10,S01,K01,6
2026-10-10,S01,K02,7
2026-10-10,S01,K03,12
2026-10-10,S01,K04,13
2026-10-10,S01,K05,17
2026-10-10,S01,K06,17
2026-10-10,S01,K07,20
2026-10-10,S01,K08,20
2026-10-10,S02,K01,6
2026-10-10,S02,K02,8
2026-10-10,S02,K03,13
2026-10-10,S02,K04,12
2026-10-10,S02,K05,17
2026-10-10,S02,K06,17
2026-10-10,S02,K07,21
2026-10-10,S02,K08,21
2026-10-10,S03,K01,6
2026-10-10,S03,K02,8
2026-10-10,S03,K03,14
2026-10-10,S03,K04,12
2026-10-10,S03,K05,18
2026-10-10,S03,K06,17
2026-10-10,S03,K07,25
2026-10-10,S03,K08,23
2026-10-10,S04,K01,6
2026-10-10,S04,K02,9
2026-10-10,S04,K03,14
2026-10-10,S04,K04,13
2026-10-10,S04,K05,21
2026-10-10,S04,K06,20
2026-10-10,S04,K07,22
2026-10-10,S04,K08,21
2026-10-10,S05,K01,7
2026-10-10,S05,K02,8
2026-10-10,S05,K03,13
2026-10-10,S05,K04,17
2026-10-10,S05,K05,21
2026-10-10,S05,K06,17
2026-10-10,S05,K07,19
2026-10-10,S05,K08,22
2026-10-10,S06,K01,8
2026-10-10,S06,K02,11
2026-10-10,S06,K03,16
2026-10-10,S06,K04,13
2026-10-10,S06,K05,19
2026-10-10,S06,K06,19
2026-10-10,S06,K07,23
2026-10-10,S06,K08,22
2026-10-10,S07,K01,9
2026-10-10,S07,K02,11
2026-10-10,S07,K03,14
2026-10-10,S07,K04,13
2026-10-10,S07,K05,19
2026-10-10,S07,K06,19
2026-10-10,S07,K07,26
2026-10-10,S07,K08,23
2026-10-10,S08,K01,7
2026-10-10,S08,K02,9
2026-10-10,S08,K03,16
2026-10-10,S08,K04,16
2026-10-10,S08,K05,20
2026-10-10,S08,K06,20
2026-10-10,S08,K07,25
2026-10-10,S08,K08,24
2026-10-10,S09,K01,9
2026-10-10,S09,K02,10
2026-10-10,S09,K03,16
2026-10-10,S09,K04,16
2026-10-10,S09,K05,20
2026-10-10,S09,K06,21
2026-10-10,S09,K07,26
2026-10-10,S09,K08,23
2026-10-10,S10,K01,9
2026-10-10,S10,K02,9
2026-10-10,S10,K03,16
2026-10-10,S10,K04,16
2026-10-10,S10,K05,22
2026-10-10,S10,K06,21
2026-10-10,S10,K07,26
2026-10-10,S10,K08,28
2026-10-10,S11,K01,8
2026-10-10,S11,K02,10
2026-10-10,S11,K03,17
2026-10-10,S11,K04,18
2026-10-10,S11,K05,23
2026-10-10,S11,K06,24
2026-10-10,S11,K07,29
2026-10-10,S11,K08,27
2026-10-10,S12,K01,10
2026-10-10,S12,K02,11
2026-10-10,S12,K03,16
2026-10-10,S12,K04,16
2026-10-10,S12,K05,25
2026-10-10,S12,K06,23
2026-10-10,S12,K07,27
2026-10-10,S12,K08,26
2026-10-11,S01,K01,6
2026-10-11,S01,K02,7
2026-10-11,S01,K03,12
2026-10-11,S01,K04,13
2026-10-11,S01,K05,17
2026-10-11,S01,K06,16
2026-10-11,S01,K07,20
2026-10-11,S01,K08,20
2026-10-11,S02,K01,6
2026-10-11,S02,K02,8
2026-10-11,S02,K03,13
2026-10-11,S02,K04,12
2026-10-11,S02,K05,17
2026-10-11,S02,K06,16
2026-10-11,S02,K07,21
2026-10-11,S02,K08,21
2026-10-11,S03,K01,6
2026-10-11,S03,K02,8
2026-10-11,S03,K03,14
2026-10-11,S03,K04,12
2026-10-11,S03,K05,19
2026-10-11,S03,K06,18
2026-10-11,S03,K07,25
2026-10-11,S03,K08,21
2026-10-11,S04,K01,7
2026-10-11,S04,K02,9
2026-10-11,S04,K03,13
2026-10-11,S04,K04,14
2026-10-11,S04,K05,21
2026-10-11,S04,K06,19
2026-10-11,S04,K07,22
2026-10-11,S04,K08,22
2026-10-11,S05,K01,7
2026-10-11,S05,K02,8
2026-10-11,S05,K03,15
2026-10-11,S05,K04,18
2026-10-11,S05,K05,19
2026-10-11,S05,K06,16
2026-10-11,S05,K07,19
2026-10-11,S05,K08,22
2026-10-11,S06,K01,8
2026-10-11,S06,K02,11
2026-10-11,S06,K03,16
2026-10-11,S06,K04,13
2026-10-11,S06,K05,19
2026-10-11,S06,K06,18
2026-10-11,S06,K07,23
2026-10-11,S06,K08,23
2026-10-11,S07,K01,9
2026-10-11,S07,K02,9
2026-10-11,S07,K03,14
2026-10-11,S07,K04,13
2026-10-11,S07,K05,19
2026-10-11,S07,K06,18
2026-10-11,S07,K07,26
2026-10-11,S07,K08,24
2026-10-11,S08,K01,8
2026-10-11,S08,K02,9
2026-10-11,S08,K03,15
2026-10-11,S08,K04,16
2026-10-11,S08,K05,20
2026-10-11,S08,K06,20
2026-10-11,S08,K07,25
2026-10-11,S08,K08,24
2026-10-11,S09,K01,9
2026-10-11,S09,K02,10
2026-10-11,S09,K03,16
2026-10-11,S09,K04,16
2026-10-11,S09,K05,21
2026-10-11,S09,K06,20
2026-10-11,S09,K07,26
2026-10-11,S09,K08,23
2026-10-11,S10,K01,9
2026-10-11,S10,K02,9
2026-10-11,S10,K03,16
2026-10-11,S10,K04,16
2026-10-11,S10,K05,22
2026-10-11,S10,K06,20
2026-10-11,S10,K07,29
2026-10-11,S10,K08,29
2026-10-11,S11,K01,8
2026-10-11,S11,K02,10
2026-10-11,S11,K03,17
2026-10-11,S11,K04,18
2026-10-11,S11,K05,23
2026-10-11,S11,K06,24
2026-10-11,S11,K07,29
2026-10-11,S11,K08,27
2026-10-11,S12,K01,10
2026-10-11,S12,K02,11
2026-10-11,S12,K03,16
2026-10-11,S12,K04,18
2026-10-11,S12,K05,25
2026-10-11,S12,K06,20
2026-10-11,S12,K07,27
2026-10-11,S12,K08,27
2026-10-12,S01,K01,10
2026-10-12,S01,K02,9
2026-10-12,S01,K03,12
2026-10-12,S01,K04,11
2026-10-12,S01,K05,16
2026-10-12,S01,K06,14
2026-10-12,S01,K07,19
2026-10-12,S01,K08,17
2026-10-12,S02,K01,10
2026-10-12,S02,K02,9
2026-10-12,S02,K03,14
2026-10-12,S02,K04,11
2026-10-12,S02,K05,15
2026-10-12,S02,K06,14
2026-10-12,S02,K07,21
2026-10-12,S02,K08,19
2026-10-12,S03,K01,9
2026-10-12,S03,K02,10
2026-10-12,S03,K03,15
2026-10-12,S03,K04,12
2026-10-12,S03,K05,17
2026-10-12,S03,K06,16
2026-10-12,S03,K07,23
2026-10-12,S03,K08,18
2026-10-12,S04,K01,10
2026-10-12,S04,K02,11
2026-10-12,S04,K03,15
2026-10-12,S04,K04,14
2026-10-12,S04,K05,20
2026-10-12,S04,K06,15
2026-10-12,S04,K07,21
2026-10-12,S04,K08,19
2026-10-12,S05,K01,13
2026-10-12,S05,K02,10
2026-10-12,S05,K03,17
2026-10-12,S05,K04,17
2026-10-12,S05,K05,18
2026-10-12,S05,K06,14
2026-10-12,S05,K07,20
2026-10-12,S05,K08,20
2026-10-12,S06,K01,12
2026-10-12,S06,K02,12
2026-10-12,S06,K03,15
2026-10-12,S06,K04,14
2026-10-12,S06,K05,18
2026-10-12,S06,K06,17
2026-10-12,S06,K07,22
2026-10-12,S06,K08,19
2026-10-12,S07,K01,14
2026-10-12,S07,K02,11
2026-10-12,S07,K03,16
2026-10-12,S07,K04,14
2026-10-12,S07,K05,18
2026-10-12,S07,K06,16
2026-10-12,S07,K07,25
2026-10-12,S07,K08,21
2026-10-12,S08,K01,12
2026-10-12,S08,K02,11
2026-10-12,S08,K03,17
2026-10-12,S08,K04,16
2026-10-12,S08,K05,18
2026-10-12,S08,K06,19
2026-10-12,S08,K07,23
2026-10-12,S08,K08,21
2026-10-12,S09,K01,12
2026-10-12,S09,K02,12
2026-10-12,S09,K03,17
2026-10-12,S09,K04,15
2026-10-12,S09,K05,19
2026-10-12,S09,K06,18
2026-10-12,S09,K07,25
2026-10-12,S09,K08,23
2026-10-12,S10,K01,13
2026-10-12,S10,K02,12
2026-10-12,S10,K03,17
2026-10-12,S10,K04,14
2026-10-12,S10,K05,21
2026-10-12,S10,K06,18
2026-10-12,S10,K07,28
2026-10-12,S10,K08,25
2026-10-12,S11,K01,13
2026-10-12,S11,K02,12
2026-10-12,S11,K03,17
2026-10-12,S11,K04,18
2026-10-12,S11,K05,25
2026-10-12,S11,K06,22
2026-10-12,S11,K07,26
2026-10-12,S11,K08,26
2026-10-12,S12,K01,14
2026-10-12,S12,K02,13
2026-10-12,S12,K03,18
2026-10-12,S12,K04,18
2026-10-12,S12,K05,24
2026-10-12,S12,K06,19
2026-10-12,S12,K07,25
2026-10-12,S12,K08,25
2026-10-13,S01,K01,10
2026-10-13,S01,K02,8
2026-10-13,S01,K03,12
2026-10-13,S01,K04,11
2026-10-13,S01,K05,17
2026-10-13,S01,K06,13
2026-10-13,S01,K07,19
2026-10-13,S01,K08,19
2026-10-13,S02,K01,10
2026-10-13,S02,K02,8
2026-10-13,S02,K03,15
2026-10-13,S02,K04,11
2026-10-13,S02,K05,16
2026-10-13,S02,K06,14
2026-10-13,S02,K07,20
2026-10-13,S02,K08,19
2026-10-13,S03,K01,9
2026-10-13,S03,K02,9
2026-10-13,S03,K03,15
2026-10-13,S03,K04,12
2026-10-13,S03,K05,20
2026-10-13,S03,K06,16
2026-10-13,S03,K07,21
2026-10-13,S03,K08,18
2026-10-13,S04,K01,10
2026-10-13,S04,K02,11
2026-10-13,S04,K03,15
2026-10-13,S04,K04,14
2026-10-13,S04,K05,20
2026-10-13,S04,K06,14
2026-10-13,S04,K07,21
2026-10-13,S04,K08,19
2026-10-13,S05,K01,13
2026-10-13,S05,K02,12
2026-10-13,S05,K03,17
2026-10-13,S05,K04,15
2026-10-13,S05,K05,18
2026-10-13,S05,K06,14
2026-10-13,S05,K07,20
2026-10-13,S05,K08,20
2026-10-13,S06,K01,12
2026-10-13,S06,K02,12
2026-10-13,S06,K03,15
2026-10-13,S06,K04,14
2026-10-13,S06,K05,18
2026-10-13,S06,K06,17
2026-10-13,S06,K07,21
2026-10-13,S06,K08,19
2026-10-13,S07,K01,13
2026-10-13,S07,K02,11
2026-10-13,S07,K03,16
2026-10-13,S07,K04,14
2026-10-13,S07,K05,18
2026-10-13,S07,K06,15
2026-10-13,S07,K07,25
2026-10-13,S07,K08,21
2026-10-13,S08,K01,12
2026-10-13,S08,K02,11
2026-10-13,S08,K03,17
2026-10-13,S08,K04,16
2026-10-13,S08,K05,19
2026-10-13,S08,K06,19
2026-10-13,S08,K07,23
2026-10-13,S08,K08,21
2026-10-13,S09,K01,12
2026-10-13,S09,K02,12
2026-10-13,S09,K03,18
2026-10-13,S09,K04,15
2026-10-13,S09,K05,19
2026-10-13,S09,K06,18
2026-10-13,S09,K07,24
2026-10-13,S09,K08,23
2026-10-13,S10,K01,13
2026-10-13,S10,K02,12
2026-10-13,S10,K03,18
2026-10-13,S10,K04,14
2026-10-13,S10,K05,21
2026-10-13,S10,K06,20
2026-10-13,S10,K07,27
2026-10-13,S10,K08,24
2026-10-13,S11,K01,14
2026-10-13,S11,K02,11
2026-10-13,S11,K03,18
2026-10-13,S11,K04,18
2026-10-13,S11,K05,25
2026-10-13,S11,K06,21
2026-10-13,S11,K07,26
2026-10-13,S11,K08,26
2026-10-13,S12,K01,14
2026-10-13,S12,K02,13
2026-10-13,S12,K03,20
2026-10-13,S12,K04,18
2026-10-13,S12,K05,23
2026-10-13,S12,K06,19
2026-10-13,S12,K07,25
2026-10-13,S12,K08,25
2026-10-14,S01,K01,9
2026-10-14,S01,K02,8
2026-10-14,S01,K03,12
2026-10-14,S01,K04,12
2026-10-14,S01,K05,17
2026-10-14,S01,K06,14
2026-10-14,S01,K07,19
2026-10-14,S01,K08,19
2026-10-14,S02,K01,10
2026-10-14,S02,K02,8
2026-10-14,S02,K03,14
2026-10-14,S02,K04,11
2026-10-14,S02,K05,16
2026-10-14,S02,K06,16
2026-10-14,S02,K07,21
2026-10-14,S02,K08,17
2026-10-14,S03,K01,9
2026-10-14,S03,K02,9
2026-10-14,S03,K03,15
2026-10-14,S03,K04,12
2026-10-14,S03,K05,20
2026-10-14,S03,K06,16
2026-10-14,S03,K07,21
2026-10-14,S03,K08,18
2026-10-14,S04,K01,10
2026-10-14,S04,K02,10
2026-10-14,S04,K03,16
2026-10-14,S04,K04,15
2026-10-14,S04,K05,19
2026-10-14,S04,K06,15
2026-10-14,S04,K07,21
2026-10-14,S04,K08,19
2026-10-14,S05,K01,12
2026-10-14,S05,K02,12
2026-10-14,S05,K03,17
2026-10-14,S05,K04,16
2026-10-14,S05,K05,19
2026-10-14,S05,K06,15
2026-10-14,S05,K07,20
2026-10-14,S05,K08,20
2026-10-14,S06,K01,12
2026-10-14,S06,K02,9
2026-10-14,S06,K03,15
2026-10-14,S06,K04,14
2026-10-14,S06,K05,19
2026-10-14,S06,K06,18
2026-10-14,S06,K07,22
2026-10-14,S06,K08,19
2026-10-14,S07,K01,12
2026-10-14,S07,K02,11
2026-10-14,S07,K03,16
2026-10-14,S07,K04,14
2026-10-14,S07,K05,19
2026-10-14,S07,K06,16
2026-10-14,S07,K07,25
2026-10-14,S07,K08,21
2026-10-14,S08,K01,12
2026-10-14,S08,K02,11
2026-10-14,S08,K03,17
2026-10-14,S08,K04,16
2026-10-14,S08,K05,19
2026-10-14,S08,K06,19
2026-10-14,S08,K07,23
2026-10-14,S08,K08,21
2026-10-14,S09,K01,11
2026-10-14,S09,K02,11
2026-10-14,S09,K03,17
2026-10-14,S09,K04,15
2026-10-14,S09,K05,20
2026-10-14,S09,K06,18
2026-10-14,S09,K07,26
2026-10-14,S09,K08,23
2026-10-14,S10,K01,12
2026-10-14,S10,K02,11
2026-10-14,S10,K03,17
2026-10-14,S10,K04,15
2026-10-14,S10,K05,22
2026-10-14,S10,K06,20
2026-10-14,S10,K07,28
2026-10-14,S10,K08,23
2026-10-14,S11,K01,13
2026-10-14,S11,K02,11
2026-10-14,S11,K03,17
2026-10-14,S11,K04,21
2026-10-14,S11,K05,25
2026-10-14,S11,K06,20
2026-10-14,S11,K07,26
2026-10-14,S11,K08,25
2026-10-14,S12,K01,13
2026-10-14,S12,K02,12
2026-10-14,S12,K03,19
2026-10-14,S12,K04,18
2026-10-14,S12,K05,23
2026-10-14,S12,K06,19
2026-10-14,S12,K07,25
2026-10-14,S12,K08,25
