truck_id,item_id,support_id,external_load_kg,top_area_m2,load_limit_kg
TR0001,G2-0001,FLOOR,24.0,0.0875,43.75
TR0001,G2-0002,G2-0001,16.0,0.0875,43.75
TR0001,G2-0003,G2-0002,8.0,0.0875,43.75
TR0001,G2-0004,G2-0003,0.0,0.0875,43.75
TR0001,G1-0001,FLOOR,24.0,0.12,60.0
TR0001,G1-0002,G1-0001,12.0,0.12,60.0
TR0001,G1-0003,G1-0002,0.0,0.12,60.0
TR0001,G5-0001,FLOOR,18.0,0.16,80.0
TR0001,G5-0002,G5-0001,0.0,0.16,80.0
TR0001,G3-0001,FLOOR,0.0,0.2,100.0
TR0001,G4-0001,FLOOR,25.0,0.48,240.0
TR0001,G4-0002,G4-0001,0.0,0.48,240.0
