service_date,zone_id,available_at,kind,rain_mm
2026-05-01,Z1,2026-04-30T16:00:00,forecast,7.99
2026-05-01,Z1,2026-05-02T09:00:00,observed,9.92
2026-05-01,Z2,2026-04-30T16:00:00,forecast,0
2026-05-01,Z2,2026-05-02T09:00:00,observed,5.35
2026-05-01,Z3,2026-04-30T16:00:00,forecast,7.47
2026-05-01,Z3,2026-05-02T09:00:00,observed,2.58
2026-05-02,Z1,2026-05-01T16:00:00,forecast,1.74
2026-05-02,Z1,2026-05-03T09:00:00,observed,3.62
2026-05-02,Z2,2026-05-01T16:00:00,forecast,1.63
2026-05-02,Z2,2026-05-03T09:00:00,observed,0.1
2026-05-02,Z3,2026-05-01T16:00:00,forecast,7.49
2026-05-02,Z3,2026-05-03T09:00:00,observed,3.53
2026-05-03,Z1,2026-05-02T16:00:00,forecast,11.52
2026-05-03,Z1,2026-05-04T09:00:00,observed,7.45
2026-05-03,Z2,2026-05-02T16:00:00,forecast,1.25
2026-05-03,Z2,2026-05-04T09:00:00,observed,5.05
2026-05-03,Z3,2026-05-02T16:00:00,forecast,0.63
2026-05-03,Z3,2026-05-04T09:00:00,observed,4.23
2026-05-04,Z1,2026-05-03T16:00:00,forecast,7.07
2026-05-04,Z1,2026-05-05T09:00:00,observed,6.34
2026-05-04,Z2,2026-05-03T16:00:00,forecast,4.45
2026-05-04,Z2,2026-05-05T09:00:00,observed,1.94
2026-05-04,Z3,2026-05-03T16:00:00,forecast,1.21
2026-05-04,Z3,2026-05-05T09:00:00,observed,0
2026-05-05,Z1,2026-05-04T16:00:00,forecast,2.56
2026-05-05,Z1,2026-05-06T09:00:00,observed,3.38
2026-05-05,Z2,2026-05-04T16:00:00,forecast,9.37
2026-05-05,Z2,2026-05-06T09:00:00,observed,4.53
2026-05-05,Z3,2026-05-04T16:00:00,forecast,1.19
2026-05-05,Z3,2026-05-06T09:00:00,observed,2.75
2026-05-06,Z1,2026-05-05T16:00:00,forecast,7.1
2026-05-06,Z1,2026-05-07T09:00:00,observed,1.44
2026-05-06,Z2,2026-05-05T16:00:00,forecast,2.94
2026-05-06,Z2,2026-05-07T09:00:00,observed,1.57
2026-05-06,Z3,2026-05-05T16:00:00,forecast,12.15
2026-05-06,Z3,2026-05-07T09:00:00,observed,9.6
2026-05-07,Z1,2026-05-06T16:00:00,forecast,0.79
2026-05-07,Z1,2026-05-08T09:00:00,observed,4.61
2026-05-07,Z2,2026-05-06T16:00:00,forecast,0
2026-05-07,Z2,2026-05-08T09:00:00,observed,4.02
2026-05-07,Z3,2026-05-06T16:00:00,forecast,5.12
2026-05-07,Z3,2026-05-08T09:00:00,observed,7.74
2026-05-08,Z1,2026-05-07T16:00:00,forecast,5.72
2026-05-08,Z1,2026-05-09T09:00:00,observed,7.76
2026-05-08,Z2,2026-05-07T16:00:00,forecast,0.45
2026-05-08,Z2,2026-05-09T09:00:00,observed,4.99
2026-05-08,Z3,2026-05-07T16:00:00,forecast,19.78
2026-05-08,Z3,2026-05-09T09:00:00,observed,15.04
2026-05-09,Z1,2026-05-08T16:00:00,forecast,0.21
2026-05-09,Z1,2026-05-10T09:00:00,observed,0
2026-05-09,Z2,2026-05-08T16:00:00,forecast,12.89
2026-05-09,Z2,2026-05-10T09:00:00,observed,15.3
2026-05-09,Z3,2026-05-08T16:00:00,forecast,14.67
2026-05-09,Z3,2026-05-10T09:00:00,observed,15.03
2026-05-10,Z1,2026-05-09T16:00:00,forecast,7.13
2026-05-10,Z1,2026-05-11T09:00:00,observed,5.2
2026-05-10,Z2,2026-05-09T16:00:00,forecast,6.11
2026-05-10,Z2,2026-05-11T09:00:00,observed,8.34
2026-05-10,Z3,2026-05-09T16:00:00,forecast,8.46
2026-05-10,Z3,2026-05-11T09:00:00,observed,11.09
2026-05-11,Z1,2026-05-10T16:00:00,forecast,7.11
2026-05-11,Z1,2026-05-12T09:00:00,observed,5.74
2026-05-11,Z2,2026-05-10T16:00:00,forecast,17.71
2026-05-11,Z2,2026-05-12T09:00:00,observed,16.19
2026-05-11,Z3,2026-05-10T16:00:00,forecast,12.7
2026-05-11,Z3,2026-05-12T09:00:00,observed,12.85
2026-05-12,Z1,2026-05-11T16:00:00,forecast,18.6
2026-05-12,Z1,2026-05-13T09:00:00,observed,8.5
2026-05-12,Z2,2026-05-11T16:00:00,forecast,
2026-05-12,Z2,2026-05-13T09:00:00,observed,8.38
2026-05-12,Z3,2026-05-11T16:00:00,forecast,15.67
2026-05-12,Z3,2026-05-13T09:00:00,observed,13.75
2026-05-13,Z1,2026-05-12T16:00:00,forecast,6.53
2026-05-13,Z1,2026-05-14T09:00:00,observed,11.16
2026-05-13,Z2,2026-05-12T16:00:00,forecast,14.48
2026-05-13,Z2,2026-05-14T09:00:00,observed,10.08
2026-05-13,Z3,2026-05-12T16:00:00,forecast,8.44
2026-05-13,Z3,2026-05-14T09:00:00,observed,7.86
2026-05-14,Z1,2026-05-13T16:00:00,forecast,11.42
2026-05-14,Z1,2026-05-15T09:00:00,observed,9.94
2026-05-14,Z2,2026-05-13T16:00:00,forecast,7.4
2026-05-14,Z2,2026-05-15T09:00:00,observed,9.07
2026-05-14,Z3,2026-05-13T16:00:00,forecast,2.85
2026-05-14,Z3,2026-05-15T09:00:00,observed,3.11
2026-05-15,Z1,2026-05-14T16:00:00,forecast,16.22
2026-05-15,Z1,2026-05-16T09:00:00,observed,13.27
2026-05-15,Z2,2026-05-14T16:00:00,forecast,14.42
2026-05-15,Z2,2026-05-16T09:00:00,observed,12.44
2026-05-15,Z3,2026-05-14T16:00:00,forecast,1.67
2026-05-15,Z3,2026-05-16T09:00:00,observed,6.22
2026-05-16,Z1,2026-05-15T16:00:00,forecast,17.55
2026-05-16,Z1,2026-05-17T09:00:00,observed,15.52
2026-05-16,Z2,2026-05-15T16:00:00,forecast,15.29
2026-05-16,Z2,2026-05-17T09:00:00,observed,9.4
2026-05-16,Z3,2026-05-15T16:00:00,forecast,9.12
2026-05-16,Z3,2026-05-17T09:00:00,observed,4.8
2026-05-17,Z1,2026-05-16T16:00:00,forecast,4.26
2026-05-17,Z1,2026-05-18T09:00:00,observed,9.14
2026-05-17,Z2,2026-05-16T16:00:00,forecast,10.58
2026-05-17,Z2,2026-05-18T09:00:00,observed,3.9
2026-05-17,Z3,2026-05-16T16:00:00,forecast,5.27
2026-05-17,Z3,2026-05-18T09:00:00,observed,7.63
2026-05-18,Z1,2026-05-17T16:00:00,forecast,8.07
2026-05-18,Z1,2026-05-19T09:00:00,observed,4.92
2026-05-18,Z2,2026-05-17T16:00:00,forecast,2.76
2026-05-18,Z2,2026-05-19T09:00:00,observed,3.81
2026-05-18,Z3,2026-05-17T16:00:00,forecast,3.84
2026-05-18,Z3,2026-05-19T09:00:00,observed,7.12
2026-05-19,Z1,2026-05-18T16:00:00,forecast,17.49
2026-05-19,Z1,2026-05-20T09:00:00,observed,9.31
2026-05-19,Z2,2026-05-18T16:00:00,forecast,3.19
2026-05-19,Z2,2026-05-20T09:00:00,observed,5.29
2026-05-19,Z3,2026-05-18T16:00:00,forecast,0.87
2026-05-19,Z3,2026-05-20T09:00:00,observed,3.07
2026-05-20,Z1,2026-05-19T16:00:00,forecast,10.44
2026-05-20,Z1,2026-05-21T09:00:00,observed,8.12
2026-05-20,Z2,2026-05-19T16:00:00,forecast,0.68
2026-05-20,Z2,2026-05-21T09:00:00,observed,0
2026-05-20,Z3,2026-05-19T16:00:00,forecast,3.2
2026-05-20,Z3,2026-05-21T09:00:00,observed,4.96
2026-05-21,Z1,2026-05-20T16:00:00,forecast,9.84
2026-05-21,Z1,2026-05-22T09:00:00,observed,7.97
2026-05-21,Z2,2026-05-20T16:00:00,forecast,10.47
2026-05-21,Z2,2026-05-22T09:00:00,observed,4.95
2026-05-21,Z3,2026-05-20T16:00:00,forecast,4.19
2026-05-21,Z3,2026-05-22T09:00:00,observed,6.22
2026-05-22,Z1,2026-05-21T16:00:00,forecast,
2026-05-22,Z1,2026-05-23T09:00:00,observed,0
2026-05-22,Z2,2026-05-21T16:00:00,forecast,7.22
2026-05-22,Z2,2026-05-23T09:00:00,observed,1.92
2026-05-22,Z3,2026-05-21T16:00:00,forecast,2.69
2026-05-22,Z3,2026-05-23T09:00:00,observed,0
2026-05-23,Z1,2026-05-22T16:00:00,forecast,0.93
2026-05-23,Z1,2026-05-24T09:00:00,observed,0
2026-05-23,Z2,2026-05-22T16:00:00,forecast,5.97
2026-05-23,Z2,2026-05-24T09:00:00,observed,0
2026-05-23,Z3,2026-05-22T16:00:00,forecast,0
2026-05-23,Z3,2026-05-24T09:00:00,observed,4.5
2026-05-24,Z1,2026-05-23T16:00:00,forecast,4.17
2026-05-24,Z1,2026-05-25T09:00:00,observed,4.45
2026-05-24,Z2,2026-05-23T16:00:00,forecast,3.97
2026-05-24,Z2,2026-05-25T09:00:00,observed,1.55
2026-05-24,Z3,2026-05-23T16:00:00,forecast,4.32
2026-05-24,Z3,2026-05-25T09:00:00,observed,5.67
2026-05-25,Z1,2026-05-24T16:00:00,forecast,1.19
2026-05-25,Z1,2026-05-26T09:00:00,observed,0
2026-05-25,Z2,2026-05-24T16:00:00,forecast,5.6
2026-05-25,Z2,2026-05-26T09:00:00,observed,6.33
2026-05-25,Z3,2026-05-24T16:00:00,forecast,5.7
2026-05-25,Z3,2026-05-26T09:00:00,observed,9.09
2026-05-26,Z1,2026-05-25T16:00:00,forecast,0
2026-05-26,Z1,2026-05-27T09:00:00,observed,3.47
2026-05-26,Z2,2026-05-25T16:00:00,forecast,8.77
2026-05-26,Z2,2026-05-27T09:00:00,observed,4.47
2026-05-26,Z3,2026-05-25T16:00:00,forecast,9.4
2026-05-26,Z3,2026-05-27T09:00:00,observed,10.38
2026-05-27,Z1,2026-05-26T16:00:00,forecast,3.48
2026-05-27,Z1,2026-05-28T09:00:00,observed,1.24
2026-05-27,Z2,2026-05-26T16:00:00,forecast,9.72
2026-05-27,Z2,2026-05-28T09:00:00,observed,7.59
2026-05-27,Z3,2026-05-26T16:00:00,forecast,8.05
2026-05-27,Z3,2026-05-28T09:00:00,observed,11.07
2026-05-28,Z1,2026-05-27T16:00:00,forecast,0
2026-05-28,Z1,2026-05-29T09:00:00,observed,5.81
2026-05-28,Z2,2026-05-27T16:00:00,forecast,9.6
2026-05-28,Z2,2026-05-29T09:00:00,observed,6.88
2026-05-28,Z3,2026-05-27T16:00:00,forecast,13.28
2026-05-28,Z3,2026-05-29T09:00:00,observed,11.53
2026-05-29,Z1,2026-05-28T16:00:00,forecast,8.46
2026-05-29,Z1,2026-05-30T09:00:00,observed,8.95
2026-05-29,Z2,2026-05-28T16:00:00,forecast,9.31
2026-05-29,Z2,2026-05-30T09:00:00,observed,15.06
2026-05-29,Z3,2026-05-28T16:00:00,forecast,7.53
2026-05-29,Z3,2026-05-30T09:00:00,observed,9.97
2026-05-30,Z1,2026-05-29T16:00:00,forecast,9.74
2026-05-30,Z1,2026-05-31T09:00:00,observed,7.62
2026-05-30,Z2,2026-05-29T16:00:00,forecast,0
2026-05-30,Z2,2026-05-31T09:00:00,observed,6.33
2026-05-30,Z3,2026-05-29T16:00:00,forecast,16.2
2026-05-30,Z3,2026-05-31T09:00:00,observed,13.11
2026-05-31,Z1,2026-05-30T16:00:00,forecast,15.77
2026-05-31,Z1,2026-06-01T09:00:00,observed,11.62
2026-05-31,Z2,2026-05-30T16:00:00,forecast,11.15
2026-05-31,Z2,2026-06-01T09:00:00,observed,7.11
2026-05-31,Z3,2026-05-30T16:00:00,forecast,0.75
2026-05-31,Z3,2026-06-01T09:00:00,observed,5.57
2026-06-01,Z1,2026-05-31T16:00:00,forecast,13.41
2026-06-01,Z1,2026-06-02T09:00:00,observed,8.77
2026-06-01,Z2,2026-05-31T16:00:00,forecast,8.48
2026-06-01,Z2,2026-06-02T09:00:00,observed,10.19
2026-06-01,Z3,2026-05-31T16:00:00,forecast,4.55
2026-06-01,Z3,2026-06-02T09:00:00,observed,3.87
2026-06-02,Z1,2026-06-01T16:00:00,forecast,
2026-06-02,Z1,2026-06-03T09:00:00,observed,15.14
2026-06-02,Z2,2026-06-01T16:00:00,forecast,9.55
2026-06-02,Z2,2026-06-03T09:00:00,observed,7.59
2026-06-02,Z3,2026-06-01T16:00:00,forecast,2.23
2026-06-02,Z3,2026-06-03T09:00:00,observed,3.67
2026-06-03,Z1,2026-06-02T16:00:00,forecast,5.41
2026-06-03,Z1,2026-06-04T09:00:00,observed,10.03
2026-06-03,Z2,2026-06-02T16:00:00,forecast,4.52
2026-06-03,Z2,2026-06-04T09:00:00,observed,6.91
2026-06-03,Z3,2026-06-02T16:00:00,forecast,2.58
2026-06-03,Z3,2026-06-04T09:00:00,observed,0
2026-06-04,Z1,2026-06-03T16:00:00,forecast,6.77
2026-06-04,Z1,2026-06-05T09:00:00,observed,4.41
2026-06-04,Z2,2026-06-03T16:00:00,forecast,7.44
2026-06-04,Z2,2026-06-05T09:00:00,observed,3.78
2026-06-04,Z3,2026-06-03T16:00:00,forecast,2.67
2026-06-04,Z3,2026-06-05T09:00:00,observed,6.54
2026-06-05,Z1,2026-06-04T16:00:00,forecast,10.97
2026-06-05,Z1,2026-06-06T09:00:00,observed,8.38
2026-06-05,Z2,2026-06-04T16:00:00,forecast,4.79
2026-06-05,Z2,2026-06-06T09:00:00,observed,4.19
2026-06-05,Z3,2026-06-04T16:00:00,forecast,0.95
2026-06-05,Z3,2026-06-06T09:00:00,observed,0
2026-06-06,Z1,2026-06-05T16:00:00,forecast,0
2026-06-06,Z1,2026-06-07T09:00:00,observed,5.56
2026-06-06,Z2,2026-06-05T16:00:00,forecast,3.52
2026-06-06,Z2,2026-06-07T09:00:00,observed,5.7
2026-06-06,Z3,2026-06-05T16:00:00,forecast,7.11
2026-06-06,Z3,2026-06-07T09:00:00,observed,2.03
2026-06-07,Z1,2026-06-06T16:00:00,forecast,8.85
2026-06-07,Z1,2026-06-08T09:00:00,observed,6.24
2026-06-07,Z2,2026-06-06T16:00:00,forecast,2.4
2026-06-07,Z2,2026-06-08T09:00:00,observed,0.58
2026-06-07,Z3,2026-06-06T16:00:00,forecast,0
2026-06-07,Z3,2026-06-08T09:00:00,observed,0
2026-06-08,Z1,2026-06-07T16:00:00,forecast,0
2026-06-08,Z1,2026-06-09T09:00:00,observed,0.7
2026-06-08,Z2,2026-06-07T16:00:00,forecast,3.62
2026-06-08,Z2,2026-06-09T09:00:00,observed,4.98
2026-06-08,Z3,2026-06-07T16:00:00,forecast,0
2026-06-08,Z3,2026-06-09T09:00:00,observed,2.39
2026-06-09,Z1,2026-06-08T16:00:00,forecast,0
2026-06-09,Z1,2026-06-10T09:00:00,observed,1.9
2026-06-09,Z2,2026-06-08T16:00:00,forecast,0
2026-06-09,Z2,2026-06-10T09:00:00,observed,3.2
2026-06-09,Z3,2026-06-08T16:00:00,forecast,9.85
2026-06-09,Z3,2026-06-10T09:00:00,observed,7.5
2026-06-10,Z1,2026-06-09T16:00:00,forecast,1.09
2026-06-10,Z1,2026-06-11T09:00:00,observed,4.56
2026-06-10,Z2,2026-06-09T16:00:00,forecast,8.37
2026-06-10,Z2,2026-06-11T09:00:00,observed,2.8
2026-06-10,Z3,2026-06-09T16:00:00,forecast,11.32
2026-06-10,Z3,2026-06-11T09:00:00,observed,11.43
2026-06-11,Z1,2026-06-10T16:00:00,forecast,0.97
2026-06-11,Z1,2026-06-12T09:00:00,observed,0
2026-06-11,Z2,2026-06-10T16:00:00,forecast,0
2026-06-11,Z2,2026-06-12T09:00:00,observed,3.83
2026-06-11,Z3,2026-06-10T16:00:00,forecast,14.6
2026-06-11,Z3,2026-06-12T09:00:00,observed,12.96
2026-06-12,Z1,2026-06-11T16:00:00,forecast,1.92
2026-06-12,Z1,2026-06-13T09:00:00,observed,2.41
2026-06-12,Z2,2026-06-11T16:00:00,forecast,14.16
2026-06-12,Z2,2026-06-13T09:00:00,observed,9.01
2026-06-12,Z3,2026-06-11T16:00:00,forecast,
2026-06-12,Z3,2026-06-13T09:00:00,observed,12.4
2026-06-13,Z1,2026-06-12T16:00:00,forecast,5.74
2026-06-13,Z1,2026-06-14T09:00:00,observed,6.08
2026-06-13,Z2,2026-06-12T16:00:00,forecast,12.02
2026-06-13,Z2,2026-06-14T09:00:00,observed,12.52
2026-06-13,Z3,2026-06-12T16:00:00,forecast,11.95
2026-06-13,Z3,2026-06-14T09:00:00,observed,10.61
2026-06-14,Z1,2026-06-13T16:00:00,forecast,17.02
2026-06-14,Z1,2026-06-15T09:00:00,observed,9.64
2026-06-14,Z2,2026-06-13T16:00:00,forecast,4.27
2026-06-14,Z2,2026-06-15T09:00:00,observed,5.85
2026-06-14,Z3,2026-06-13T16:00:00,forecast,12.37
2026-06-14,Z3,2026-06-15T09:00:00,observed,17.41
2026-06-15,Z1,2026-06-14T16:00:00,forecast,2.51
2026-06-15,Z1,2026-06-16T09:00:00,observed,8.31
2026-06-15,Z2,2026-06-14T16:00:00,forecast,2.87
2026-06-15,Z2,2026-06-16T09:00:00,observed,6.6
2026-06-15,Z3,2026-06-14T16:00:00,forecast,10.23
2026-06-15,Z3,2026-06-16T09:00:00,observed,11.96
2026-06-16,Z1,2026-06-15T16:00:00,forecast,9.26
2026-06-16,Z1,2026-06-17T09:00:00,observed,11.37
2026-06-16,Z2,2026-06-15T16:00:00,forecast,4.93
2026-06-16,Z2,2026-06-17T09:00:00,observed,5.4
2026-06-16,Z3,2026-06-15T16:00:00,forecast,8.03
2026-06-16,Z3,2026-06-17T09:00:00,observed,11.58
2026-06-17,Z1,2026-06-16T16:00:00,forecast,11.14
2026-06-17,Z1,2026-06-18T09:00:00,observed,9.71
2026-06-17,Z2,2026-06-16T16:00:00,forecast,8.57
2026-06-17,Z2,2026-06-18T09:00:00,observed,13.48
2026-06-17,Z3,2026-06-16T16:00:00,forecast,1.16
2026-06-17,Z3,2026-06-18T09:00:00,observed,1.68
2026-06-18,Z1,2026-06-17T16:00:00,forecast,19.66
2026-06-18,Z1,2026-06-19T09:00:00,observed,11.3
2026-06-18,Z2,2026-06-17T16:00:00,forecast,8.22
2026-06-18,Z2,2026-06-19T09:00:00,observed,6.28
2026-06-18,Z3,2026-06-17T16:00:00,forecast,1.07
2026-06-18,Z3,2026-06-19T09:00:00,observed,2.59
2026-06-19,Z1,2026-06-18T16:00:00,forecast,6.16
2026-06-19,Z1,2026-06-20T09:00:00,observed,10.83
2026-06-19,Z2,2026-06-18T16:00:00,forecast,14.21
2026-06-19,Z2,2026-06-20T09:00:00,observed,14.42
2026-06-19,Z3,2026-06-18T16:00:00,forecast,2.52
2026-06-19,Z3,2026-06-20T09:00:00,observed,3.6
2026-06-20,Z1,2026-06-19T16:00:00,forecast,3.99
2026-06-20,Z1,2026-06-21T09:00:00,observed,5.98
2026-06-20,Z2,2026-06-19T16:00:00,forecast,11.79
2026-06-20,Z2,2026-06-21T09:00:00,observed,7.82
2026-06-20,Z3,2026-06-19T16:00:00,forecast,5.56
2026-06-20,Z3,2026-06-21T09:00:00,observed,2.87
2026-06-21,Z1,2026-06-20T16:00:00,forecast,12.91
2026-06-21,Z1,2026-06-22T09:00:00,observed,11.37
2026-06-21,Z2,2026-06-20T16:00:00,forecast,3.64
2026-06-21,Z2,2026-06-22T09:00:00,observed,0.28
2026-06-21,Z3,2026-06-20T16:00:00,forecast,8.13
2026-06-21,Z3,2026-06-22T09:00:00,observed,0
2026-06-22,Z1,2026-06-21T16:00:00,forecast,3.99
2026-06-22,Z1,2026-06-23T09:00:00,observed,7.08
2026-06-22,Z2,2026-06-21T16:00:00,forecast,7.88
2026-06-22,Z2,2026-06-23T09:00:00,observed,4.03
2026-06-22,Z3,2026-06-21T16:00:00,forecast,0
2026-06-22,Z3,2026-06-23T09:00:00,observed,0
2026-06-23,Z1,2026-06-22T16:00:00,forecast,13.22
2026-06-23,Z1,2026-06-24T09:00:00,observed,7.53
2026-06-23,Z2,2026-06-22T16:00:00,forecast,2.22
2026-06-23,Z2,2026-06-24T09:00:00,observed,0
2026-06-23,Z3,2026-06-22T16:00:00,forecast,2.19
2026-06-23,Z3,2026-06-24T09:00:00,observed,1.94
2026-06-24,Z1,2026-06-23T16:00:00,forecast,11.05
2026-06-24,Z1,2026-06-25T09:00:00,observed,3.59
2026-06-24,Z2,2026-06-23T16:00:00,forecast,0
2026-06-24,Z2,2026-06-25T09:00:00,observed,2.45
2026-06-24,Z3,2026-06-23T16:00:00,forecast,4.21
2026-06-24,Z3,2026-06-25T09:00:00,observed,5.62
2026-06-25,Z1,2026-06-24T16:00:00,forecast,6.97
2026-06-25,Z1,2026-06-26T09:00:00,observed,0.48
2026-06-25,Z2,2026-06-24T16:00:00,forecast,1.68
2026-06-25,Z2,2026-06-26T09:00:00,observed,2.66
2026-06-25,Z3,2026-06-24T16:00:00,forecast,0
2026-06-25,Z3,2026-06-26T09:00:00,observed,4.6
2026-06-26,Z1,2026-06-25T16:00:00,forecast,8.07
2026-06-26,Z1,2026-06-27T09:00:00,observed,1.22
2026-06-26,Z2,2026-06-25T16:00:00,forecast,0
2026-06-26,Z2,2026-06-27T09:00:00,observed,0.13
2026-06-26,Z3,2026-06-25T16:00:00,forecast,4.04
2026-06-26,Z3,2026-06-27T09:00:00,observed,6.99
2026-06-27,Z1,2026-06-26T16:00:00,forecast,7.5
2026-06-27,Z1,2026-06-28T09:00:00,observed,2.32
2026-06-27,Z2,2026-06-26T16:00:00,forecast,0
2026-06-27,Z2,2026-06-28T09:00:00,observed,5.33
2026-06-27,Z3,2026-06-26T16:00:00,forecast,6.56
2026-06-27,Z3,2026-06-28T09:00:00,observed,7.73
2026-06-28,Z1,2026-06-27T16:00:00,forecast,3.06
2026-06-28,Z1,2026-06-29T09:00:00,observed,0
2026-06-28,Z2,2026-06-27T16:00:00,forecast,0
2026-06-28,Z2,2026-06-29T09:00:00,observed,1.71
2026-06-28,Z3,2026-06-27T16:00:00,forecast,12.21
2026-06-28,Z3,2026-06-29T09:00:00,observed,13.23
2026-06-29,Z1,2026-06-28T16:00:00,forecast,1.2
2026-06-29,Z1,2026-06-30T09:00:00,observed,2.28
2026-06-29,Z2,2026-06-28T16:00:00,forecast,5.82
2026-06-29,Z2,2026-06-30T09:00:00,observed,5.78
2026-06-29,Z3,2026-06-28T16:00:00,forecast,13.94
2026-06-29,Z3,2026-06-30T09:00:00,observed,12.62
2026-06-30,Z1,2026-06-29T16:00:00,forecast,18.97
2026-06-30,Z1,2026-07-01T09:00:00,observed,10.65
2026-06-30,Z2,2026-06-29T16:00:00,forecast,10.55
2026-06-30,Z2,2026-07-01T09:00:00,observed,11.38
2026-06-30,Z3,2026-06-29T16:00:00,forecast,17.57
2026-06-30,Z3,2026-07-01T09:00:00,observed,11.64
2026-07-01,Z1,2026-06-30T16:00:00,forecast,6.89
2026-07-01,Z1,2026-07-02T09:00:00,observed,8.58
2026-07-01,Z2,2026-06-30T16:00:00,forecast,15.7
2026-07-01,Z2,2026-07-02T09:00:00,observed,14.86
2026-07-01,Z3,2026-06-30T16:00:00,forecast,12.35
2026-07-01,Z3,2026-07-02T09:00:00,observed,13.05
2026-07-02,Z1,2026-07-01T16:00:00,forecast,5.77
2026-07-02,Z1,2026-07-03T09:00:00,observed,4.41
2026-07-02,Z2,2026-07-01T16:00:00,forecast,12.97
2026-07-02,Z2,2026-07-03T09:00:00,observed,12.99
2026-07-02,Z3,2026-07-01T16:00:00,forecast,12.79
2026-07-02,Z3,2026-07-03T09:00:00,observed,7.68
2026-07-03,Z1,2026-07-02T16:00:00,forecast,9.17
2026-07-03,Z1,2026-07-04T09:00:00,observed,6.03
2026-07-03,Z2,2026-07-02T16:00:00,forecast,8.91
2026-07-03,Z2,2026-07-04T09:00:00,observed,10.8
2026-07-03,Z3,2026-07-02T16:00:00,forecast,8.61
2026-07-03,Z3,2026-07-04T09:00:00,observed,8.12
2026-07-04,Z1,2026-07-03T16:00:00,forecast,13.03
2026-07-04,Z1,2026-07-05T09:00:00,observed,14.8
2026-07-04,Z2,2026-07-03T16:00:00,forecast,8.77
2026-07-04,Z2,2026-07-05T09:00:00,observed,6.53
2026-07-04,Z3,2026-07-03T16:00:00,forecast,4.63
2026-07-04,Z3,2026-07-05T09:00:00,observed,1.02
2026-07-05,Z1,2026-07-04T16:00:00,forecast,9.79
2026-07-05,Z1,2026-07-06T09:00:00,observed,7.82
2026-07-05,Z2,2026-07-04T16:00:00,forecast,6.86
2026-07-05,Z2,2026-07-06T09:00:00,observed,7.73
2026-07-05,Z3,2026-07-04T16:00:00,forecast,4.11
2026-07-05,Z3,2026-07-06T09:00:00,observed,4.33
2026-07-06,Z1,2026-07-05T16:00:00,forecast,13.27
2026-07-06,Z1,2026-07-07T09:00:00,observed,9.19
2026-07-06,Z2,2026-07-05T16:00:00,forecast,11.16
2026-07-06,Z2,2026-07-07T09:00:00,observed,6.31
2026-07-06,Z3,2026-07-05T16:00:00,forecast,4.85
2026-07-06,Z3,2026-07-07T09:00:00,observed,0
2026-07-07,Z1,2026-07-06T16:00:00,forecast,13.11
2026-07-07,Z1,2026-07-08T09:00:00,observed,8.94
2026-07-07,Z2,2026-07-06T16:00:00,forecast,7.48
2026-07-07,Z2,2026-07-08T09:00:00,observed,6.52
2026-07-07,Z3,2026-07-06T16:00:00,forecast,3.16
2026-07-07,Z3,2026-07-08T09:00:00,observed,0
2026-07-08,Z1,2026-07-07T16:00:00,forecast,4.49
2026-07-08,Z1,2026-07-09T09:00:00,observed,2.91
2026-07-08,Z2,2026-07-07T16:00:00,forecast,0
2026-07-08,Z2,2026-07-09T09:00:00,observed,3.21
2026-07-08,Z3,2026-07-07T16:00:00,forecast,0.33
2026-07-08,Z3,2026-07-09T09:00:00,observed,2.09
2026-07-09,Z1,2026-07-08T16:00:00,forecast,6.95
2026-07-09,Z1,2026-07-10T09:00:00,observed,6.54
2026-07-09,Z2,2026-07-08T16:00:00,forecast,0
2026-07-09,Z2,2026-07-10T09:00:00,observed,2.06
2026-07-09,Z3,2026-07-08T16:00:00,forecast,6.79
2026-07-09,Z3,2026-07-10T09:00:00,observed,5.7
2026-07-10,Z1,2026-07-09T16:00:00,forecast,4.12
2026-07-10,Z1,2026-07-11T09:00:00,observed,0.85
2026-07-10,Z2,2026-07-09T16:00:00,forecast,3.08
2026-07-10,Z2,2026-07-11T09:00:00,observed,1.67
2026-07-10,Z3,2026-07-09T16:00:00,forecast,0
2026-07-10,Z3,2026-07-11T09:00:00,observed,1.03
2026-07-11,Z1,2026-07-10T16:00:00,forecast,7.62
2026-07-11,Z1,2026-07-12T09:00:00,observed,6.33
2026-07-11,Z2,2026-07-10T16:00:00,forecast,7.93
2026-07-11,Z2,2026-07-12T09:00:00,observed,5.08
2026-07-11,Z3,2026-07-10T16:00:00,forecast,4.92
2026-07-11,Z3,2026-07-12T09:00:00,observed,4.61
2026-07-12,Z1,2026-07-11T16:00:00,forecast,2.56
2026-07-12,Z1,2026-07-13T09:00:00,observed,2.69
2026-07-12,Z2,2026-07-11T16:00:00,forecast,0
2026-07-12,Z2,2026-07-13T09:00:00,observed,0.95
2026-07-12,Z3,2026-07-11T16:00:00,forecast,0
2026-07-12,Z3,2026-07-13T09:00:00,observed,4.48
2026-07-13,Z1,2026-07-12T16:00:00,forecast,0
2026-07-13,Z1,2026-07-14T09:00:00,observed,1.34
2026-07-13,Z2,2026-07-12T16:00:00,forecast,8.39
2026-07-13,Z2,2026-07-14T09:00:00,observed,2.37
2026-07-13,Z3,2026-07-12T16:00:00,forecast,0.1
2026-07-13,Z3,2026-07-14T09:00:00,observed,1.24
2026-07-14,Z1,2026-07-13T16:00:00,forecast,9.6
2026-07-14,Z1,2026-07-15T09:00:00,observed,3.55
2026-07-14,Z2,2026-07-13T16:00:00,forecast,6.2
2026-07-14,Z2,2026-07-15T09:00:00,observed,2.0
2026-07-14,Z3,2026-07-13T16:00:00,forecast,5.73
2026-07-14,Z3,2026-07-15T09:00:00,observed,11.82
2026-07-15,Z1,2026-07-14T16:00:00,forecast,0
2026-07-15,Z1,2026-07-16T09:00:00,observed,0.28
2026-07-15,Z2,2026-07-14T16:00:00,forecast,9.17
2026-07-15,Z2,2026-07-16T09:00:00,observed,8.75
2026-07-15,Z3,2026-07-14T16:00:00,forecast,9.5
2026-07-15,Z3,2026-07-16T09:00:00,observed,8.59
2026-07-16,Z1,2026-07-15T16:00:00,forecast,9.14
2026-07-16,Z1,2026-07-17T09:00:00,observed,9.28
2026-07-16,Z2,2026-07-15T16:00:00,forecast,11.81
2026-07-16,Z2,2026-07-17T09:00:00,observed,9.26
2026-07-16,Z3,2026-07-15T16:00:00,forecast,10.63
2026-07-16,Z3,2026-07-17T09:00:00,observed,10.08
2026-07-17,Z1,2026-07-16T16:00:00,forecast,0
2026-07-17,Z1,2026-07-18T09:00:00,observed,0.17
2026-07-17,Z2,2026-07-16T16:00:00,forecast,
2026-07-17,Z2,2026-07-18T09:00:00,observed,8.77
2026-07-17,Z3,2026-07-16T16:00:00,forecast,17.13
2026-07-17,Z3,2026-07-18T09:00:00,observed,13.14
2026-07-18,Z1,2026-07-17T16:00:00,forecast,12.05
2026-07-18,Z1,2026-07-19T09:00:00,observed,10.89
2026-07-18,Z2,2026-07-17T16:00:00,forecast,19.01
2026-07-18,Z2,2026-07-19T09:00:00,observed,15.18
2026-07-18,Z3,2026-07-17T16:00:00,forecast,18.04
2026-07-18,Z3,2026-07-19T09:00:00,observed,17.78
2026-07-19,Z1,2026-07-18T16:00:00,forecast,17.23
2026-07-19,Z1,2026-07-20T09:00:00,observed,10.53
2026-07-19,Z2,2026-07-18T16:00:00,forecast,13.65
2026-07-19,Z2,2026-07-20T09:00:00,observed,10.37
2026-07-19,Z3,2026-07-18T16:00:00,forecast,4.1
2026-07-19,Z3,2026-07-20T09:00:00,observed,6.62
2026-07-20,Z1,2026-07-19T16:00:00,forecast,11.69
2026-07-20,Z1,2026-07-21T09:00:00,observed,8.84
2026-07-20,Z2,2026-07-19T16:00:00,forecast,10.64
2026-07-20,Z2,2026-07-21T09:00:00,observed,13.19
2026-07-20,Z3,2026-07-19T16:00:00,forecast,10.97
2026-07-20,Z3,2026-07-21T09:00:00,observed,11.12
2026-07-21,Z1,2026-07-20T16:00:00,forecast,15.62
2026-07-21,Z1,2026-07-22T09:00:00,observed,11.39
2026-07-21,Z2,2026-07-20T16:00:00,forecast,7.75
2026-07-21,Z2,2026-07-22T09:00:00,observed,11.46
2026-07-21,Z3,2026-07-20T16:00:00,forecast,16.51
2026-07-21,Z3,2026-07-22T09:00:00,observed,10.71
2026-07-22,Z1,2026-07-21T16:00:00,forecast,5.27
2026-07-22,Z1,2026-07-23T09:00:00,observed,12.96
2026-07-22,Z2,2026-07-21T16:00:00,forecast,5.04
2026-07-22,Z2,2026-07-23T09:00:00,observed,9.12
2026-07-22,Z3,2026-07-21T16:00:00,forecast,4.16
2026-07-22,Z3,2026-07-23T09:00:00,observed,5.74
2026-07-23,Z1,2026-07-22T16:00:00,forecast,12.35
2026-07-23,Z1,2026-07-24T09:00:00,observed,11.12
2026-07-23,Z2,2026-07-22T16:00:00,forecast,0
2026-07-23,Z2,2026-07-24T09:00:00,observed,3.37
2026-07-23,Z3,2026-07-22T16:00:00,forecast,1.08
2026-07-23,Z3,2026-07-24T09:00:00,observed,2.43
2026-07-24,Z1,2026-07-23T16:00:00,forecast,7.57
2026-07-24,Z1,2026-07-25T09:00:00,observed,8.98
2026-07-24,Z2,2026-07-23T16:00:00,forecast,10.29
2026-07-24,Z2,2026-07-25T09:00:00,observed,6.68
2026-07-24,Z3,2026-07-23T16:00:00,forecast,4.15
2026-07-24,Z3,2026-07-25T09:00:00,observed,3.93
2026-07-25,Z1,2026-07-24T16:00:00,forecast,5.26
2026-07-25,Z1,2026-07-26T09:00:00,observed,6.57
2026-07-25,Z2,2026-07-24T16:00:00,forecast,10.89
2026-07-25,Z2,2026-07-26T09:00:00,observed,10.77
2026-07-25,Z3,2026-07-24T16:00:00,forecast,2.24
2026-07-25,Z3,2026-07-26T09:00:00,observed,0
2026-07-26,Z1,2026-07-25T16:00:00,forecast,0.48
2026-07-26,Z1,2026-07-27T09:00:00,observed,9.3
2026-07-26,Z2,2026-07-25T16:00:00,forecast,0
2026-07-26,Z2,2026-07-27T09:00:00,observed,5.65
2026-07-26,Z3,2026-07-25T16:00:00,forecast,7.52
2026-07-26,Z3,2026-07-27T09:00:00,observed,1.99
2026-07-27,Z1,2026-07-26T16:00:00,forecast,5.22
2026-07-27,Z1,2026-07-28T09:00:00,observed,7.3
2026-07-27,Z2,2026-07-26T16:00:00,forecast,0
2026-07-27,Z2,2026-07-28T09:00:00,observed,0
2026-07-27,Z3,2026-07-26T16:00:00,forecast,
2026-07-27,Z3,2026-07-28T09:00:00,observed,5.33
2026-07-28,Z1,2026-07-27T16:00:00,forecast,5.65
2026-07-28,Z1,2026-07-29T09:00:00,observed,1.6
2026-07-28,Z2,2026-07-27T16:00:00,forecast,0
2026-07-28,Z2,2026-07-29T09:00:00,observed,0
2026-07-28,Z3,2026-07-27T16:00:00,forecast,0.65
2026-07-28,Z3,2026-07-29T09:00:00,observed,4.9
2026-07-29,Z1,2026-07-28T16:00:00,forecast,
2026-07-29,Z1,2026-07-30T09:00:00,observed,0
2026-07-29,Z2,2026-07-28T16:00:00,forecast,5.99
2026-07-29,Z2,2026-07-30T09:00:00,observed,6.9
2026-07-29,Z3,2026-07-28T16:00:00,forecast,3.95
2026-07-29,Z3,2026-07-30T09:00:00,observed,3.14
2026-07-30,Z1,2026-07-29T16:00:00,forecast,2.24
2026-07-30,Z1,2026-07-31T09:00:00,observed,4.69
2026-07-30,Z2,2026-07-29T16:00:00,forecast,3.75
2026-07-30,Z2,2026-07-31T09:00:00,observed,1.56
2026-07-30,Z3,2026-07-29T16:00:00,forecast,9.23
2026-07-30,Z3,2026-07-31T09:00:00,observed,8.19
2026-07-31,Z1,2026-07-30T16:00:00,forecast,3.29
2026-07-31,Z1,2026-08-01T09:00:00,observed,6.79
2026-07-31,Z2,2026-07-30T16:00:00,forecast,16.59
2026-07-31,Z2,2026-08-01T09:00:00,observed,9.32
2026-07-31,Z3,2026-07-30T16:00:00,forecast,7.1
2026-07-31,Z3,2026-08-01T09:00:00,observed,11.21
2026-08-01,Z1,2026-07-31T16:00:00,forecast,0
2026-08-01,Z1,2026-08-02T09:00:00,observed,0
2026-08-01,Z2,2026-07-31T16:00:00,forecast,2.62
2026-08-01,Z2,2026-08-02T09:00:00,observed,2.57
2026-08-01,Z3,2026-07-31T16:00:00,forecast,0
2026-08-01,Z3,2026-08-02T09:00:00,observed,4.55
2026-08-02,Z1,2026-08-01T16:00:00,forecast,0
2026-08-02,Z1,2026-08-03T09:00:00,observed,0
2026-08-02,Z2,2026-08-01T16:00:00,forecast,15.89
2026-08-02,Z2,2026-08-03T09:00:00,observed,8.93
2026-08-02,Z3,2026-08-01T16:00:00,forecast,6.7
2026-08-02,Z3,2026-08-03T09:00:00,observed,5.37
2026-08-03,Z1,2026-08-02T16:00:00,forecast,2.98
2026-08-03,Z1,2026-08-04T09:00:00,observed,3.39
2026-08-03,Z2,2026-08-02T16:00:00,forecast,8.41
2026-08-03,Z2,2026-08-04T09:00:00,observed,10.09
2026-08-03,Z3,2026-08-02T16:00:00,forecast,17.87
2026-08-03,Z3,2026-08-04T09:00:00,observed,12.36
2026-08-04,Z1,2026-08-03T16:00:00,forecast,10.88
2026-08-04,Z1,2026-08-05T09:00:00,observed,8.37
2026-08-04,Z2,2026-08-03T16:00:00,forecast,16.06
2026-08-04,Z2,2026-08-05T09:00:00,observed,9.55
2026-08-04,Z3,2026-08-03T16:00:00,forecast,
2026-08-04,Z3,2026-08-05T09:00:00,observed,10.12
2026-08-05,Z1,2026-08-04T16:00:00,forecast,9.97
2026-08-05,Z1,2026-08-06T09:00:00,observed,8.96
2026-08-05,Z2,2026-08-04T16:00:00,forecast,10.71
2026-08-05,Z2,2026-08-06T09:00:00,observed,10.3
2026-08-05,Z3,2026-08-04T16:00:00,forecast,9.41
2026-08-05,Z3,2026-08-06T09:00:00,observed,6.2
2026-08-06,Z1,2026-08-05T16:00:00,forecast,7.8
2026-08-06,Z1,2026-08-07T09:00:00,observed,7.99
2026-08-06,Z2,2026-08-05T16:00:00,forecast,9.31
2026-08-06,Z2,2026-08-07T09:00:00,observed,12.27
2026-08-06,Z3,2026-08-05T16:00:00,forecast,12.37
2026-08-06,Z3,2026-08-07T09:00:00,observed,11.95
2026-08-07,Z1,2026-08-06T16:00:00,forecast,18.54
2026-08-07,Z1,2026-08-08T09:00:00,observed,10.91
2026-08-07,Z2,2026-08-06T16:00:00,forecast,11.6
2026-08-07,Z2,2026-08-08T09:00:00,observed,10.35
2026-08-07,Z3,2026-08-06T16:00:00,forecast,9.79
2026-08-07,Z3,2026-08-08T09:00:00,observed,3.69
2026-08-08,Z1,2026-08-07T16:00:00,forecast,7.24
2026-08-08,Z1,2026-08-09T09:00:00,observed,9.5
2026-08-08,Z2,2026-08-07T16:00:00,forecast,17.39
2026-08-08,Z2,2026-08-09T09:00:00,observed,15.05
2026-08-08,Z3,2026-08-07T16:00:00,forecast,14.19
2026-08-08,Z3,2026-08-09T09:00:00,observed,11.44
2026-08-09,Z1,2026-08-08T16:00:00,forecast,6.79
2026-08-09,Z1,2026-08-10T09:00:00,observed,8.62
2026-08-09,Z2,2026-08-08T16:00:00,forecast,6.65
2026-08-09,Z2,2026-08-10T09:00:00,observed,0
2026-08-09,Z3,2026-08-08T16:00:00,forecast,11.33
2026-08-09,Z3,2026-08-10T09:00:00,observed,6.45
2026-08-10,Z1,2026-08-09T16:00:00,forecast,12.11
2026-08-10,Z1,2026-08-11T09:00:00,observed,11.71
2026-08-10,Z2,2026-08-09T16:00:00,forecast,15.37
2026-08-10,Z2,2026-08-11T09:00:00,observed,7.99
2026-08-10,Z3,2026-08-09T16:00:00,forecast,2.89
2026-08-10,Z3,2026-08-11T09:00:00,observed,2.54
2026-08-11,Z1,2026-08-10T16:00:00,forecast,9.38
2026-08-11,Z1,2026-08-12T09:00:00,observed,10.4
2026-08-11,Z2,2026-08-10T16:00:00,forecast,0
2026-08-11,Z2,2026-08-12T09:00:00,observed,3.89
2026-08-11,Z3,2026-08-10T16:00:00,forecast,3.74
2026-08-11,Z3,2026-08-12T09:00:00,observed,1.7
2026-08-12,Z1,2026-08-11T16:00:00,forecast,14.94
2026-08-12,Z1,2026-08-13T09:00:00,observed,8.64
2026-08-12,Z2,2026-08-11T16:00:00,forecast,0
2026-08-12,Z2,2026-08-13T09:00:00,observed,0
2026-08-12,Z3,2026-08-11T16:00:00,forecast,4.18
2026-08-12,Z3,2026-08-13T09:00:00,observed,0
2026-08-13,Z1,2026-08-12T16:00:00,forecast,6.58
2026-08-13,Z1,2026-08-14T09:00:00,observed,10.24
2026-08-13,Z2,2026-08-12T16:00:00,forecast,2.48
2026-08-13,Z2,2026-08-14T09:00:00,observed,0
2026-08-13,Z3,2026-08-12T16:00:00,forecast,
2026-08-13,Z3,2026-08-14T09:00:00,observed,1.17
2026-08-14,Z1,2026-08-13T16:00:00,forecast,3.01
2026-08-14,Z1,2026-08-15T09:00:00,observed,3.35
2026-08-14,Z2,2026-08-13T16:00:00,forecast,3.64
2026-08-14,Z2,2026-08-15T09:00:00,observed,3.59
2026-08-14,Z3,2026-08-13T16:00:00,forecast,0
2026-08-14,Z3,2026-08-15T09:00:00,observed,3.61
2026-08-15,Z1,2026-08-14T16:00:00,forecast,
2026-08-15,Z1,2026-08-16T09:00:00,observed,4.51
2026-08-15,Z2,2026-08-14T16:00:00,forecast,7.35
2026-08-15,Z2,2026-08-16T09:00:00,observed,3.74
2026-08-15,Z3,2026-08-14T16:00:00,forecast,6.81
2026-08-15,Z3,2026-08-16T09:00:00,observed,3.41
2026-08-16,Z1,2026-08-15T16:00:00,forecast,0.95
2026-08-16,Z1,2026-08-17T09:00:00,observed,3.58
2026-08-16,Z2,2026-08-15T16:00:00,forecast,8.22
2026-08-16,Z2,2026-08-17T09:00:00,observed,4.08
2026-08-16,Z3,2026-08-15T16:00:00,forecast,5.22
2026-08-16,Z3,2026-08-17T09:00:00,observed,4.15
2026-08-17,Z1,2026-08-16T16:00:00,forecast,9.07
2026-08-17,Z1,2026-08-18T09:00:00,observed,3.56
2026-08-17,Z2,2026-08-16T16:00:00,forecast,6.97
2026-08-17,Z2,2026-08-18T09:00:00,observed,3.07
2026-08-17,Z3,2026-08-16T16:00:00,forecast,10.13
2026-08-17,Z3,2026-08-18T09:00:00,observed,8.8
2026-08-18,Z1,2026-08-17T16:00:00,forecast,8.26
2026-08-18,Z1,2026-08-19T09:00:00,observed,8.33
2026-08-18,Z2,2026-08-17T16:00:00,forecast,7.13
2026-08-18,Z2,2026-08-19T09:00:00,observed,6.76
2026-08-18,Z3,2026-08-17T16:00:00,forecast,11.7
2026-08-18,Z3,2026-08-19T09:00:00,observed,8.61
2026-08-19,Z1,2026-08-18T16:00:00,forecast,1.22
2026-08-19,Z1,2026-08-20T09:00:00,observed,3.84
2026-08-19,Z2,2026-08-18T16:00:00,forecast,3.06
2026-08-19,Z2,2026-08-20T09:00:00,observed,5.22
2026-08-19,Z3,2026-08-18T16:00:00,forecast,10.16
2026-08-19,Z3,2026-08-20T09:00:00,observed,9.41
2026-08-20,Z1,2026-08-19T16:00:00,forecast,13.68
2026-08-20,Z1,2026-08-21T09:00:00,observed,12.66
2026-08-20,Z2,2026-08-19T16:00:00,forecast,9.13
2026-08-20,Z2,2026-08-21T09:00:00,observed,7.47
2026-08-20,Z3,2026-08-19T16:00:00,forecast,6.61
2026-08-20,Z3,2026-08-21T09:00:00,observed,8.04
2026-08-21,Z1,2026-08-20T16:00:00,forecast,9.91
2026-08-21,Z1,2026-08-22T09:00:00,observed,10.95
2026-08-21,Z2,2026-08-20T16:00:00,forecast,11.66
2026-08-21,Z2,2026-08-22T09:00:00,observed,7.37
2026-08-21,Z3,2026-08-20T16:00:00,forecast,7.85
2026-08-21,Z3,2026-08-22T09:00:00,observed,6.85
2026-08-22,Z1,2026-08-21T16:00:00,forecast,6.31
2026-08-22,Z1,2026-08-23T09:00:00,observed,8.04
2026-08-22,Z2,2026-08-21T16:00:00,forecast,21.7
2026-08-22,Z2,2026-08-23T09:00:00,observed,17.52
2026-08-22,Z3,2026-08-21T16:00:00,forecast,10.67
2026-08-22,Z3,2026-08-23T09:00:00,observed,10.47
2026-08-23,Z1,2026-08-22T16:00:00,forecast,7.58
2026-08-23,Z1,2026-08-24T09:00:00,observed,6.73
2026-08-23,Z2,2026-08-22T16:00:00,forecast,7.9
2026-08-23,Z2,2026-08-24T09:00:00,observed,9.66
2026-08-23,Z3,2026-08-22T16:00:00,forecast,8.18
2026-08-23,Z3,2026-08-24T09:00:00,observed,9.61
2026-08-24,Z1,2026-08-23T16:00:00,forecast,4.45
2026-08-24,Z1,2026-08-25T09:00:00,observed,6.15
2026-08-24,Z2,2026-08-23T16:00:00,forecast,6.76
2026-08-24,Z2,2026-08-25T09:00:00,observed,11.22
2026-08-24,Z3,2026-08-23T16:00:00,forecast,5.44
2026-08-24,Z3,2026-08-25T09:00:00,observed,1.68
2026-08-25,Z1,2026-08-24T16:00:00,forecast,12.46
2026-08-25,Z1,2026-08-26T09:00:00,observed,13.54
2026-08-25,Z2,2026-08-24T16:00:00,forecast,10.43
2026-08-25,Z2,2026-08-26T09:00:00,observed,8.87
2026-08-25,Z3,2026-08-24T16:00:00,forecast,3.91
2026-08-25,Z3,2026-08-26T09:00:00,observed,3.81
2026-08-26,Z1,2026-08-25T16:00:00,forecast,2.89
2026-08-26,Z1,2026-08-27T09:00:00,observed,4.68
2026-08-26,Z2,2026-08-25T16:00:00,forecast,6.47
2026-08-26,Z2,2026-08-27T09:00:00,observed,6.76
2026-08-26,Z3,2026-08-25T16:00:00,forecast,0
2026-08-26,Z3,2026-08-27T09:00:00,observed,0
2026-08-27,Z1,2026-08-26T16:00:00,forecast,6.35
2026-08-27,Z1,2026-08-28T09:00:00,observed,11.22
2026-08-27,Z2,2026-08-26T16:00:00,forecast,4.42
2026-08-27,Z2,2026-08-28T09:00:00,observed,7.84
2026-08-27,Z3,2026-08-26T16:00:00,forecast,0
2026-08-27,Z3,2026-08-28T09:00:00,observed,0
2026-08-28,Z1,2026-08-27T16:00:00,forecast,13.49
2026-08-28,Z1,2026-08-29T09:00:00,observed,11.55
2026-08-28,Z2,2026-08-27T16:00:00,forecast,5.54
2026-08-28,Z2,2026-08-29T09:00:00,observed,6.53
2026-08-28,Z3,2026-08-27T16:00:00,forecast,4.31
2026-08-28,Z3,2026-08-29T09:00:00,observed,3.23
2026-08-29,Z1,2026-08-28T16:00:00,forecast,13.04
2026-08-29,Z1,2026-08-30T09:00:00,observed,10.0
2026-08-29,Z2,2026-08-28T16:00:00,forecast,1.93
2026-08-29,Z2,2026-08-30T09:00:00,observed,5.5
2026-08-29,Z3,2026-08-28T16:00:00,forecast,1.29
2026-08-29,Z3,2026-08-30T09:00:00,observed,0
2026-08-30,Z1,2026-08-29T16:00:00,forecast,10.83
2026-08-30,Z1,2026-08-31T09:00:00,observed,9.63
2026-08-30,Z2,2026-08-29T16:00:00,forecast,2.62
2026-08-30,Z2,2026-08-31T09:00:00,observed,1.46
2026-08-30,Z3,2026-08-29T16:00:00,forecast,10.63
2026-08-30,Z3,2026-08-31T09:00:00,observed,7.01
2026-08-31,Z1,2026-08-30T16:00:00,forecast,6.65
2026-08-31,Z1,2026-09-01T09:00:00,observed,3.14
2026-08-31,Z2,2026-08-30T16:00:00,forecast,1.33
2026-08-31,Z2,2026-09-01T09:00:00,observed,0
2026-08-31,Z3,2026-08-30T16:00:00,forecast,5.35
2026-08-31,Z3,2026-09-01T09:00:00,observed,0.08
2026-09-01,Z1,2026-08-31T16:00:00,forecast,0
2026-09-01,Z1,2026-09-02T09:00:00,observed,0
2026-09-01,Z2,2026-08-31T16:00:00,forecast,3.08
2026-09-01,Z2,2026-09-02T09:00:00,observed,2.09
2026-09-01,Z3,2026-08-31T16:00:00,forecast,5.05
2026-09-01,Z3,2026-09-02T09:00:00,observed,2.49
2026-09-02,Z1,2026-09-01T16:00:00,forecast,0
2026-09-02,Z1,2026-09-03T09:00:00,observed,0
2026-09-02,Z2,2026-09-01T16:00:00,forecast,0
2026-09-02,Z2,2026-09-03T09:00:00,observed,0
2026-09-02,Z3,2026-09-01T16:00:00,forecast,12.13
2026-09-02,Z3,2026-09-03T09:00:00,observed,8.05
2026-09-03,Z1,2026-09-02T16:00:00,forecast,0
2026-09-03,Z1,2026-09-04T09:00:00,observed,0
2026-09-03,Z2,2026-09-02T16:00:00,forecast,6.28
2026-09-03,Z2,2026-09-04T09:00:00,observed,8.76
2026-09-03,Z3,2026-09-02T16:00:00,forecast,5.73
2026-09-03,Z3,2026-09-04T09:00:00,observed,5.82
2026-09-04,Z1,2026-09-03T16:00:00,forecast,1.12
2026-09-04,Z1,2026-09-05T09:00:00,observed,6.82
2026-09-04,Z2,2026-09-03T16:00:00,forecast,6.69
2026-09-04,Z2,2026-09-05T09:00:00,observed,7.98
2026-09-04,Z3,2026-09-03T16:00:00,forecast,4.96
2026-09-04,Z3,2026-09-05T09:00:00,observed,7.23
2026-09-05,Z1,2026-09-04T16:00:00,forecast,13.11
2026-09-05,Z1,2026-09-06T09:00:00,observed,11.44
2026-09-05,Z2,2026-09-04T16:00:00,forecast,9.04
2026-09-05,Z2,2026-09-06T09:00:00,observed,7.9
2026-09-05,Z3,2026-09-04T16:00:00,forecast,0
2026-09-05,Z3,2026-09-06T09:00:00,observed,5.0
2026-09-06,Z1,2026-09-05T16:00:00,forecast,7.69
2026-09-06,Z1,2026-09-07T09:00:00,observed,5.0
2026-09-06,Z2,2026-09-05T16:00:00,forecast,7.08
2026-09-06,Z2,2026-09-07T09:00:00,observed,9.02
2026-09-06,Z3,2026-09-05T16:00:00,forecast,17.16
2026-09-06,Z3,2026-09-07T09:00:00,observed,12.5
2026-09-07,Z1,2026-09-06T16:00:00,forecast,12.26
2026-09-07,Z1,2026-09-08T09:00:00,observed,10.06
2026-09-07,Z2,2026-09-06T16:00:00,forecast,15.12
2026-09-07,Z2,2026-09-08T09:00:00,observed,14.29
2026-09-07,Z3,2026-09-06T16:00:00,forecast,13.18
2026-09-07,Z3,2026-09-08T09:00:00,observed,10.48
2026-09-08,Z1,2026-09-07T16:00:00,forecast,7.35
2026-09-08,Z1,2026-09-09T09:00:00,observed,7.89
2026-09-08,Z2,2026-09-07T16:00:00,forecast,5.68
2026-09-08,Z2,2026-09-09T09:00:00,observed,3.76
2026-09-08,Z3,2026-09-07T16:00:00,forecast,10.3
2026-09-08,Z3,2026-09-09T09:00:00,observed,10.18
2026-09-09,Z1,2026-09-08T16:00:00,forecast,14.87
2026-09-09,Z1,2026-09-10T09:00:00,observed,9.01
2026-09-09,Z2,2026-09-08T16:00:00,forecast,19.74
2026-09-09,Z2,2026-09-10T09:00:00,observed,14.73
2026-09-09,Z3,2026-09-08T16:00:00,forecast,10.73
2026-09-09,Z3,2026-09-10T09:00:00,observed,9.41
2026-09-10,Z1,2026-09-09T16:00:00,forecast,12.16
2026-09-10,Z1,2026-09-11T09:00:00,observed,10.99
2026-09-10,Z2,2026-09-09T16:00:00,forecast,16.95
2026-09-10,Z2,2026-09-11T09:00:00,observed,11.83
2026-09-10,Z3,2026-09-09T16:00:00,forecast,1.05
2026-09-10,Z3,2026-09-11T09:00:00,observed,3.54
2026-09-11,Z1,2026-09-10T16:00:00,forecast,6.66
2026-09-11,Z1,2026-09-12T09:00:00,observed,11.38
2026-09-11,Z2,2026-09-10T16:00:00,forecast,13.65
2026-09-11,Z2,2026-09-12T09:00:00,observed,10.39
2026-09-11,Z3,2026-09-10T16:00:00,forecast,8.0
2026-09-11,Z3,2026-09-12T09:00:00,observed,7.2
2026-09-12,Z1,2026-09-11T16:00:00,forecast,
2026-09-12,Z1,2026-09-13T09:00:00,observed,12.32
2026-09-12,Z2,2026-09-11T16:00:00,forecast,1.77
2026-09-12,Z2,2026-09-13T09:00:00,observed,3.0
2026-09-12,Z3,2026-09-11T16:00:00,forecast,0
2026-09-12,Z3,2026-09-13T09:00:00,observed,3.65
2026-09-13,Z1,2026-09-12T16:00:00,forecast,14.42
2026-09-13,Z1,2026-09-14T09:00:00,observed,14.63
2026-09-13,Z2,2026-09-12T16:00:00,forecast,3.5
2026-09-13,Z2,2026-09-14T09:00:00,observed,3.77
2026-09-13,Z3,2026-09-12T16:00:00,forecast,0
2026-09-13,Z3,2026-09-14T09:00:00,observed,2.66
2026-09-14,Z1,2026-09-13T16:00:00,forecast,9.76
2026-09-14,Z1,2026-09-15T09:00:00,observed,12.35
2026-09-14,Z2,2026-09-13T16:00:00,forecast,0
2026-09-14,Z2,2026-09-15T09:00:00,observed,1.85
2026-09-14,Z3,2026-09-13T16:00:00,forecast,8.77
2026-09-14,Z3,2026-09-15T09:00:00,observed,1.85
2026-09-15,Z1,2026-09-14T16:00:00,forecast,7.81
2026-09-15,Z1,2026-09-16T09:00:00,observed,7.55
2026-09-15,Z2,2026-09-14T16:00:00,forecast,5.01
2026-09-15,Z2,2026-09-16T09:00:00,observed,2.88
2026-09-15,Z3,2026-09-14T16:00:00,forecast,
2026-09-15,Z3,2026-09-16T09:00:00,observed,6.84
2026-09-16,Z1,2026-09-15T16:00:00,forecast,2.97
2026-09-16,Z1,2026-09-17T09:00:00,observed,1.99
2026-09-16,Z2,2026-09-15T16:00:00,forecast,4.02
2026-09-16,Z2,2026-09-17T09:00:00,observed,1.3
2026-09-16,Z3,2026-09-15T16:00:00,forecast,5.02
2026-09-16,Z3,2026-09-17T09:00:00,observed,4.02
2026-09-17,Z1,2026-09-16T16:00:00,forecast,6.8
2026-09-17,Z1,2026-09-18T09:00:00,observed,4.09
2026-09-17,Z2,2026-09-16T16:00:00,forecast,2.49
2026-09-17,Z2,2026-09-18T09:00:00,observed,0
2026-09-17,Z3,2026-09-16T16:00:00,forecast,4.01
2026-09-17,Z3,2026-09-18T09:00:00,observed,5.35
2026-09-18,Z1,2026-09-17T16:00:00,forecast,0
2026-09-18,Z1,2026-09-19T09:00:00,observed,2.99
2026-09-18,Z2,2026-09-17T16:00:00,forecast,0
2026-09-18,Z2,2026-09-19T09:00:00,observed,0
2026-09-18,Z3,2026-09-17T16:00:00,forecast,8.7
2026-09-18,Z3,2026-09-19T09:00:00,observed,4.71
2026-09-19,Z1,2026-09-18T16:00:00,forecast,0.17
2026-09-19,Z1,2026-09-20T09:00:00,observed,0
2026-09-19,Z2,2026-09-18T16:00:00,forecast,2.87
2026-09-19,Z2,2026-09-20T09:00:00,observed,2.79
2026-09-19,Z3,2026-09-18T16:00:00,forecast,10.13
2026-09-19,Z3,2026-09-20T09:00:00,observed,6.76
2026-09-20,Z1,2026-09-19T16:00:00,forecast,8.44
2026-09-20,Z1,2026-09-21T09:00:00,observed,4.43
2026-09-20,Z2,2026-09-19T16:00:00,forecast,0
2026-09-20,Z2,2026-09-21T09:00:00,observed,1.59
2026-09-20,Z3,2026-09-19T16:00:00,forecast,12.22
2026-09-20,Z3,2026-09-21T09:00:00,observed,10.36
2026-09-21,Z1,2026-09-20T16:00:00,forecast,0
2026-09-21,Z1,2026-09-22T09:00:00,observed,1.3
2026-09-21,Z2,2026-09-20T16:00:00,forecast,
2026-09-21,Z2,2026-09-22T09:00:00,observed,7.33
2026-09-21,Z3,2026-09-20T16:00:00,forecast,13.5
2026-09-21,Z3,2026-09-22T09:00:00,observed,9.49
2026-09-22,Z1,2026-09-21T16:00:00,forecast,4.6
2026-09-22,Z1,2026-09-23T09:00:00,observed,4.08
2026-09-22,Z2,2026-09-21T16:00:00,forecast,8.74
2026-09-22,Z2,2026-09-23T09:00:00,observed,5.16
2026-09-22,Z3,2026-09-21T16:00:00,forecast,17.44
2026-09-22,Z3,2026-09-23T09:00:00,observed,14.64
2026-09-23,Z1,2026-09-22T16:00:00,forecast,5.13
2026-09-23,Z1,2026-09-24T09:00:00,observed,1.83
2026-09-23,Z2,2026-09-22T16:00:00,forecast,10.26
2026-09-23,Z2,2026-09-24T09:00:00,observed,11.68
2026-09-23,Z3,2026-09-22T16:00:00,forecast,19.23
2026-09-23,Z3,2026-09-24T09:00:00,observed,14.1
2026-09-24,Z1,2026-09-23T16:00:00,forecast,0
2026-09-24,Z1,2026-09-25T09:00:00,observed,0.17
2026-09-24,Z2,2026-09-23T16:00:00,forecast,10.3
2026-09-24,Z2,2026-09-25T09:00:00,observed,10.12
2026-09-24,Z3,2026-09-23T16:00:00,forecast,7.59
2026-09-24,Z3,2026-09-25T09:00:00,observed,9.24
2026-09-25,Z1,2026-09-24T16:00:00,forecast,10.55
2026-09-25,Z1,2026-09-26T09:00:00,observed,12.21
2026-09-25,Z2,2026-09-24T16:00:00,forecast,8.99
2026-09-25,Z2,2026-09-26T09:00:00,observed,13.4
2026-09-25,Z3,2026-09-24T16:00:00,forecast,9.46
2026-09-25,Z3,2026-09-26T09:00:00,observed,10.17
2026-09-26,Z1,2026-09-25T16:00:00,forecast,8.0
2026-09-26,Z1,2026-09-27T09:00:00,observed,9.71
2026-09-26,Z2,2026-09-25T16:00:00,forecast,9.38
2026-09-26,Z2,2026-09-27T09:00:00,observed,11.16
2026-09-26,Z3,2026-09-25T16:00:00,forecast,2.3
2026-09-26,Z3,2026-09-27T09:00:00,observed,4.79
2026-09-27,Z1,2026-09-26T16:00:00,forecast,17.15
2026-09-27,Z1,2026-09-28T09:00:00,observed,10.81
2026-09-27,Z2,2026-09-26T16:00:00,forecast,12.04
2026-09-27,Z2,2026-09-28T09:00:00,observed,11.15
2026-09-27,Z3,2026-09-26T16:00:00,forecast,5.83
2026-09-27,Z3,2026-09-28T09:00:00,observed,0
2026-09-28,Z1,2026-09-27T16:00:00,forecast,13.68
2026-09-28,Z1,2026-09-29T09:00:00,observed,8.97
2026-09-28,Z2,2026-09-27T16:00:00,forecast,9.91
2026-09-28,Z2,2026-09-29T09:00:00,observed,9.7
2026-09-28,Z3,2026-09-27T16:00:00,forecast,1.97
2026-09-28,Z3,2026-09-29T09:00:00,observed,1.05
2026-09-29,Z1,2026-09-28T16:00:00,forecast,11.83
2026-09-29,Z1,2026-09-30T09:00:00,observed,11.42
2026-09-29,Z2,2026-09-28T16:00:00,forecast,9.27
2026-09-29,Z2,2026-09-30T09:00:00,observed,7.08
2026-09-29,Z3,2026-09-28T16:00:00,forecast,0
2026-09-29,Z3,2026-09-30T09:00:00,observed,0
2026-09-30,Z1,2026-09-29T16:00:00,forecast,
2026-09-30,Z1,2026-10-01T09:00:00,observed,7.3
2026-09-30,Z2,2026-09-29T16:00:00,forecast,6.73
2026-09-30,Z2,2026-10-01T09:00:00,observed,8.6
2026-09-30,Z3,2026-09-29T16:00:00,forecast,0
2026-09-30,Z3,2026-10-01T09:00:00,observed,4.44
2026-10-01,Z1,2026-09-30T16:00:00,forecast,4.85
2026-10-01,Z1,2026-10-02T09:00:00,observed,2.83
2026-10-01,Z2,2026-09-30T16:00:00,forecast,6.54
2026-10-01,Z2,2026-10-02T09:00:00,observed,1.83
2026-10-01,Z3,2026-09-30T16:00:00,forecast,0
2026-10-01,Z3,2026-10-02T09:00:00,observed,0
2026-10-02,Z1,2026-10-01T16:00:00,forecast,13.59
2026-10-02,Z1,2026-10-03T09:00:00,observed,9.49
2026-10-02,Z2,2026-10-01T16:00:00,forecast,0
2026-10-02,Z2,2026-10-03T09:00:00,observed,2.39
2026-10-02,Z3,2026-10-01T16:00:00,forecast,7.35
2026-10-02,Z3,2026-10-03T09:00:00,observed,2.86
2026-10-03,Z1,2026-10-02T16:00:00,forecast,11.37
2026-10-03,Z1,2026-10-04T09:00:00,observed,5.37
2026-10-03,Z2,2026-10-02T16:00:00,forecast,0.41
2026-10-03,Z2,2026-10-04T09:00:00,observed,0
2026-10-03,Z3,2026-10-02T16:00:00,forecast,0
2026-10-03,Z3,2026-10-04T09:00:00,observed,2.74
2026-10-04,Z1,2026-10-03T16:00:00,forecast,10.22
2026-10-04,Z1,2026-10-05T09:00:00,observed,9.24
2026-10-04,Z2,2026-10-03T16:00:00,forecast,3.08
2026-10-04,Z2,2026-10-05T09:00:00,observed,0
2026-10-04,Z3,2026-10-03T16:00:00,forecast,0
2026-10-04,Z3,2026-10-05T09:00:00,observed,6.95
2026-10-05,Z1,2026-10-04T16:00:00,forecast,2.51
2026-10-05,Z1,2026-10-06T09:00:00,observed,4.74
2026-10-05,Z2,2026-10-04T16:00:00,forecast,3.55
2026-10-05,Z2,2026-10-06T09:00:00,observed,7.11
2026-10-05,Z3,2026-10-04T16:00:00,forecast,4.77
2026-10-05,Z3,2026-10-06T09:00:00,observed,8.44
2026-10-06,Z1,2026-10-05T16:00:00,forecast,3.78
2026-10-06,Z1,2026-10-07T09:00:00,observed,4.78
2026-10-06,Z2,2026-10-05T16:00:00,forecast,2.43
2026-10-06,Z2,2026-10-07T09:00:00,observed,5.71
2026-10-06,Z3,2026-10-05T16:00:00,forecast,2.62
2026-10-06,Z3,2026-10-07T09:00:00,observed,2.19
2026-10-07,Z1,2026-10-06T16:00:00,forecast,0
2026-10-07,Z1,2026-10-08T09:00:00,observed,0
2026-10-07,Z2,2026-10-06T16:00:00,forecast,0
2026-10-07,Z2,2026-10-08T09:00:00,observed,0
2026-10-07,Z3,2026-10-06T16:00:00,forecast,8.77
2026-10-07,Z3,2026-10-08T09:00:00,observed,7.33
2026-10-08,Z1,2026-10-07T16:00:00,forecast,7.1
2026-10-08,Z1,2026-10-09T09:00:00,observed,7.06
2026-10-08,Z2,2026-10-07T16:00:00,forecast,3.22
2026-10-08,Z2,2026-10-09T09:00:00,observed,3.7
2026-10-08,Z3,2026-10-07T16:00:00,forecast,10.08
2026-10-08,Z3,2026-10-09T09:00:00,observed,9.25
2026-10-09,Z1,2026-10-08T16:00:00,forecast,0
2026-10-09,Z1,2026-10-10T09:00:00,observed,4.65
2026-10-09,Z2,2026-10-08T16:00:00,forecast,9.03
2026-10-09,Z2,2026-10-10T09:00:00,observed,5.6
2026-10-09,Z3,2026-10-08T16:00:00,forecast,10.28
2026-10-09,Z3,2026-10-10T09:00:00,observed,8.56
2026-10-10,Z1,2026-10-09T16:00:00,forecast,0
2026-10-10,Z1,2026-10-11T09:00:00,observed,4.52
2026-10-10,Z2,2026-10-09T16:00:00,forecast,16.01
2026-10-10,Z2,2026-10-11T09:00:00,observed,10.29
2026-10-10,Z3,2026-10-09T16:00:00,forecast,14.13
2026-10-10,Z3,2026-10-11T09:00:00,observed,9.87
2026-10-11,Z1,2026-10-10T16:00:00,forecast,10.61
2026-10-11,Z1,2026-10-12T09:00:00,observed,6.09
2026-10-11,Z2,2026-10-10T16:00:00,forecast,7.04
2026-10-11,Z2,2026-10-12T09:00:00,observed,7.33
2026-10-11,Z3,2026-10-10T16:00:00,forecast,11.65
2026-10-11,Z3,2026-10-12T09:00:00,observed,11.93
2026-10-12,Z1,2026-10-11T16:00:00,forecast,13.98
2026-10-12,Z1,2026-10-13T09:00:00,observed,10.4
2026-10-12,Z2,2026-10-11T16:00:00,forecast,15.99
2026-10-12,Z2,2026-10-13T09:00:00,observed,11.41
2026-10-12,Z3,2026-10-11T16:00:00,forecast,14.78
2026-10-12,Z3,2026-10-13T09:00:00,observed,5.83
2026-10-13,Z1,2026-10-12T16:00:00,forecast,15.64
2026-10-13,Z1,2026-10-14T09:00:00,observed,13.7
2026-10-13,Z2,2026-10-12T16:00:00,forecast,9.53
2026-10-13,Z2,2026-10-14T09:00:00,observed,10.61
2026-10-13,Z3,2026-10-12T16:00:00,forecast,10.55
2026-10-13,Z3,2026-10-14T09:00:00,observed,9.77
2026-10-14,Z1,2026-10-13T16:00:00,forecast,6.88
2026-10-14,Z1,2026-10-15T09:00:00,observed,12.48
2026-10-14,Z2,2026-10-13T16:00:00,forecast,12.8
2026-10-14,Z2,2026-10-15T09:00:00,observed,16.12
2026-10-14,Z3,2026-10-13T16:00:00,forecast,1.18
2026-10-14,Z3,2026-10-15T09:00:00,observed,3.03
2026-10-15,Z1,2026-10-14T16:00:00,forecast,10.77
2026-10-15,Z1,2026-10-16T09:00:00,observed,10.37
2026-10-15,Z2,2026-10-14T16:00:00,forecast,16.52
2026-10-15,Z2,2026-10-16T09:00:00,observed,8.57
2026-10-15,Z3,2026-10-14T16:00:00,forecast,2.0
2026-10-15,Z3,2026-10-16T09:00:00,observed,4.72
2026-10-16,Z1,2026-10-15T16:00:00,forecast,10.33
2026-10-16,Z1,2026-10-17T09:00:00,observed,14.14
2026-10-16,Z2,2026-10-15T16:00:00,forecast,5.37
2026-10-16,Z2,2026-10-17T09:00:00,observed,4.43
2026-10-16,Z3,2026-10-15T16:00:00,forecast,0
2026-10-16,Z3,2026-10-17T09:00:00,observed,1.89
2026-10-17,Z1,2026-10-16T16:00:00,forecast,10.69
2026-10-17,Z1,2026-10-18T09:00:00,observed,11.47
2026-10-17,Z2,2026-10-16T16:00:00,forecast,0.5
2026-10-17,Z2,2026-10-18T09:00:00,observed,0.64
2026-10-17,Z3,2026-10-16T16:00:00,forecast,3.4
2026-10-17,Z3,2026-10-18T09:00:00,observed,4.72
2026-10-18,Z1,2026-10-17T16:00:00,forecast,9.44
2026-10-18,Z1,2026-10-19T09:00:00,observed,10.05
2026-10-18,Z2,2026-10-17T16:00:00,forecast,2.53
2026-10-18,Z2,2026-10-19T09:00:00,observed,4.22
2026-10-18,Z3,2026-10-17T16:00:00,forecast,3.64
2026-10-18,Z3,2026-10-19T09:00:00,observed,2.46
2026-10-19,Z1,2026-10-18T16:00:00,forecast,12.16
2026-10-19,Z1,2026-10-20T09:00:00,observed,11.07
2026-10-19,Z2,2026-10-18T16:00:00,forecast,0
2026-10-19,Z2,2026-10-20T09:00:00,observed,1.42
2026-10-19,Z3,2026-10-18T16:00:00,forecast,5.2
2026-10-19,Z3,2026-10-20T09:00:00,observed,4.07
2026-10-20,Z1,2026-10-19T16:00:00,forecast,5.19
2026-10-20,Z1,2026-10-21T09:00:00,observed,6.39
2026-10-20,Z2,2026-10-19T16:00:00,forecast,7.23
2026-10-20,Z2,2026-10-21T09:00:00,observed,5.42
2026-10-20,Z3,2026-10-19T16:00:00,forecast,5.51
2026-10-20,Z3,2026-10-21T09:00:00,observed,5.02
2026-10-21,Z1,2026-10-20T16:00:00,forecast,5.96
2026-10-21,Z1,2026-10-22T09:00:00,observed,5.2
2026-10-21,Z2,2026-10-20T16:00:00,forecast,5.2
2026-10-21,Z2,2026-10-22T09:00:00,observed,2.2
2026-10-21,Z3,2026-10-20T16:00:00,forecast,11.27
2026-10-21,Z3,2026-10-22T09:00:00,observed,6.35
2026-10-22,Z1,2026-10-21T16:00:00,forecast,3.56
2026-10-22,Z1,2026-10-23T09:00:00,observed,2.29
2026-10-22,Z2,2026-10-21T16:00:00,forecast,0.0
2026-10-22,Z2,2026-10-23T09:00:00,observed,2.4
2026-10-22,Z3,2026-10-21T16:00:00,forecast,12.32
2026-10-22,Z3,2026-10-23T09:00:00,observed,6.85
2026-10-23,Z1,2026-10-22T16:00:00,forecast,1.39
2026-10-23,Z1,2026-10-24T09:00:00,observed,0
2026-10-23,Z2,2026-10-22T16:00:00,forecast,7.66
2026-10-23,Z2,2026-10-24T09:00:00,observed,8.26
2026-10-23,Z3,2026-10-22T16:00:00,forecast,13.59
2026-10-23,Z3,2026-10-24T09:00:00,observed,13.95
2026-10-24,Z1,2026-10-23T16:00:00,forecast,2.88
2026-10-24,Z1,2026-10-25T09:00:00,observed,4.81
2026-10-24,Z2,2026-10-23T16:00:00,forecast,0
2026-10-24,Z2,2026-10-25T09:00:00,observed,0.9
2026-10-24,Z3,2026-10-23T16:00:00,forecast,8.11
2026-10-24,Z3,2026-10-25T09:00:00,observed,12.38
2026-10-25,Z1,2026-10-24T16:00:00,forecast,8.94
2026-10-25,Z1,2026-10-26T09:00:00,observed,5.98
2026-10-25,Z2,2026-10-24T16:00:00,forecast,7.65
2026-10-25,Z2,2026-10-26T09:00:00,observed,8.34
2026-10-25,Z3,2026-10-24T16:00:00,forecast,11.92
2026-10-25,Z3,2026-10-26T09:00:00,observed,9.72
2026-10-26,Z1,2026-10-25T16:00:00,forecast,2.61
2026-10-26,Z1,2026-10-27T09:00:00,observed,5.18
2026-10-26,Z2,2026-10-25T16:00:00,forecast,1.08
2026-10-26,Z2,2026-10-27T09:00:00,observed,5.94
2026-10-26,Z3,2026-10-25T16:00:00,forecast,3.41
2026-10-26,Z3,2026-10-27T09:00:00,observed,12.38
2026-10-27,Z1,2026-10-26T16:00:00,forecast,4.22
2026-10-27,Z1,2026-10-28T09:00:00,observed,8.93
2026-10-27,Z2,2026-10-26T16:00:00,forecast,2.64
2026-10-27,Z2,2026-10-28T09:00:00,observed,6.6
2026-10-27,Z3,2026-10-26T16:00:00,forecast,11.72
2026-10-27,Z3,2026-10-28T09:00:00,observed,12.36
2026-10-28,Z1,2026-10-27T16:00:00,forecast,7.14
2026-10-28,Z1,2026-10-29T09:00:00,observed,5.52
2026-10-28,Z2,2026-10-27T16:00:00,forecast,7.62
2026-10-28,Z2,2026-10-29T09:00:00,observed,13.89
2026-10-28,Z3,2026-10-27T16:00:00,forecast,8.69
2026-10-28,Z3,2026-10-29T09:00:00,observed,6.14
2026-10-29,Z1,2026-10-28T16:00:00,forecast,12.84
2026-10-29,Z1,2026-10-30T09:00:00,observed,4.28
2026-10-29,Z2,2026-10-28T16:00:00,forecast,17.25
2026-10-29,Z2,2026-10-30T09:00:00,observed,8.86
2026-10-29,Z3,2026-10-28T16:00:00,forecast,12.18
2026-10-29,Z3,2026-10-30T09:00:00,observed,8.54
2026-10-30,Z1,2026-10-29T16:00:00,forecast,9.49
2026-10-30,Z1,2026-10-31T09:00:00,observed,13.83
2026-10-30,Z2,2026-10-29T16:00:00,forecast,10.19
2026-10-30,Z2,2026-10-31T09:00:00,observed,11.12
2026-10-30,Z3,2026-10-29T16:00:00,forecast,15.77
2026-10-30,Z3,2026-10-31T09:00:00,observed,12.6
2026-10-31,Z1,2026-10-30T16:00:00,forecast,11.35
2026-10-31,Z1,2026-11-01T09:00:00,observed,13.39
2026-10-31,Z2,2026-10-30T16:00:00,forecast,4.56
2026-10-31,Z2,2026-11-01T09:00:00,observed,6.46
2026-10-31,Z3,2026-10-30T16:00:00,forecast,0
2026-10-31,Z3,2026-11-01T09:00:00,observed,2.67
2026-11-01,Z1,2026-10-31T16:00:00,forecast,7.23
2026-11-01,Z2,2026-10-31T16:00:00,forecast,7.83
2026-11-01,Z3,2026-10-31T16:00:00,forecast,10.22
2026-11-02,Z1,2026-10-31T16:00:00,forecast,11.5
2026-11-02,Z2,2026-10-31T16:00:00,forecast,3.55
2026-11-02,Z3,2026-10-31T16:00:00,forecast,11.69
2026-11-03,Z1,2026-10-31T16:00:00,forecast,0.91
2026-11-03,Z2,2026-10-31T16:00:00,forecast,5.85
2026-11-03,Z3,2026-10-31T16:00:00,forecast,0
2026-11-04,Z1,2026-10-31T16:00:00,forecast,5.76
2026-11-04,Z2,2026-10-31T16:00:00,forecast,3.57
2026-11-04,Z3,2026-10-31T16:00:00,forecast,4.67
2026-11-05,Z1,2026-10-31T16:00:00,forecast,7.66
2026-11-05,Z2,2026-10-31T16:00:00,forecast,3.81
2026-11-05,Z3,2026-10-31T16:00:00,forecast,4.64
2026-11-06,Z1,2026-10-31T16:00:00,forecast,6.73
2026-11-06,Z2,2026-10-31T16:00:00,forecast,6.3
2026-11-06,Z3,2026-10-31T16:00:00,forecast,0
2026-11-07,Z1,2026-10-31T16:00:00,forecast,10.71
2026-11-07,Z2,2026-10-31T16:00:00,forecast,12.34
2026-11-07,Z3,2026-10-31T16:00:00,forecast,0.77
2026-11-08,Z1,2026-10-31T16:00:00,forecast,2.84
2026-11-08,Z2,2026-10-31T16:00:00,forecast,2.48
2026-11-08,Z3,2026-10-31T16:00:00,forecast,5.27
2026-11-09,Z1,2026-10-31T16:00:00,forecast,0.76
2026-11-09,Z2,2026-10-31T16:00:00,forecast,0
2026-11-09,Z3,2026-10-31T16:00:00,forecast,15.28
2026-11-10,Z1,2026-10-31T16:00:00,forecast,7.9
2026-11-10,Z2,2026-10-31T16:00:00,forecast,0
2026-11-10,Z3,2026-10-31T16:00:00,forecast,5.78
2026-11-11,Z1,2026-10-31T16:00:00,forecast,7.82
2026-11-11,Z2,2026-10-31T16:00:00,forecast,7.03
2026-11-11,Z3,2026-10-31T16:00:00,forecast,10.24
2026-11-12,Z1,2026-10-31T16:00:00,forecast,2.22
2026-11-12,Z2,2026-10-31T16:00:00,forecast,6.35
2026-11-12,Z3,2026-10-31T16:00:00,forecast,14.34
2026-11-13,Z1,2026-10-31T16:00:00,forecast,1.65
2026-11-13,Z2,2026-10-31T16:00:00,forecast,13.76
2026-11-13,Z3,2026-10-31T16:00:00,forecast,14.39
2026-11-14,Z1,2026-10-31T16:00:00,forecast,2.38
2026-11-14,Z2,2026-10-31T16:00:00,forecast,3.13
2026-11-14,Z3,2026-10-31T16:00:00,forecast,6.93
2026-11-15,Z1,2026-11-14T16:00:00,forecast,6.1
2026-11-15,Z2,2026-11-14T16:00:00,forecast,7.35
2026-11-15,Z3,2026-11-14T16:00:00,forecast,6.78
2026-11-16,Z1,2026-11-15T16:00:00,forecast,14.07
2026-11-16,Z2,2026-11-15T16:00:00,forecast,8.96
2026-11-16,Z3,2026-11-15T16:00:00,forecast,16.19
2026-11-17,Z1,2026-11-16T16:00:00,forecast,4.37
2026-11-17,Z2,2026-11-16T16:00:00,forecast,1.95
2026-11-17,Z3,2026-11-16T16:00:00,forecast,6.74
2026-11-18,Z1,2026-11-17T16:00:00,forecast,6.94
2026-11-18,Z2,2026-11-17T16:00:00,forecast,11.05
2026-11-18,Z3,2026-11-17T16:00:00,forecast,13.19
2026-11-19,Z1,2026-11-18T16:00:00,forecast,13.33
2026-11-19,Z2,2026-11-18T16:00:00,forecast,0.91
2026-11-19,Z3,2026-11-18T16:00:00,forecast,0
2026-11-20,Z1,2026-11-19T16:00:00,forecast,6.45
2026-11-20,Z2,2026-11-19T16:00:00,forecast,5.77
2026-11-20,Z3,2026-11-19T16:00:00,forecast,0
2026-11-21,Z1,2026-11-20T16:00:00,forecast,2.85
2026-11-21,Z2,2026-11-20T16:00:00,forecast,0
2026-11-21,Z3,2026-11-20T16:00:00,forecast,5.47
2026-11-22,Z1,2026-11-21T16:00:00,forecast,2.77
2026-11-22,Z2,2026-11-21T16:00:00,forecast,1.31
2026-11-22,Z3,2026-11-21T16:00:00,forecast,0
2026-11-23,Z1,2026-11-22T16:00:00,forecast,11.39
2026-11-23,Z2,2026-11-22T16:00:00,forecast,3.6
2026-11-23,Z3,2026-11-22T16:00:00,forecast,0
2026-11-24,Z1,2026-11-23T16:00:00,forecast,4.72
2026-11-24,Z2,2026-11-23T16:00:00,forecast,3.65
2026-11-24,Z3,2026-11-23T16:00:00,forecast,0.2
2026-11-25,Z1,2026-11-24T16:00:00,forecast,0.18
2026-11-25,Z2,2026-11-24T16:00:00,forecast,0
2026-11-25,Z3,2026-11-24T16:00:00,forecast,12.37
2026-11-26,Z1,2026-11-25T16:00:00,forecast,7.56
2026-11-26,Z2,2026-11-25T16:00:00,forecast,0
2026-11-26,Z3,2026-11-25T16:00:00,forecast,8.95
2026-11-27,Z1,2026-11-26T16:00:00,forecast,1.15
2026-11-27,Z2,2026-11-26T16:00:00,forecast,1.49
2026-11-27,Z3,2026-11-26T16:00:00,forecast,12.84
2026-11-28,Z1,2026-11-27T16:00:00,forecast,4.73
2026-11-28,Z2,2026-11-27T16:00:00,forecast,6.68
2026-11-28,Z3,2026-11-27T16:00:00,forecast,11.83
2026-11-29,Z1,2026-11-28T16:00:00,forecast,4.76
2026-11-29,Z2,2026-11-28T16:00:00,forecast,
2026-11-29,Z3,2026-11-28T16:00:00,forecast,10.5
2026-11-30,Z1,2026-11-29T16:00:00,forecast,8.62
2026-11-30,Z2,2026-11-29T16:00:00,forecast,9.78
2026-11-30,Z3,2026-11-29T16:00:00,forecast,16.29
2026-12-01,Z1,2026-11-30T16:00:00,forecast,0
2026-12-01,Z2,2026-11-30T16:00:00,forecast,14.58
2026-12-01,Z3,2026-11-30T16:00:00,forecast,10.21
2026-12-02,Z1,2026-12-01T16:00:00,forecast,10.48
2026-12-02,Z2,2026-12-01T16:00:00,forecast,13.04
2026-12-02,Z3,2026-12-01T16:00:00,forecast,6.56
2026-12-03,Z1,2026-12-02T16:00:00,forecast,10.43
2026-12-03,Z2,2026-12-02T16:00:00,forecast,15.35
2026-12-03,Z3,2026-12-02T16:00:00,forecast,6.37
2026-12-04,Z1,2026-12-03T16:00:00,forecast,6.78
2026-12-04,Z2,2026-12-03T16:00:00,forecast,8.67
2026-12-04,Z3,2026-12-03T16:00:00,forecast,8.36
2026-12-05,Z1,2026-12-04T16:00:00,forecast,
2026-12-05,Z2,2026-12-04T16:00:00,forecast,4.84
2026-12-05,Z3,2026-12-04T16:00:00,forecast,0
2026-12-06,Z1,2026-12-05T16:00:00,forecast,9.05
2026-12-06,Z2,2026-12-05T16:00:00,forecast,4.16
2026-12-06,Z3,2026-12-05T16:00:00,forecast,4.27
2026-12-07,Z1,2026-12-06T16:00:00,forecast,10.21
2026-12-07,Z2,2026-12-06T16:00:00,forecast,3.85
2026-12-07,Z3,2026-12-06T16:00:00,forecast,0
2026-12-08,Z1,2026-12-07T16:00:00,forecast,11.61
2026-12-08,Z2,2026-12-07T16:00:00,forecast,0
2026-12-08,Z3,2026-12-07T16:00:00,forecast,7.41
2026-12-09,Z1,2026-12-08T16:00:00,forecast,10.26
2026-12-09,Z2,2026-12-08T16:00:00,forecast,2.38
2026-12-09,Z3,2026-12-08T16:00:00,forecast,0
2026-12-10,Z1,2026-12-09T16:00:00,forecast,5.56
2026-12-10,Z2,2026-12-09T16:00:00,forecast,
2026-12-10,Z3,2026-12-09T16:00:00,forecast,0
2026-12-11,Z1,2026-12-10T16:00:00,forecast,0
2026-12-11,Z2,2026-12-10T16:00:00,forecast,3.63
2026-12-11,Z3,2026-12-10T16:00:00,forecast,2.97
2026-12-12,Z1,2026-12-11T16:00:00,forecast,2.8
2026-12-12,Z2,2026-12-11T16:00:00,forecast,1.8
2026-12-12,Z3,2026-12-11T16:00:00,forecast,1.88
