store_id,count,sum,mean,std
S01,1464,15991,10.9228142077,4.0379503546
S02,1464,16666,11.3838797814,4.0620831087
S03,1464,17306,11.8210382514,4.1204615889
S04,1464,18363,12.5430327869,4.1638755784
S05,1464,19165,13.0908469945,4.3367255957
S06,1464,19796,13.5218579235,4.3302888592
S07,1464,20581,14.0580601093,4.5076122211
S08,1464,21553,14.7219945355,4.6323369158
S09,1464,22262,15.2062841530,4.6383717258
S10,1464,22917,15.6536885246,4.7698514976
S11,1464,23900,16.3251366120,4.8207255740
S12,1464,24378,16.6516393443,4.7830825183
