stage,method_id,policy,rows,days,mae,rmse,bias_units_per_key,coverage90,below90,above90,width_units,loss_yuan_per_day,shortage_yuan_per_day,waste_yuan_per_day,q_units_per_day,procurement_yuan_per_day
calibration,shared_ridge10,point_only,1344,14,2.4539795306,3.0786277249,0.5193035501,0.8697916667,0.0260416667,0.1041666667,9.9060953134,618.9500000000,413.1285714286,205.8214285714,1393.5714285714,4860.9285714286
calibration,shared_ridge10,stochastic,1344,14,2.4539795306,3.0786277249,0.5193035501,0.8697916667,0.0260416667,0.1041666667,9.9060953134,595.0571428571,332.7500000000,262.3071428571,1455.3571428571,5067.7142857143
calibration,weekly_mean56,point_only,1344,14,2.6519717262,3.2806476204,-0.1168154762,0.8787202381,0.0617559524,0.0595238095,10.8561755952,791.6857142857,614.4928571429,177.1928571429,1338.1428571429,4664.4285714286
calibration,weekly_mean56,stochastic,1344,14,2.6519717262,3.2806476204,-0.1168154762,0.8787202381,0.0617559524,0.0595238095,10.8561755952,657.2821428571,327.9785714286,329.3035714286,1504.7142857143,5240.4285714286
selection,shared_ridge10,point_only,4032,42,2.6697859090,3.3166942409,1.1498704524,0.8449900794,0.0491071429,0.1059027778,9.5690965739,656.3357142857,399.7428571429,256.5928571429,1426.5714285714,4976.3809523810
selection,shared_ridge10,stochastic,4032,42,2.6697859090,3.3166942409,1.1498704524,0.8449900794,0.0491071429,0.1059027778,9.5690965739,665.0142857143,360.0142857143,305.0000000000,1482.4285714286,5154.5714285714
selection,weekly_mean56,point_only,4032,42,2.7310887897,3.4607484037,0.0998263889,0.8184523810,0.0828373016,0.0987103175,9.9555183532,792.0130952381,596.4452380952,195.5678571429,1355.1428571429,4723.9047619048
selection,weekly_mean56,stochastic,4032,42,2.7310887897,3.4607484037,0.0998263889,0.8184523810,0.0828373016,0.0987103175,9.9555183532,724.0119047619,363.8547619048,360.1571428571,1523.3333333333,5297.7619047619
validation,shared_ridge10,point_only,4032,42,2.4572672932,3.0897067205,0.4159629956,0.8898809524,0.0300099206,0.0801091270,10.1354613307,688.6476190476,490.9904761905,197.6571428571,1401.7619047619,4897.9523809524
validation,shared_ridge10,stochastic,4032,42,2.4572672932,3.0897067205,0.4159629956,0.8898809524,0.0300099206,0.0801091270,10.1354613307,631.8071428571,371.4428571429,260.3642857143,1479.0238095238,5165.2857142857
validation,weekly_mean56,point_only,4032,42,2.7096354167,3.4260428656,-0.3612351190,0.8888888889,0.0429067460,0.0682043651,10.9506944444,856.5607142857,692.8785714286,163.6821428571,1345.0000000000,4696.2380952381
validation,weekly_mean56,stochastic,4032,42,2.7096354167,3.4260428656,-0.3612351190,0.8888888889,0.0429067460,0.0682043651,10.9506944444,698.0619047619,379.2261904762,318.8357142857,1520.8095238095,5309.9523809524
