origin,method_id,fit_predict_seconds,train_rows,prediction_rows
2026-07-08T18:00:00,shared_ridge10,0.0715736000,6528,1344
2026-07-08T18:00:00,weekly_mean56,0.8833352000,6528,1344
2026-07-22T18:00:00,shared_ridge10,0.0739693000,7872,1344
2026-07-22T18:00:00,weekly_mean56,0.9745920000,7872,1344
2026-08-05T18:00:00,shared_ridge10,0.0691536000,9216,1344
2026-08-05T18:00:00,weekly_mean56,0.9903855000,9216,1344
2026-08-19T18:00:00,shared_ridge10,0.0902705000,10560,1344
2026-08-19T18:00:00,weekly_mean56,0.9460858000,10560,1344
2026-09-02T18:00:00,shared_ridge10,0.1099564000,11904,1344
2026-09-02T18:00:00,weekly_mean56,1.0060742000,11904,1344
2026-09-16T18:00:00,shared_ridge10,0.0814934000,13248,1344
2026-09-16T18:00:00,weekly_mean56,0.9969962000,13248,1344
2026-09-30T18:00:00,shared_ridge10,0.0871170000,14592,1344
2026-09-30T18:00:00,weekly_mean56,1.0226402000,14592,1344
2026-10-14T18:00:00,shared_ridge10,0.0903436000,15936,1344
2026-10-14T18:00:00,weekly_mean56,1.0764634000,15936,1344
