origin,service_date,holiday,horizon,loss_per_day_shared_ridge10,loss_per_day_weekly_mean56,interval_score_shared_ridge10,interval_score_weekly_mean56,loss_W_minus_R,score_W_minus_R
2026-07-22T18:00:00,2026-07-23,0,1,584.0000000000,617.6000000000,14.1953506443,14.8645833333,33.6000000000,0.6692326890
2026-07-22T18:00:00,2026-07-24,0,2,513.0500000000,611.3000000000,12.8393846681,15.1471354167,98.2500000000,2.3077507486
2026-07-22T18:00:00,2026-07-25,0,3,1300.0500000000,1276.2000000000,34.4278094680,28.2981770833,-23.8500000000,-6.1296323847
2026-07-22T18:00:00,2026-07-26,0,4,657.9000000000,651.3000000000,16.5218250170,17.3346354167,-6.6000000000,0.8128103997
2026-07-22T18:00:00,2026-07-27,0,5,632.9000000000,696.5000000000,18.7322373182,20.6477864583,63.6000000000,1.9155491402
2026-07-22T18:00:00,2026-07-28,0,6,680.4000000000,703.5000000000,19.1431029106,20.6406250000,23.1000000000,1.4975220894
2026-07-22T18:00:00,2026-07-29,0,7,796.3500000000,885.9500000000,22.3730731032,24.9960937500,89.6000000000,2.6230206468
2026-07-22T18:00:00,2026-07-30,0,8,540.9000000000,581.8000000000,13.2861394536,13.7187500000,40.9000000000,0.4326105464
2026-07-22T18:00:00,2026-07-31,0,9,602.8500000000,650.5000000000,12.3342138408,12.9726562500,47.6500000000,0.6384424092
2026-07-22T18:00:00,2026-08-01,0,10,943.1000000000,1012.2000000000,22.7919740282,20.3815104167,69.1000000000,-2.4104636116
2026-07-22T18:00:00,2026-08-02,0,11,567.6500000000,580.8000000000,14.9000192581,14.8606770833,13.1500000000,-0.0393421748
2026-07-22T18:00:00,2026-08-03,0,12,565.3500000000,564.2000000000,14.5321206578,14.5410156250,-1.1500000000,0.0088949672
2026-07-22T18:00:00,2026-08-04,0,13,507.2000000000,516.3500000000,12.2214464461,13.4401041667,9.1500000000,1.2186577206
2026-07-22T18:00:00,2026-08-05,0,14,685.5000000000,743.0000000000,16.1404615027,17.9648437500,57.5000000000,1.8243822473
2026-07-22T18:00:00,2026-08-06,0,15,552.2500000000,578.5000000000,14.3071179263,14.7734375000,26.2500000000,0.4663195737
2026-07-22T18:00:00,2026-08-07,0,16,504.0000000000,581.3000000000,11.4091989793,12.9335937500,77.3000000000,1.5243947707
2026-07-22T18:00:00,2026-08-08,0,17,526.3500000000,541.1000000000,15.8894004671,17.6210937500,14.7500000000,1.7316932829
2026-07-22T18:00:00,2026-08-09,1,18,1711.4500000000,1795.6500000000,19.8905336694,39.0403645833,84.2000000000,19.1498309140
2026-07-22T18:00:00,2026-08-10,1,19,628.5500000000,1075.2000000000,15.9631525834,30.8430989583,446.6500000000,14.8799463749
2026-07-22T18:00:00,2026-08-11,0,20,567.4000000000,566.9000000000,13.8225942844,14.3255208333,-0.5000000000,0.5029265490
2026-07-22T18:00:00,2026-08-12,0,21,451.4500000000,445.0000000000,11.7614207895,12.8346354167,-6.4500000000,1.0732146272
2026-07-22T18:00:00,2026-08-13,0,22,455.9500000000,461.4000000000,12.3177650692,12.2473958333,5.4500000000,-0.0703692359
2026-07-22T18:00:00,2026-08-14,0,23,594.0000000000,654.3500000000,14.0302254690,15.3164062500,60.3500000000,1.2861807810
2026-07-22T18:00:00,2026-08-15,0,24,579.5000000000,601.9000000000,13.4722210599,13.5455729167,22.4000000000,0.0733518567
2026-07-22T18:00:00,2026-08-16,0,25,744.9000000000,791.8500000000,14.1716318242,14.4570312500,46.9500000000,0.2853994258
2026-07-22T18:00:00,2026-08-17,0,26,558.4000000000,628.8000000000,13.5281525624,15.1009114583,70.4000000000,1.5727588960
2026-07-22T18:00:00,2026-08-18,0,27,533.2500000000,524.8500000000,12.4870785257,13.6093750000,-8.4000000000,1.1222964743
2026-07-22T18:00:00,2026-08-19,0,28,485.9500000000,524.3500000000,11.2575387345,13.0299479167,38.4000000000,1.7724091822
2026-07-22T18:00:00,2026-08-20,0,29,574.5000000000,569.5500000000,13.7513871011,13.6276041667,-4.9500000000,-0.1237829344
2026-07-22T18:00:00,2026-08-21,0,30,656.5500000000,674.2000000000,19.5248683515,19.3268229167,17.6500000000,-0.1980454349
2026-07-22T18:00:00,2026-08-22,0,31,561.8000000000,594.1500000000,16.8856357599,17.8033854167,32.3500000000,0.9177496567
2026-07-22T18:00:00,2026-08-23,0,32,564.6500000000,530.2500000000,16.0293274294,14.5742187500,-34.4000000000,-1.4551086794
2026-07-22T18:00:00,2026-08-24,0,33,676.7000000000,661.7500000000,19.0046673189,17.8092447917,-14.9500000000,-1.1954225272
2026-07-22T18:00:00,2026-08-25,0,34,548.7500000000,673.6000000000,16.0500959825,20.1458333333,124.8500000000,4.0957373508
2026-07-22T18:00:00,2026-08-26,0,35,489.3500000000,521.8500000000,10.4503587351,12.5742187500,32.5000000000,2.1238600149
2026-07-22T18:00:00,2026-08-27,0,36,650.8500000000,624.6500000000,15.6420616228,14.5260416667,-26.2000000000,-1.1160199561
2026-07-22T18:00:00,2026-08-28,1,37,735.8000000000,884.3500000000,23.0523049031,22.4127604167,148.5500000000,-0.6395444865
2026-07-22T18:00:00,2026-08-29,1,38,1965.4000000000,2062.0000000000,21.8832930471,45.9934895833,96.6000000000,24.1101965363
2026-07-22T18:00:00,2026-08-30,0,39,957.9500000000,984.2000000000,20.9634240964,23.0507812500,26.2500000000,2.0873571536
2026-07-22T18:00:00,2026-08-31,0,40,711.1000000000,603.9500000000,21.8493401265,16.5462239583,-107.1500000000,-5.3031161682
2026-07-22T18:00:00,2026-09-01,0,41,609.7000000000,707.4000000000,16.0346062879,19.9375000000,97.7000000000,3.9028937121
2026-07-22T18:00:00,2026-09-02,0,42,780.7500000000,1066.4000000000,21.8222343521,31.3632812500,285.6500000000,9.5410468979
2026-09-02T18:00:00,2026-09-03,0,1,511.6500000000,526.8000000000,13.5082353481,13.2671875000,15.1500000000,-0.2410478481
2026-09-02T18:00:00,2026-09-04,0,2,544.4000000000,622.3000000000,14.1072900253,14.6114583333,77.9000000000,0.5041683081
2026-09-02T18:00:00,2026-09-05,0,3,468.9500000000,581.6000000000,11.0371850900,12.1479166667,112.6500000000,1.1107315767
2026-09-02T18:00:00,2026-09-06,0,4,501.9000000000,563.0500000000,11.6099110316,11.8770833333,61.1500000000,0.2671723018
2026-09-02T18:00:00,2026-09-07,0,5,470.3500000000,614.9000000000,11.1599420452,13.5541666667,144.5500000000,2.3942246215
2026-09-02T18:00:00,2026-09-08,0,6,537.8000000000,667.8000000000,11.3217539157,13.7312500000,130.0000000000,2.4094960843
2026-09-02T18:00:00,2026-09-09,0,7,539.9000000000,707.8500000000,11.1582064663,16.3562500000,167.9500000000,5.1980435337
2026-09-02T18:00:00,2026-09-10,0,8,518.4000000000,548.1000000000,12.0917597064,12.7359375000,29.7000000000,0.6441777936
2026-09-02T18:00:00,2026-09-11,0,9,525.0500000000,556.0500000000,12.7755856509,13.9656250000,31.0000000000,1.1900393491
2026-09-02T18:00:00,2026-09-12,0,10,719.6500000000,785.2000000000,14.2119789593,13.5697916667,65.5500000000,-0.6421872926
2026-09-02T18:00:00,2026-09-13,0,11,1103.2000000000,1126.6000000000,19.9728925540,15.1427083333,23.4000000000,-4.8301842206
2026-09-02T18:00:00,2026-09-14,0,12,700.7000000000,600.7500000000,16.8488201279,14.8614583333,-99.9500000000,-1.9873617946
2026-09-02T18:00:00,2026-09-15,0,13,530.3500000000,504.0500000000,13.8611002705,12.5489583333,-26.3000000000,-1.3121419372
2026-09-02T18:00:00,2026-09-16,1,14,658.5000000000,796.9000000000,15.1500972871,17.4916666667,138.4000000000,2.3415693795
2026-09-02T18:00:00,2026-09-17,1,15,709.6500000000,1202.5000000000,13.9808122943,27.2151041667,492.8500000000,13.2342918724
2026-09-02T18:00:00,2026-09-18,0,16,516.1000000000,558.8000000000,13.3046625309,13.0854166667,42.7000000000,-0.2192458643
2026-09-02T18:00:00,2026-09-19,0,17,890.7000000000,909.8000000000,16.8325136041,12.8510416667,19.1000000000,-3.9814719375
2026-09-02T18:00:00,2026-09-20,0,18,963.9000000000,996.8000000000,18.5330023224,15.0593750000,32.9000000000,-3.4736273224
2026-09-02T18:00:00,2026-09-21,0,19,552.8000000000,546.8000000000,13.8903710004,13.1062500000,-6.0000000000,-0.7841210004
2026-09-02T18:00:00,2026-09-22,0,20,564.8000000000,632.6000000000,13.4302399515,15.7729166667,67.8000000000,2.3426767152
2026-09-02T18:00:00,2026-09-23,0,21,523.5500000000,705.2000000000,12.4144185675,15.6895833333,181.6500000000,3.2751647658
2026-09-02T18:00:00,2026-09-24,0,22,666.7500000000,667.2000000000,15.8892225380,14.4390625000,0.4500000000,-1.4501600380
2026-09-02T18:00:00,2026-09-25,0,23,518.5500000000,550.3000000000,11.9081839201,14.1218750000,31.7500000000,2.2136910799
2026-09-02T18:00:00,2026-09-26,0,24,671.8000000000,652.2500000000,12.3754567490,13.8770833333,-19.5500000000,1.5016265844
2026-09-02T18:00:00,2026-09-27,0,25,713.7500000000,827.2500000000,14.7391512586,14.1791666667,113.5000000000,-0.5599845919
2026-09-02T18:00:00,2026-09-28,0,26,520.1500000000,524.2500000000,11.8077817834,12.2156250000,4.1000000000,0.4078432166
2026-09-02T18:00:00,2026-09-29,0,27,468.8500000000,548.9500000000,12.6017041328,12.8875000000,80.1000000000,0.2857958672
2026-09-02T18:00:00,2026-09-30,0,28,497.6500000000,606.8000000000,11.7727674255,13.5333333333,109.1500000000,1.7605659078
2026-09-02T18:00:00,2026-10-01,0,29,567.8500000000,606.9500000000,12.2349087425,13.5328125000,39.1000000000,1.2979037575
2026-09-02T18:00:00,2026-10-02,0,30,611.5500000000,681.3500000000,13.4677661863,14.8510416667,69.8000000000,1.3832754804
2026-09-02T18:00:00,2026-10-03,0,31,1074.0500000000,1131.0000000000,19.1955180420,15.7104166667,56.9500000000,-3.4851013754
2026-09-02T18:00:00,2026-10-04,0,32,521.1000000000,554.1500000000,13.4393638975,13.3822916667,33.0500000000,-0.0570722309
2026-09-02T18:00:00,2026-10-05,1,33,609.2000000000,802.8000000000,17.3099562931,17.6218750000,193.6000000000,0.3119187069
2026-09-02T18:00:00,2026-10-06,1,34,627.3000000000,802.8000000000,16.8211866749,17.9291666667,175.5000000000,1.1079799918
2026-09-02T18:00:00,2026-10-07,0,35,796.7500000000,639.0500000000,18.6226749304,15.2260416667,-157.7000000000,-3.3966332637
2026-09-02T18:00:00,2026-10-08,0,36,487.9500000000,515.6000000000,12.7678310654,13.1786458333,27.6500000000,0.4108147680
2026-09-02T18:00:00,2026-10-09,0,37,640.8500000000,647.7500000000,15.1934196573,14.9239583333,6.9000000000,-0.2694613240
2026-09-02T18:00:00,2026-10-10,0,38,709.8500000000,734.6500000000,12.9552949256,12.0958333333,24.8000000000,-0.8594615923
2026-09-02T18:00:00,2026-10-11,0,39,577.4500000000,596.9000000000,13.2579574979,14.6895833333,19.4500000000,1.4316258354
2026-09-02T18:00:00,2026-10-12,0,40,573.4500000000,614.1500000000,13.2285164058,15.0072916667,40.7000000000,1.7787752608
2026-09-02T18:00:00,2026-10-13,0,41,563.8500000000,610.2000000000,13.2526891282,13.1114583333,46.3500000000,-0.1412307949
2026-09-02T18:00:00,2026-10-14,0,42,632.9000000000,625.5500000000,15.4741929755,15.0177083333,-7.3500000000,-0.4564846422
2026-09-19T18:00:00,2026-09-20,0,1,958.9500000000,1044.2500000000,16.2004761990,15.2222005208,85.3000000000,-0.9782756782
2026-09-19T18:00:00,2026-09-21,0,2,511.1000000000,475.5500000000,12.8576089784,12.9422526042,-35.5500000000,0.0846436258
2026-09-19T18:00:00,2026-09-22,0,3,555.5500000000,626.2500000000,13.3101323327,14.1544921875,70.7000000000,0.8443598548
2026-09-19T18:00:00,2026-09-23,0,4,526.7000000000,702.6500000000,11.9570391491,14.5685546875,175.9500000000,2.6115155384
2026-09-19T18:00:00,2026-09-24,0,5,617.6000000000,559.1000000000,14.7755868237,12.5776692708,-58.5000000000,-2.1979175529
2026-09-19T18:00:00,2026-09-25,0,6,519.2500000000,601.4000000000,11.7139829768,13.7000651042,82.1500000000,1.9860821273
2026-09-19T18:00:00,2026-09-26,0,7,637.5000000000,642.6500000000,12.0115435796,14.6974609375,5.1500000000,2.6859173579
2026-09-19T18:00:00,2026-09-27,0,8,668.4000000000,847.7500000000,14.0575958660,14.8055338542,179.3500000000,0.7479379882
2026-09-19T18:00:00,2026-09-28,0,9,465.0500000000,506.2000000000,11.4407741627,12.0958984375,41.1500000000,0.6551242748
2026-09-19T18:00:00,2026-09-29,0,10,444.0500000000,531.8000000000,12.7768407415,12.6583984375,87.7500000000,-0.1184423040
2026-09-19T18:00:00,2026-09-30,0,11,505.5500000000,631.5500000000,11.7462024692,13.6518880208,126.0000000000,1.9056855516
2026-09-19T18:00:00,2026-10-01,0,12,571.9000000000,638.2000000000,11.4536616984,12.9865234375,66.3000000000,1.5328617391
2026-09-19T18:00:00,2026-10-02,0,13,605.9000000000,558.1000000000,12.8747062670,13.0125651042,-47.8000000000,0.1378588372
2026-09-19T18:00:00,2026-10-03,0,14,1082.3000000000,1117.0000000000,17.6114350735,14.3719401042,34.7000000000,-3.2394949693
2026-09-19T18:00:00,2026-10-04,0,15,517.7000000000,600.2000000000,13.0778008943,13.3016276042,82.5000000000,0.2238267099
2026-09-19T18:00:00,2026-10-05,1,16,584.9500000000,706.2000000000,17.0248012310,15.2690755208,121.2500000000,-1.7557257101
2026-09-19T18:00:00,2026-10-06,1,17,606.7500000000,782.8500000000,15.8753712653,16.9695963542,176.1000000000,1.0942250889
2026-09-19T18:00:00,2026-10-07,0,18,747.8500000000,609.8500000000,17.8441520509,14.2156901042,-138.0000000000,-3.6284619467
2026-09-19T18:00:00,2026-10-08,0,19,508.3500000000,538.4000000000,12.6721094949,13.2742838542,30.0500000000,0.6021743593
2026-09-19T18:00:00,2026-10-09,0,20,628.5500000000,586.1500000000,14.4835111506,13.6649088542,-42.4000000000,-0.8186022965
2026-09-19T18:00:00,2026-10-10,0,21,674.3000000000,679.4500000000,12.3805892920,11.0815755208,5.1500000000,-1.2990137712
2026-09-19T18:00:00,2026-10-11,0,22,550.8000000000,576.7000000000,12.9701345948,14.9240234375,25.9000000000,1.9538888427
2026-09-19T18:00:00,2026-10-12,0,23,563.9000000000,646.4000000000,13.3814582212,16.2742838542,82.5000000000,2.8928256329
2026-09-19T18:00:00,2026-10-13,0,24,535.3500000000,558.1500000000,12.6002419003,13.7833984375,22.8000000000,1.1831565372
2026-09-19T18:00:00,2026-10-14,0,25,613.5500000000,619.1500000000,14.7956359822,14.4552734375,5.6000000000,-0.3403625447
2026-09-19T18:00:00,2026-10-15,0,26,466.4500000000,542.4500000000,11.1605907812,12.1818359375,76.0000000000,1.0212451563
2026-09-19T18:00:00,2026-10-16,0,27,451.7000000000,483.2500000000,11.8957511815,13.1245442708,31.5500000000,1.2287930894
2026-09-19T18:00:00,2026-10-17,0,28,624.6000000000,697.7500000000,12.5004000936,12.0138671875,73.1500000000,-0.4865329061
2026-09-19T18:00:00,2026-10-18,0,29,768.7500000000,801.3500000000,15.1717531091,15.3472005208,32.6000000000,0.1754474118
2026-09-19T18:00:00,2026-10-19,0,30,457.0000000000,479.5500000000,12.9770054596,13.2208984375,22.5500000000,0.2438929779
2026-09-19T18:00:00,2026-10-20,0,31,569.0500000000,624.7500000000,12.9620439319,12.7886067708,55.7000000000,-0.1734371610
2026-09-19T18:00:00,2026-10-21,0,32,420.8000000000,479.9000000000,11.0025655632,11.8211588542,59.1000000000,0.8185932909
2026-09-19T18:00:00,2026-10-22,0,33,608.2500000000,562.7000000000,14.0821749277,13.5958984375,-45.5500000000,-0.4862764902
2026-09-19T18:00:00,2026-10-23,0,34,534.6500000000,524.0500000000,12.7610616379,13.8498046875,-10.6000000000,1.0887430496
2026-09-19T18:00:00,2026-10-24,1,35,1355.5000000000,1451.3000000000,14.5627518903,20.5646484375,95.8000000000,6.0018965472
2026-09-19T18:00:00,2026-10-25,1,36,1924.5000000000,2027.3000000000,18.0439485782,28.4018880208,102.8000000000,10.3579394426
2026-09-19T18:00:00,2026-10-26,0,37,539.9000000000,581.6000000000,11.6906728956,11.4018880208,41.7000000000,-0.2887848748
2026-09-19T18:00:00,2026-10-27,0,38,436.4000000000,487.0000000000,12.3979910369,12.6779296875,50.6000000000,0.2799386506
2026-09-19T18:00:00,2026-10-28,0,39,483.3500000000,524.0000000000,13.7431655286,13.3328776042,40.6500000000,-0.4102879244
2026-09-19T18:00:00,2026-10-29,0,40,562.7000000000,493.8500000000,14.6305786517,13.9800130208,-68.8500000000,-0.6505656309
2026-09-19T18:00:00,2026-10-30,0,41,595.9500000000,610.3500000000,14.5303831317,12.9774088542,14.4000000000,-1.5529742776
2026-09-19T18:00:00,2026-10-31,0,42,633.3500000000,710.0500000000,12.4442174198,12.7052734375,76.7000000000,0.2610560177
