service_date,predicted_units,q_units,procurement_yuan,capacity_slack,budget_slack_yuan,scenario_mean_loss_yuan,scenario_shortage_yuan,scenario_waste_yuan,scenario_p90_daily_loss_yuan
2026-10-01,1733.6957801401,1600,5631.0000000000,0,369.0000000000,1165.3518993886,949.8832385985,215.4686607901,1433.4451848769
2026-10-02,1783.2330054249,1600,5644.0000000000,0,356.0000000000,1273.4955790883,1086.6521284250,186.8434506633,1560.1643783277
2026-10-03,2208.5447669798,1600,5632.0000000000,0,368.0000000000,2573.4066192213,2484.3824675657,89.0241516557,2995.9947508830
2026-10-04,2204.7505543433,1600,5620.0000000000,0,380.0000000000,2560.7344686420,2470.3244472029,90.4100214391,2990.0710990019
2026-10-05,1765.3323682768,1600,5644.0000000000,0,356.0000000000,1232.8255428102,1034.3031674738,198.5223753364,1518.7736378358
2026-10-06,1753.2935187290,1600,5637.0000000000,0,363.0000000000,1206.6277639124,1001.9464761310,204.6812877813,1483.3061828763
2026-10-07,1768.6947044580,1600,5617.0000000000,0,383.0000000000,1240.6127807929,1045.6299955452,194.9827852477,1526.4349451696
2026-10-08,1400.2781133187,1600,5642.0000000000,0,358.0000000000,794.7109625041,325.8513482441,468.8596142599,910.7378417214
2026-10-09,1457.1524157057,1600,5636.0000000000,0,364.0000000000,816.3242214321,399.7795028405,416.5447185916,941.4213232689
2026-10-10,1880.5421294746,1600,5620.0000000000,0,380.0000000000,1523.5612803010,1374.7974809304,148.7637993706,1869.3264960590
2026-10-11,1877.1747602018,1600,5613.0000000000,0,387.0000000000,1513.8055472980,1364.9919553127,148.8135919853,1870.9391318249
2026-10-12,1443.2223410808,1600,5641.0000000000,0,359.0000000000,809.5752241839,380.6321279726,428.9430962113,934.3379569489
2026-10-13,1429.4326244280,1600,5643.0000000000,0,357.0000000000,804.0420061088,363.2000466969,440.8419594119,929.0644314678
2026-10-14,1445.1793114944,1600,5636.0000000000,0,364.0000000000,810.8470721096,383.9620887874,426.8849833222,936.1021361854
