store_id,total_point_units,total_q_units,mean_lower,mean_upper
S01,4199.0852163722,4390,6.599911100288988,16.491986403188097
S02,4348.042260065,4523,7.219294327762798,16.60389034124226
S03,4489.5455839921,4614,7.488491004467262,17.365598670072025
S04,4721.7916963213,4868,8.388605836800892,17.566382901179466
S05,4895.2171476247,5124,8.708692197759822,18.4955223029875
S06,5030.2562508912,5277,8.896482741905357,19.091516617928274
S07,5198.6293292446,5479,9.450081181405952,19.994472893826785
S08,5407.3499433976,5648,10.003415785533333,20.376939204689286
S09,5558.8250849856,5902,10.69474149883631,20.908723021325596
S10,5700.2113920768,6017,10.988305562807739,21.77865773691012
S11,5914.4521189168,6242,11.548354255099108,22.379945801125
S12,6018.9026979116,6453,11.58315654543869,22.592288247463394
