vehicle_id,vehicle_type,items,volume_m3,weight_kg,Uv,Uw,G1,G2,G3,G4,G5
V001,T2,780,38.3165,7000.0,0.9199639855942376,0.7,30,686,0,0,64
V002,T2,595,39.63575,6832.0,0.9516386554621848,0.6832,378,161,0,0,56
V003,T2,549,38.08575,6696.0,0.9144237695078031,0.6696,276,153,0,0,120
V004,T2,393,37.292,6487.0,0.8953661464585835,0.6487,116,0,1,16,260
V005,T1,55,10.9,1145.0,0.5617398474541332,0.19083333333333333,0,0,23,32,0
V006,T2,91,15.94,1685.0,0.38271308523409364,0.1685,0,0,59,32,0
V007,T2,88,13.92,1480.0,0.33421368547418967,0.148,0,0,72,16,0
V008,T1,56,11.44,1200.0,0.5895691609977324,0.2,0,0,20,36,0
V009,T1,50,9.0,950.0,0.46382189239332094,0.15833333333333333,0,0,30,20,0
V010,T2,126,29.64,3090.0,0.7116446578631452,0.309,0,0,6,120,0
V011,T2,85,13.5,1435.0,0.3241296518607443,0.1435,0,0,69,16,0
V012,T2,116,25.84,2700.0,0.6204081632653061,0.27,0,0,20,96,0
V013,T1,16,3.84,400.0,0.19789734075448362,0.06666666666666667,0,0,0,16,0
