case,parameter,factor,items,status,vehicles,cost_yuan,volume_utilization,weight_utilization,lower_bound,seconds,solver_status,error
00_vehicle_length,vehicle_length,0.9,3000,validated,14,9800,0.5475523542750433,0.2935714285714286,5600,4.764043900000615,0,
01_vehicle_length,vehicle_length,1.1,3000,validated,12,8400,0.522663610898905,0.3425,4650,6.195982799999911,0,
02_vehicle_width,vehicle_width,0.9,3000,validated,17,9650,0.6287025295130274,0.30671641791044774,5600,5.591871599999649,0,
03_vehicle_width,vehicle_width,1.1,3000,validated,12,8150,0.5470109615399991,0.3543103448275862,4650,5.743990799999665,0,
04_vehicle_height,vehicle_height,0.9,3000,validated,11,7700,0.6968848145318733,0.37363636363636366,5600,6.929464899998493,0,
05_vehicle_height,vehicle_height,1.1,3000,validated,10,7000,0.627196333078686,0.411,4650,4.474128500000006,0,
06_payload,payload,0.9,3000,validated,13,9100,0.5307045895281189,0.35128205128205126,5350,5.313655900001322,0,
07_payload,payload,1.1,3000,validated,13,9100,0.5307045895281189,0.2874125874125874,5350,5.362394400000994,0,
08_cost_v1,cost_v1,0.9,3000,validated,22,8910.0,0.6731273776728323,0.31136363636363634,5305.0,7.437724599998546,0,
09_cost_v1,cost_v1,1.1,3000,validated,13,9100,0.5307045895281189,0.3161538461538462,5395.0,4.977931099998386,0,
10_cost_v2,cost_v2,0.9,3000,validated,13,8190.0,0.5307045895281189,0.3161538461538462,4860.0,4.900941200001398,0,
11_cost_v2,cost_v2,1.1,3000,validated,22,9900,0.6731273776728323,0.31136363636363634,5840.000000000001,5.730398099998638,0,
12_cargo_size,cargo_size,0.9,3000,validated,9,6050,0.5940889780036528,0.47790697674418603,3950,5.894095000001471,0,
13_cargo_size,cargo_size,1.1,3000,validated,16,10950,0.5937444306796201,0.26346153846153847,7000,9.697557200001029,0,
14_cargo_weight,cargo_weight,0.9,3000,validated,13,9100,0.5307045895281189,0.2845384615384615,5350,5.33193719999872,0,
15_cargo_weight,cargo_weight,1.1,3000,validated,13,9100,0.5307045895281189,0.34776923076923083,5350,5.243143100000452,0,
16_quantity,quantity,0.8,2400,validated,12,7400,0.5595692475463467,0.3161538461538462,4200,4.5087124000001495,0,
17_quantity,quantity,1.2,3600,validated,18,10850,0.580526551488439,0.3244736842105263,6050,6.102000599999883,0,
18_dense_share,dense_share,0.8,2680,validated,15,10500,0.4563105242096839,0.2578666666666667,4900,4.793823899999552,0,
19_dense_share,dense_share,1.2,3320,validated,11,7700,0.6321510422350759,0.3956363636363636,5350,6.589424699999654,0,
20_pressure,pressure,0.9,3000,validated,13,9100,0.5307045895281189,0.3161538461538462,5350,5.3389131000003545,0,
21_pressure,pressure,1.1,3000,validated,13,9100,0.5307045895281189,0.3161538461538462,5350,5.322056599999996,0,
22_clearance,clearance,0,3000,validated,11,7450,0.6592047790339157,0.3877358490566038,4900,5.235663299999942,0,
23_clearance,clearance,2,3000,validated,14,9050,0.5564894395792099,0.32109375,5350,5.189231700000164,0,
24_baseline,baseline,1,3000,validated,13,9100,0.5307045895281189,0.3161538461538462,5350,5.34528329999921,0,
25_fragile_fixed,fragile_fixed,1,3000,validated,15,9000,0.5849078111196603,0.3261904761904762,5350,4.4448191999999835,0,
26_quantity,quantity,2,6000,validated,31,17450,0.629485370790652,0.3396694214876033,10250,10.257981699998709,0,
27_vehicle_height,vehicle_height,0.1,3000,failed,,,,,,0.016717200000130106,,"heuristic_no_fit_not_mathematical_infeasibility: [800, 1000, 300, 400, 500]"
28_interaction,interaction,"(0.9, 0.9)",3000,validated,21,9685.0,0.6430984026720308,0.28943661971830986,5600.0,12.420276599999852,1,
29_interaction,interaction,"(0.9, 1.1)",3000,validated,14,9800,0.5475523542750433,0.2935714285714286,5600.0,4.904239800000141,0,
30_interaction,interaction,"(1.1, 0.9)",3000,validated,19,7695.0,0.708555134392455,0.3605263157894737,4605.0,5.664733499999784,0,
31_interaction,interaction,"(1.1, 1.1)",3000,validated,12,8195.0,0.5470109615399991,0.3543103448275862,4695.0,5.406439299998965,0,
32_fragile_floor,fragile_floor,1,3000,validated,14,9800,0.492797118847539,0.2935714285714286,5350,3.095577099998991,0,
33_seed,seed,7,3000,validated,13,7850,0.6679140904653433,0.37363636363636366,5350,4.844600200000059,0,
34_seed,seed,29,3000,validated,17,9650,0.5658322765617246,0.30671641791044774,5350,9.630944400001681,0,
35_seed,seed,41,3000,validated,18,9600,0.5952380952380952,0.31136363636363634,5350,6.858225400001174,0,
