origin,method,stage,n_keys,n_days,status,mae,rmse,bias,coverage,below,above,mean_width,interval_score,shortage_yuan_per_day,waste_yuan_per_day,loss_yuan_per_day,procurement_yuan_per_day,units_per_day
2026-07-22T18:00:00,shared_ridge10,1-14,1344,14,estimated,2.4582860652,3.0626217746,0.3776468193,0.7715773810,0.0319940476,0.1964285714,8.7021800467,17.4599398798,446.6357142857,237.4500000000,684.0857142857,5035.8571428571,1450.5000000000
2026-07-22T18:00:00,shared_ridge10,15-42,2688,28,estimated,3.1771905305,3.9044435761,2.2706435644,0.7838541667,0.1309523810,0.0851934524,8.7032816977,15.9732727521,325.7500000000,366.2946428571,692.0446428571,5243.0000000000,1507.7500000000
2026-07-22T18:00:00,weekly_mean56,1-14,1344,14,estimated,2.5585937500,3.2234600594,-0.5924479167,0.7767857143,0.0498511905,0.1733630952,8.8935081845,17.8434709821,449.3000000000,271.5000000000,720.8000000000,5124.8571428571,1474.4285714286
2026-07-22T18:00:00,weekly_mean56,15-42,2688,28,estimated,2.7822730655,3.5466537455,0.0165550595,0.7630208333,0.0911458333,0.1458333333,8.8935081845,18.9060639881,413.9714285714,333.5089285714,747.4803571429,5124.8571428571,1474.4285714286
2026-09-02T18:00:00,shared_ridge10,1-14,1344,14,estimated,2.4539795306,3.0786277249,0.5193035501,0.8697916667,0.0260416667,0.1041666667,9.9060953134,13.4867684627,332.7500000000,262.3071428571,595.0571428571,5067.7142857143,1455.3571428571
2026-09-02T18:00:00,shared_ridge10,15-42,2688,28,estimated,2.6221892851,3.2901063549,0.6918167914,0.8634672619,0.0357142857,0.1008184524,9.9060953134,14.3107701608,358.6250000000,276.1285714286,634.7535714286,5151.5000000000,1479.5714285714
2026-09-02T18:00:00,weekly_mean56,1-14,1344,14,estimated,2.6519717262,3.2806476204,-0.1168154762,0.8787202381,0.0617559524,0.0595238095,10.8561755952,13.9901041667,327.9785714286,329.3035714286,657.2821428571,5240.4285714286,1504.7142857143
2026-09-02T18:00:00,weekly_mean56,15-42,2688,28,estimated,2.7204241071,3.4281121809,-0.3723958333,0.8805803571,0.0401785714,0.0792410714,10.8561755952,14.7968377976,380.7607142857,315.3964285714,696.1571428571,5240.4285714286,1504.7142857143
2026-09-19T18:00:00,shared_ridge10,1-14,1344,14,estimated,2.5105216630,3.1408987021,0.5820696990,0.8943452381,0.0297619048,0.0758928571,10.1245456017,13.1991133084,325.0142857143,294.2571428571,619.2714285714,5091.9285714286,1460.8571428571
2026-09-19T18:00:00,shared_ridge10,15-42,2688,28,estimated,2.5638970265,3.2348789654,0.7677708756,0.8843005952,0.0424107143,0.0732886905,10.1245456017,13.7022450677,363.9392857143,277.6660714286,641.6053571429,5206.8571428571,1492.3928571429
2026-09-19T18:00:00,weekly_mean56,1-14,1344,14,estimated,2.6664806548,3.3108605838,0.3156622024,0.9017857143,0.0572916667,0.0409226190,10.9565755208,13.6746744792,297.9785714286,379.3392857143,677.3178571429,5327.4285714286,1527.5714285714
2026-09-19T18:00:00,weekly_mean56,15-42,2688,28,estimated,2.6372767857,3.3547570003,-0.2903645833,0.8973214286,0.0364583333,0.0662202381,10.9565755208,14.3285528274,357.5821428571,320.4428571429,678.0250000000,5327.4285714286,1527.5714285714
