origin,method,holiday,n_keys,n_days,status,mae,rmse,bias,coverage,below,above,mean_width,interval_score,shortage_yuan_per_day,waste_yuan_per_day,loss_yuan_per_day,procurement_yuan_per_day,units_per_day
2026-07-22T18:00:00,shared_ridge10,0,3648,38,estimated,2.8681023947,3.5545496686,1.5727311791,0.7891995614,0.0893640351,0.1214364035,8.7028592880,16.0763555572,291.7842105263,337.5118421053,629.2960526316,5129.5263157895,1476.9473684211
2026-07-22T18:00:00,shared_ridge10,1,384,4,estimated,3.5973621923,4.4170938580,2.2753226165,0.6901041667,0.1796875000,0.1302083333,8.7034388113,20.1973210508,1071.5250000000,188.7750000000,1260.3000000000,5596.0000000000,1600.0000000000
2026-07-22T18:00:00,weekly_mean56,0,3648,38,estimated,2.5691132127,3.2400035249,0.1263363487,0.7886513158,0.0827850877,0.1285635965,8.8933148300,16.8654913651,329.9052631579,333.3434210526,663.2486842105,5101.8947368421,1468.0526315789
2026-07-22T18:00:00,weekly_mean56,1,384,4,estimated,4.0244140625,4.9690325195,-3.1578776042,0.5677083333,0.0260416667,0.4062500000,8.8953450521,34.5724283854,1336.2500000000,118.0500000000,1454.3000000000,5343.0000000000,1535.0000000000
2026-09-02T18:00:00,shared_ridge10,0,3648,38,estimated,2.5046332209,3.1279962190,0.4976152041,0.8684210526,0.0243969298,0.1071820175,9.9060953134,13.8487965903,349.6131578947,268.7881578947,618.4013157895,5075.9736842105,1457.9736842105
2026-09-02T18:00:00,shared_ridge10,1,384,4,estimated,3.1502377542,3.9993744305,1.9329355264,0.8385416667,0.1093750000,0.0520833333,9.9060953134,15.8155131373,353.6750000000,297.4875000000,651.1625000000,5575.7500000000,1600.0000000000
2026-09-02T18:00:00,weekly_mean56,0,3648,38,estimated,2.6104372259,3.2555666469,-0.0647272478,0.8914473684,0.0507127193,0.0578399123,10.8561814693,13.9451343202,328.3947368421,331.8513157895,660.2460526316,5252.5789473684,1508.2368421053
2026-09-02T18:00:00,weekly_mean56,1,384,4,estimated,3.5257161458,4.3869303479,-2.4007161458,0.7708333333,0.0156250000,0.2135416667,10.8561197917,20.0644531250,693.5000000000,207.7500000000,901.2500000000,5125.0000000000,1471.2500000000
2026-09-19T18:00:00,shared_ridge10,0,3648,38,estimated,2.4827387028,3.1154561218,0.6086851025,0.8941885965,0.0312500000,0.0745614035,10.1245456017,13.2353572434,292.4315789474,290.8065789474,583.2381578947,5123.7631578947,1469.4473684211
2026-09-19T18:00:00,shared_ridge10,1,384,4,estimated,3.1480873297,3.9461138734,1.6291316014,0.8255208333,0.1041666667,0.0703125000,10.1245456017,16.3767182412,907.0250000000,210.9000000000,1117.9250000000,5594.0000000000,1600.0000000000
2026-09-19T18:00:00,weekly_mean56,0,3648,38,estimated,2.5491365132,3.1964032757,0.1585115132,0.9114583333,0.0466008772,0.0419407895,10.9565755208,13.4589398300,259.3078947368,359.1000000000,618.4078947368,5320.1842105263,1525.4210526316
2026-09-19T18:00:00,weekly_mean56,1,384,4,estimated,3.5768229167,4.4816974440,-2.4335937500,0.7786458333,0.0130208333,0.2083333333,10.9565755208,20.3013020833,1082.5750000000,159.3375000000,1241.9125000000,5396.2500000000,1548.0000000000
