target_origin,method,source_origin,service_date,coordinates,ready_at,eligible,reason
2026-09-19T18:00:00,weekly_mean56,2026-07-08T18:00:00,2026-07-09,96,2026-07-12T09:00:00+08:00,True,eligible complete mature day
2026-09-19T18:00:00,weekly_mean56,2026-07-08T18:00:00,2026-07-10,96,2026-07-13T09:00:00+08:00,True,eligible complete mature day
2026-09-19T18:00:00,weekly_mean56,2026-07-08T18:00:00,2026-07-11,96,2026-07-14T09:00:00+08:00,True,eligible complete mature day
2026-09-19T18:00:00,weekly_mean56,2026-07-08T18:00:00,2026-07-12,96,2026-07-15T09:00:00+08:00,True,eligible complete mature day
2026-09-19T18:00:00,weekly_mean56,2026-07-08T18:00:00,2026-07-13,96,2026-07-16T09:00:00+08:00,True,eligible complete mature day
2026-09-19T18:00:00,weekly_mean56,2026-07-08T18:00:00,2026-07-14,96,2026-07-17T09:00:00+08:00,True,eligible complete mature day
2026-09-19T18:00:00,weekly_mean56,2026-07-08T18:00:00,2026-07-15,96,2026-07-18T09:00:00+08:00,True,eligible complete mature day
2026-09-19T18:00:00,weekly_mean56,2026-07-08T18:00:00,2026-07-16,96,2026-07-19T09:00:00+08:00,True,eligible complete mature day
2026-09-19T18:00:00,weekly_mean56,2026-07-08T18:00:00,2026-07-17,96,2026-07-20T09:00:00+08:00,True,eligible complete mature day
2026-09-19T18:00:00,weekly_mean56,2026-07-08T18:00:00,2026-07-18,96,2026-07-21T09:00:00+08:00,True,eligible complete mature day
2026-09-19T18:00:00,weekly_mean56,2026-07-08T18:00:00,2026-07-19,96,2026-07-22T09:00:00+08:00,True,eligible complete mature day
2026-09-19T18:00:00,weekly_mean56,2026-07-08T18:00:00,2026-07-20,96,2026-07-23T09:00:00+08:00,True,eligible complete mature day
2026-09-19T18:00:00,weekly_mean56,2026-07-08T18:00:00,2026-07-21,96,2026-07-24T09:00:00+08:00,True,eligible complete mature day
2026-09-19T18:00:00,weekly_mean56,2026-07-08T18:00:00,2026-07-22,96,2026-07-25T09:00:00+08:00,True,eligible complete mature day
2026-09-19T18:00:00,weekly_mean56,2026-07-22T18:00:00,2026-07-23,96,2026-07-26T09:00:00+08:00,True,eligible complete mature day
2026-09-19T18:00:00,weekly_mean56,2026-07-22T18:00:00,2026-07-24,96,2026-07-27T09:00:00+08:00,True,eligible complete mature day
2026-09-19T18:00:00,weekly_mean56,2026-07-22T18:00:00,2026-07-25,96,2026-07-28T09:00:00+08:00,True,eligible complete mature day
2026-09-19T18:00:00,weekly_mean56,2026-07-22T18:00:00,2026-07-26,96,2026-07-29T09:00:00+08:00,True,eligible complete mature day
2026-09-19T18:00:00,weekly_mean56,2026-07-22T18:00:00,2026-07-27,96,2026-07-30T09:00:00+08:00,True,eligible complete mature day
2026-09-19T18:00:00,weekly_mean56,2026-07-22T18:00:00,2026-07-28,96,2026-07-31T09:00:00+08:00,True,eligible complete mature day
2026-09-19T18:00:00,weekly_mean56,2026-07-22T18:00:00,2026-07-29,96,2026-08-01T09:00:00+08:00,True,eligible complete mature day
2026-09-19T18:00:00,weekly_mean56,2026-07-22T18:00:00,2026-07-30,96,2026-08-02T09:00:00+08:00,True,eligible complete mature day
2026-09-19T18:00:00,weekly_mean56,2026-07-22T18:00:00,2026-07-31,96,2026-08-03T09:00:00+08:00,True,eligible complete mature day
2026-09-19T18:00:00,weekly_mean56,2026-07-22T18:00:00,2026-08-01,96,2026-08-04T09:00:00+08:00,True,eligible complete mature day
2026-09-19T18:00:00,weekly_mean56,2026-07-22T18:00:00,2026-08-02,96,2026-08-05T09:00:00+08:00,True,eligible complete mature day
2026-09-19T18:00:00,weekly_mean56,2026-07-22T18:00:00,2026-08-03,96,2026-08-06T09:00:00+08:00,True,eligible complete mature day
2026-09-19T18:00:00,weekly_mean56,2026-07-22T18:00:00,2026-08-04,96,2026-08-07T09:00:00+08:00,True,eligible complete mature day
2026-09-19T18:00:00,weekly_mean56,2026-07-22T18:00:00,2026-08-05,96,2026-08-08T09:00:00+08:00,True,eligible complete mature day
2026-09-19T18:00:00,weekly_mean56,2026-08-05T18:00:00,2026-08-06,96,2026-08-09T09:00:00+08:00,True,eligible complete mature day
2026-09-19T18:00:00,weekly_mean56,2026-08-05T18:00:00,2026-08-07,96,2026-08-10T09:00:00+08:00,True,eligible complete mature day
2026-09-19T18:00:00,weekly_mean56,2026-08-05T18:00:00,2026-08-08,96,2026-08-11T09:00:00+08:00,True,eligible complete mature day
2026-09-19T18:00:00,weekly_mean56,2026-08-05T18:00:00,2026-08-09,96,2026-08-12T09:00:00+08:00,True,eligible complete mature day
2026-09-19T18:00:00,weekly_mean56,2026-08-05T18:00:00,2026-08-10,96,2026-08-13T09:00:00+08:00,True,eligible complete mature day
2026-09-19T18:00:00,weekly_mean56,2026-08-05T18:00:00,2026-08-11,96,2026-08-14T09:00:00+08:00,True,eligible complete mature day
2026-09-19T18:00:00,weekly_mean56,2026-08-05T18:00:00,2026-08-12,96,2026-08-15T09:00:00+08:00,True,eligible complete mature day
2026-09-19T18:00:00,weekly_mean56,2026-08-05T18:00:00,2026-08-13,96,2026-08-16T09:00:00+08:00,True,eligible complete mature day
2026-09-19T18:00:00,weekly_mean56,2026-08-05T18:00:00,2026-08-14,96,2026-08-17T09:00:00+08:00,True,eligible complete mature day
2026-09-19T18:00:00,weekly_mean56,2026-08-05T18:00:00,2026-08-15,96,2026-08-18T09:00:00+08:00,True,eligible complete mature day
2026-09-19T18:00:00,weekly_mean56,2026-08-05T18:00:00,2026-08-16,96,2026-08-19T09:00:00+08:00,True,eligible complete mature day
2026-09-19T18:00:00,weekly_mean56,2026-08-05T18:00:00,2026-08-17,96,2026-08-20T09:00:00+08:00,True,eligible complete mature day
2026-09-19T18:00:00,weekly_mean56,2026-08-05T18:00:00,2026-08-18,96,2026-08-21T09:00:00+08:00,True,eligible complete mature day
2026-09-19T18:00:00,weekly_mean56,2026-08-05T18:00:00,2026-08-19,96,2026-08-22T09:00:00+08:00,True,eligible complete mature day
2026-09-19T18:00:00,weekly_mean56,2026-08-19T18:00:00,2026-08-20,96,2026-08-23T09:00:00+08:00,True,eligible complete mature day
2026-09-19T18:00:00,weekly_mean56,2026-08-19T18:00:00,2026-08-21,96,2026-08-24T09:00:00+08:00,True,eligible complete mature day
2026-09-19T18:00:00,weekly_mean56,2026-08-19T18:00:00,2026-08-22,96,2026-08-25T09:00:00+08:00,True,eligible complete mature day
2026-09-19T18:00:00,weekly_mean56,2026-08-19T18:00:00,2026-08-23,96,2026-08-26T09:00:00+08:00,True,eligible complete mature day
2026-09-19T18:00:00,weekly_mean56,2026-08-19T18:00:00,2026-08-24,96,2026-08-27T09:00:00+08:00,True,eligible complete mature day
2026-09-19T18:00:00,weekly_mean56,2026-08-19T18:00:00,2026-08-25,96,2026-08-28T09:00:00+08:00,True,eligible complete mature day
2026-09-19T18:00:00,weekly_mean56,2026-08-19T18:00:00,2026-08-26,96,2026-08-29T09:00:00+08:00,True,eligible complete mature day
2026-09-19T18:00:00,weekly_mean56,2026-08-19T18:00:00,2026-08-27,96,2026-08-30T09:00:00+08:00,True,eligible complete mature day
2026-09-19T18:00:00,weekly_mean56,2026-08-19T18:00:00,2026-08-28,96,2026-08-31T09:00:00+08:00,True,eligible complete mature day
2026-09-19T18:00:00,weekly_mean56,2026-08-19T18:00:00,2026-08-29,96,2026-09-01T09:00:00+08:00,True,eligible complete mature day
2026-09-19T18:00:00,weekly_mean56,2026-08-19T18:00:00,2026-08-30,96,2026-09-02T09:00:00+08:00,True,eligible complete mature day
2026-09-19T18:00:00,weekly_mean56,2026-08-19T18:00:00,2026-08-31,96,2026-09-03T09:00:00+08:00,True,eligible complete mature day
2026-09-19T18:00:00,weekly_mean56,2026-08-19T18:00:00,2026-09-01,96,2026-09-04T09:00:00+08:00,True,eligible complete mature day
2026-09-19T18:00:00,weekly_mean56,2026-08-19T18:00:00,2026-09-02,96,2026-09-05T09:00:00+08:00,True,eligible complete mature day
2026-09-19T18:00:00,weekly_mean56,2026-09-02T18:00:00,2026-09-03,96,2026-09-06T09:00:00+08:00,True,eligible complete mature day
2026-09-19T18:00:00,weekly_mean56,2026-09-02T18:00:00,2026-09-04,96,2026-09-07T09:00:00+08:00,True,eligible complete mature day
2026-09-19T18:00:00,weekly_mean56,2026-09-02T18:00:00,2026-09-05,96,2026-09-08T09:00:00+08:00,True,eligible complete mature day
2026-09-19T18:00:00,weekly_mean56,2026-09-02T18:00:00,2026-09-06,96,2026-09-09T09:00:00+08:00,True,eligible complete mature day
2026-09-19T18:00:00,weekly_mean56,2026-09-02T18:00:00,2026-09-07,96,2026-09-10T09:00:00+08:00,True,eligible complete mature day
2026-09-19T18:00:00,weekly_mean56,2026-09-02T18:00:00,2026-09-08,96,2026-09-11T09:00:00+08:00,True,eligible complete mature day
2026-09-19T18:00:00,weekly_mean56,2026-09-02T18:00:00,2026-09-09,96,2026-09-12T09:00:00+08:00,True,eligible complete mature day
2026-09-19T18:00:00,weekly_mean56,2026-09-02T18:00:00,2026-09-10,96,2026-09-13T09:00:00+08:00,True,eligible complete mature day
2026-09-19T18:00:00,weekly_mean56,2026-09-02T18:00:00,2026-09-11,96,2026-09-14T09:00:00+08:00,True,eligible complete mature day
2026-09-19T18:00:00,weekly_mean56,2026-09-02T18:00:00,2026-09-12,96,2026-09-15T09:00:00+08:00,True,eligible complete mature day
2026-09-19T18:00:00,weekly_mean56,2026-09-02T18:00:00,2026-09-13,96,2026-09-16T09:00:00+08:00,True,eligible complete mature day
2026-09-19T18:00:00,weekly_mean56,2026-09-02T18:00:00,2026-09-14,96,2026-09-17T09:00:00+08:00,True,eligible complete mature day
2026-09-19T18:00:00,weekly_mean56,2026-09-02T18:00:00,2026-09-15,96,2026-09-18T09:00:00+08:00,True,eligible complete mature day
2026-09-19T18:00:00,weekly_mean56,2026-09-02T18:00:00,2026-09-16,96,2026-09-19T09:00:00+08:00,True,eligible complete mature day
