origin,model,service_date,status,message,gap,objective,bound,seconds,nodes
2026-07-22T18:00:00,weekly_median56,2026-07-23,0,Optimization terminated successfully. (HiGHS Status 7: Optimal),0.0000000000,788.6886363636,788.6886363636,0.0032882000,0
2026-07-22T18:00:00,weekly_median56,2026-07-24,0,Optimization terminated successfully. (HiGHS Status 7: Optimal),0.0000000000,796.2704545455,796.2704545455,0.0828455000,1
2026-07-22T18:00:00,weekly_median56,2026-07-25,0,Optimization terminated successfully. (HiGHS Status 7: Optimal),0.0000000000,1405.0454545455,1405.0454545455,0.0112397000,1
2026-07-22T18:00:00,weekly_median56,2026-07-26,0,Optimization terminated successfully. (HiGHS Status 7: Optimal),0.0000000000,1351.1909090909,1351.1909090909,0.0107229000,1
2026-07-22T18:00:00,weekly_median56,2026-07-27,0,Optimization terminated successfully. (HiGHS Status 7: Optimal),0.0000000000,789.6022727273,789.6022727273,0.0703321000,0
2026-07-22T18:00:00,weekly_median56,2026-07-28,0,Optimization terminated successfully. (HiGHS Status 7: Optimal),0.0000000000,791.8704545455,791.8704545455,0.0726543000,1
2026-07-22T18:00:00,weekly_median56,2026-07-29,0,Optimization terminated successfully. (HiGHS Status 7: Optimal),0.0000000000,790.1090909091,790.1090909091,0.0768588000,1
2026-07-22T18:00:00,weekly_median56,2026-07-30,0,Optimization terminated successfully. (HiGHS Status 7: Optimal),0.0000000000,788.6886363636,788.6886363636,0.0031080000,0
2026-07-22T18:00:00,weekly_median56,2026-07-31,0,Optimization terminated successfully. (HiGHS Status 7: Optimal),0.0000000000,796.2704545455,796.2704545455,0.0884903000,1
2026-07-22T18:00:00,weekly_median56,2026-08-01,0,Optimization terminated successfully. (HiGHS Status 7: Optimal),0.0000000000,1405.0454545455,1405.0454545455,0.0120171000,1
2026-07-22T18:00:00,weekly_median56,2026-08-02,0,Optimization terminated successfully. (HiGHS Status 7: Optimal),0.0000000000,1351.1909090909,1351.1909090909,0.0108701000,1
2026-07-22T18:00:00,weekly_median56,2026-08-03,0,Optimization terminated successfully. (HiGHS Status 7: Optimal),0.0000000000,789.6022727273,789.6022727273,0.0726836000,0
2026-07-22T18:00:00,weekly_median56,2026-08-04,0,Optimization terminated successfully. (HiGHS Status 7: Optimal),0.0000000000,791.8704545455,791.8704545455,0.0776750000,1
2026-07-22T18:00:00,weekly_median56,2026-08-05,0,Optimization terminated successfully. (HiGHS Status 7: Optimal),0.0000000000,790.1090909091,790.1090909091,0.0724662000,1
2026-07-22T18:00:00,weekly_mean84,2026-07-23,0,Optimization terminated successfully. (HiGHS Status 7: Optimal),0.0000000000,761.8959641873,761.8959641873,0.0034314000,0
2026-07-22T18:00:00,weekly_mean84,2026-07-24,0,Optimization terminated successfully. (HiGHS Status 7: Optimal),0.0000000000,766.1949747475,766.1949747475,0.1954454000,1
2026-07-22T18:00:00,weekly_mean84,2026-07-25,0,Optimization terminated successfully. (HiGHS Status 7: Optimal),0.0000000000,1364.4977272727,1364.4977272727,0.0749213000,1
2026-07-22T18:00:00,weekly_mean84,2026-07-26,0,Optimization terminated successfully. (HiGHS Status 7: Optimal),0.0000000000,1315.2306313131,1315.2306313131,0.0853541000,1
2026-07-22T18:00:00,weekly_mean84,2026-07-27,0,Optimization terminated successfully. (HiGHS Status 7: Optimal),0.0000000000,763.1941161616,763.1941161616,0.1899008000,1
2026-07-22T18:00:00,weekly_mean84,2026-07-28,0,Optimization terminated successfully. (HiGHS Status 7: Optimal),0.0000000000,762.2329040404,762.2329040404,0.1007338000,0
2026-07-22T18:00:00,weekly_mean84,2026-07-29,0,Optimization terminated successfully. (HiGHS Status 7: Optimal),0.0000000000,762.8910330579,762.8910330579,0.1876222000,1
2026-07-22T18:00:00,weekly_mean84,2026-07-30,0,Optimization terminated successfully. (HiGHS Status 7: Optimal),0.0000000000,761.8959641873,761.8959641873,0.0034463000,0
2026-07-22T18:00:00,weekly_mean84,2026-07-31,0,Optimization terminated successfully. (HiGHS Status 7: Optimal),0.0000000000,766.1949747475,766.1949747475,0.1948779000,1
2026-07-22T18:00:00,weekly_mean84,2026-08-01,0,Optimization terminated successfully. (HiGHS Status 7: Optimal),0.0000000000,1364.4977272727,1364.4977272727,0.0768111000,1
2026-07-22T18:00:00,weekly_mean84,2026-08-02,0,Optimization terminated successfully. (HiGHS Status 7: Optimal),0.0000000000,1315.2306313131,1315.2306313131,0.0731097000,1
2026-07-22T18:00:00,weekly_mean84,2026-08-03,0,Optimization terminated successfully. (HiGHS Status 7: Optimal),0.0000000000,763.1941161616,763.1941161616,0.1840625000,1
2026-07-22T18:00:00,weekly_mean84,2026-08-04,0,Optimization terminated successfully. (HiGHS Status 7: Optimal),0.0000000000,762.2329040404,762.2329040404,0.1055273000,0
2026-07-22T18:00:00,weekly_mean84,2026-08-05,0,Optimization terminated successfully. (HiGHS Status 7: Optimal),0.0000000000,762.8910330579,762.8910330579,0.1889108000,1
2026-07-22T18:00:00,shared_ridge10,2026-07-23,0,Optimization terminated successfully. (HiGHS Status 7: Optimal),0.0000000000,701.4772962293,701.4772962293,0.0030116000,0
2026-07-22T18:00:00,shared_ridge10,2026-07-24,0,Optimization terminated successfully. (HiGHS Status 7: Optimal),0.0000000000,700.9721337945,700.9721337945,0.0031397000,0
2026-07-22T18:00:00,shared_ridge10,2026-07-25,0,Optimization terminated successfully. (HiGHS Status 7: Optimal),0.0000000000,1116.6312715151,1116.6312715151,0.0761682000,1
2026-07-22T18:00:00,shared_ridge10,2026-07-26,0,Optimization terminated successfully. (HiGHS Status 7: Optimal),0.0000000000,1079.5726999559,1079.5726999559,0.0819460000,1
2026-07-22T18:00:00,shared_ridge10,2026-07-27,0,Optimization terminated successfully. (HiGHS Status 7: Optimal),0.0000000000,702.1234513399,702.1234513399,0.0032563000,0
2026-07-22T18:00:00,shared_ridge10,2026-07-28,0,Optimization terminated successfully. (HiGHS Status 7: Optimal),0.0000000000,702.0084913741,702.0084913741,0.0030537000,0
2026-07-22T18:00:00,shared_ridge10,2026-07-29,0,Optimization terminated successfully. (HiGHS Status 7: Optimal),0.0000000000,701.0489774036,701.0489774036,0.0029478000,0
2026-07-22T18:00:00,shared_ridge10,2026-07-30,0,Optimization terminated successfully. (HiGHS Status 7: Optimal),0.0000000000,702.2394080490,702.2394080490,0.0033352000,0
2026-07-22T18:00:00,shared_ridge10,2026-07-31,0,Optimization terminated successfully. (HiGHS Status 7: Optimal),0.0000000000,701.5995762866,701.5995762865,0.0028730000,0
2026-07-22T18:00:00,shared_ridge10,2026-08-01,0,Optimization terminated successfully. (HiGHS Status 7: Optimal),0.0000000000,1183.0334687358,1183.0334687358,0.0810883000,1
2026-07-22T18:00:00,shared_ridge10,2026-08-02,0,Optimization terminated successfully. (HiGHS Status 7: Optimal),0.0000000000,1143.3936805085,1143.3936805085,0.0772132000,1
2026-07-22T18:00:00,shared_ridge10,2026-08-03,0,Optimization terminated successfully. (HiGHS Status 7: Optimal),0.0000000000,701.2742173517,701.2742173516,0.0066770000,0
2026-07-22T18:00:00,shared_ridge10,2026-08-04,0,Optimization terminated successfully. (HiGHS Status 7: Optimal),0.0000000000,702.0288325342,702.0288325342,0.0033950000,0
2026-07-22T18:00:00,shared_ridge10,2026-08-05,0,Optimization terminated successfully. (HiGHS Status 7: Optimal),0.0000000000,702.2070603283,702.2070603283,0.0029765000,0
2026-07-22T18:00:00,shared_ridge100,2026-07-23,0,Optimization terminated successfully. (HiGHS Status 7: Optimal),0.0000000000,727.6603653443,727.6603653443,0.0031355000,0
2026-07-22T18:00:00,shared_ridge100,2026-07-24,0,Optimization terminated successfully. (HiGHS Status 7: Optimal),0.0000000000,729.8166693730,729.8166693730,0.2095538000,1
2026-07-22T18:00:00,shared_ridge100,2026-07-25,0,Optimization terminated successfully. (HiGHS Status 7: Optimal),0.0000000000,951.5745449624,951.5745449624,0.0854430000,1
2026-07-22T18:00:00,shared_ridge100,2026-07-26,0,Optimization terminated successfully. (HiGHS Status 7: Optimal),0.0000000000,944.2423624235,944.2423624235,0.0822979000,1
2026-07-22T18:00:00,shared_ridge100,2026-07-27,0,Optimization terminated successfully. (HiGHS Status 7: Optimal),0.0000000000,731.4402326401,731.4402326401,0.1921352000,1
2026-07-22T18:00:00,shared_ridge100,2026-07-28,0,Optimization terminated successfully. (HiGHS Status 7: Optimal),0.0000000000,730.4852624068,730.4852624068,0.1962318000,1
2026-07-22T18:00:00,shared_ridge100,2026-07-29,0,Optimization terminated successfully. (HiGHS Status 7: Optimal),0.0000000000,744.3301533834,744.3301533834,0.2051044000,1
2026-07-22T18:00:00,shared_ridge100,2026-07-30,0,Optimization terminated successfully. (HiGHS Status 7: Optimal),0.0000000000,736.6157722507,736.6157722507,0.2131650000,1
2026-07-22T18:00:00,shared_ridge100,2026-07-31,0,Optimization terminated successfully. (HiGHS Status 7: Optimal),0.0000000000,779.1346461320,779.1346461320,0.2164283000,1
2026-07-22T18:00:00,shared_ridge100,2026-08-01,0,Optimization terminated successfully. (HiGHS Status 7: Optimal),0.0000000000,1160.4579497892,1160.4579497892,0.0772285000,1
2026-07-22T18:00:00,shared_ridge100,2026-08-02,0,Optimization terminated successfully. (HiGHS Status 7: Optimal),0.0000000000,1149.2726113973,1149.2726113973,0.0912106000,1
2026-07-22T18:00:00,shared_ridge100,2026-08-03,0,Optimization terminated successfully. (HiGHS Status 7: Optimal),0.0000000000,784.5109263047,784.5109263047,0.0922375000,1
2026-07-22T18:00:00,shared_ridge100,2026-08-04,0,Optimization terminated successfully. (HiGHS Status 7: Optimal),0.0000000000,783.8723423149,783.8723423149,0.0786975000,1
2026-07-22T18:00:00,shared_ridge100,2026-08-05,0,Optimization terminated successfully. (HiGHS Status 7: Optimal),0.0000000000,813.7156079485,813.7156079485,0.0797751000,1
2026-08-05T18:00:00,weekly_median56,2026-08-06,0,Optimization terminated successfully. (HiGHS Status 7: Optimal),0.0000000000,857.7840000000,857.7840000000,0.1039085000,1
2026-08-05T18:00:00,weekly_median56,2026-08-07,0,Optimization terminated successfully. (HiGHS Status 7: Optimal),0.0000000000,885.6800000000,885.6800000000,0.0226313000,1
2026-08-05T18:00:00,weekly_median56,2026-08-08,0,Optimization terminated successfully. (HiGHS Status 7: Optimal),0.0000000000,1570.0800000000,1570.0800000000,0.0244268000,1
2026-08-05T18:00:00,weekly_median56,2026-08-09,0,Optimization terminated successfully. (HiGHS Status 7: Optimal),0.0000000000,1460.6000000000,1460.6000000000,0.0371594000,1
2026-08-05T18:00:00,weekly_median56,2026-08-10,0,Optimization terminated successfully. (HiGHS Status 7: Optimal),0.0000000000,854.6120000000,854.6120000000,0.1079535000,1
2026-08-05T18:00:00,weekly_median56,2026-08-11,0,Optimization terminated successfully. (HiGHS Status 7: Optimal),0.0000000000,857.2990000000,857.2990000000,0.1041935000,1
2026-08-05T18:00:00,weekly_median56,2026-08-12,0,Optimization terminated successfully. (HiGHS Status 7: Optimal),0.0000000000,855.2270000000,855.2270000000,0.1031750000,1
2026-08-05T18:00:00,weekly_median56,2026-08-13,0,Optimization terminated successfully. (HiGHS Status 7: Optimal),0.0000000000,857.7840000000,857.7840000000,0.1166997000,1
2026-08-05T18:00:00,weekly_median56,2026-08-14,0,Optimization terminated successfully. (HiGHS Status 7: Optimal),0.0000000000,885.6800000000,885.6800000000,0.0233905000,1
2026-08-05T18:00:00,weekly_median56,2026-08-15,0,Optimization terminated successfully. (HiGHS Status 7: Optimal),0.0000000000,1570.0800000000,1570.0800000000,0.0254994000,1
2026-08-05T18:00:00,weekly_median56,2026-08-16,0,Optimization terminated successfully. (HiGHS Status 7: Optimal),0.0000000000,1460.6000000000,1460.6000000000,0.0263847000,1
2026-08-05T18:00:00,weekly_median56,2026-08-17,0,Optimization terminated successfully. (HiGHS Status 7: Optimal),0.0000000000,854.6120000000,854.6120000000,0.1146440000,1
2026-08-05T18:00:00,weekly_median56,2026-08-18,0,Optimization terminated successfully. (HiGHS Status 7: Optimal),0.0000000000,857.2990000000,857.2990000000,0.1008031000,1
2026-08-05T18:00:00,weekly_median56,2026-08-19,0,Optimization terminated successfully. (HiGHS Status 7: Optimal),0.0000000000,855.2270000000,855.2270000000,0.0969744000,1
2026-08-05T18:00:00,weekly_mean84,2026-08-06,0,Optimization terminated successfully. (HiGHS Status 7: Optimal),0.0000000000,827.1075393939,827.1075393939,0.3941891000,1
2026-08-05T18:00:00,weekly_mean84,2026-08-07,0,Optimization terminated successfully. (HiGHS Status 7: Optimal),0.0000000000,843.9934777778,843.9934777778,0.3558133000,1
2026-08-05T18:00:00,weekly_mean84,2026-08-08,0,Optimization terminated successfully. (HiGHS Status 7: Optimal),0.0000000000,1540.8842424242,1540.8842424242,0.1720243000,1
2026-08-05T18:00:00,weekly_mean84,2026-08-09,0,Optimization terminated successfully. (HiGHS Status 7: Optimal),0.0000000000,1440.7278676768,1440.7278676768,0.1707454000,1
2026-08-05T18:00:00,weekly_mean84,2026-08-10,0,Optimization terminated successfully. (HiGHS Status 7: Optimal),0.0000000000,830.5165575758,830.5165575758,0.3632942000,1
2026-08-05T18:00:00,weekly_mean84,2026-08-11,0,Optimization terminated successfully. (HiGHS Status 7: Optimal),0.0000000000,828.3433151515,828.3433151515,0.3622755000,1
2026-08-05T18:00:00,weekly_mean84,2026-08-12,0,Optimization terminated successfully. (HiGHS Status 7: Optimal),0.0000000000,829.0316505051,829.0316505051,0.3609784000,1
2026-08-05T18:00:00,weekly_mean84,2026-08-13,0,Optimization terminated successfully. (HiGHS Status 7: Optimal),0.0000000000,827.1075393939,827.1075393939,0.3569496000,1
2026-08-05T18:00:00,weekly_mean84,2026-08-14,0,Optimization terminated successfully. (HiGHS Status 7: Optimal),0.0000000000,843.9934777778,843.9934777778,0.3848844000,1
2026-08-05T18:00:00,weekly_mean84,2026-08-15,0,Optimization terminated successfully. (HiGHS Status 7: Optimal),0.0000000000,1540.8842424242,1540.8842424242,0.2036973000,1
2026-08-05T18:00:00,weekly_mean84,2026-08-16,0,Optimization terminated successfully. (HiGHS Status 7: Optimal),0.0000000000,1440.7278676768,1440.7278676768,0.1689386000,1
2026-08-05T18:00:00,weekly_mean84,2026-08-17,0,Optimization terminated successfully. (HiGHS Status 7: Optimal),0.0000000000,830.5165575758,830.5165575758,0.3775639000,1
2026-08-05T18:00:00,weekly_mean84,2026-08-18,0,Optimization terminated successfully. (HiGHS Status 7: Optimal),0.0000000000,828.3433151515,828.3433151515,0.3784588000,1
2026-08-05T18:00:00,weekly_mean84,2026-08-19,0,Optimization terminated successfully. (HiGHS Status 7: Optimal),0.0000000000,829.0316505051,829.0316505051,0.3691588000,1
2026-08-05T18:00:00,shared_ridge10,2026-08-06,0,Optimization terminated successfully. (HiGHS Status 7: Optimal),0.0000000000,771.3831018553,771.3831018552,0.0033467000,0
2026-08-05T18:00:00,shared_ridge10,2026-08-07,0,Optimization terminated successfully. (HiGHS Status 7: Optimal),0.0000000000,772.1394248281,772.1394248281,0.3632001000,1
2026-08-05T18:00:00,shared_ridge10,2026-08-08,0,Optimization terminated successfully. (HiGHS Status 7: Optimal),0.0000000000,1293.4070325172,1293.4070325172,0.1805570000,1
2026-08-05T18:00:00,shared_ridge10,2026-08-09,0,Optimization terminated successfully. (HiGHS Status 7: Optimal),0.0000000000,1238.8226520565,1238.8226520565,0.1741173000,1
2026-08-05T18:00:00,shared_ridge10,2026-08-10,0,Optimization terminated successfully. (HiGHS Status 7: Optimal),0.0000000000,771.3263203934,771.3263203934,0.3756342000,1
2026-08-05T18:00:00,shared_ridge10,2026-08-11,0,Optimization terminated successfully. (HiGHS Status 7: Optimal),0.0000000000,771.3346429879,771.3346429879,0.0032973000,0
2026-08-05T18:00:00,shared_ridge10,2026-08-12,0,Optimization terminated successfully. (HiGHS Status 7: Optimal),0.0000000000,771.5825405574,771.5825405574,0.3705678000,1
2026-08-05T18:00:00,shared_ridge10,2026-08-13,0,Optimization terminated successfully. (HiGHS Status 7: Optimal),0.0000000000,770.9829097175,770.9829097175,0.0032746000,0
2026-08-05T18:00:00,shared_ridge10,2026-08-14,0,Optimization terminated successfully. (HiGHS Status 7: Optimal),0.0000000000,774.1055895893,774.1055895893,0.3743771000,1
2026-08-05T18:00:00,shared_ridge10,2026-08-15,0,Optimization terminated successfully. (HiGHS Status 7: Optimal),0.0000000000,1333.3632938254,1333.3632938254,0.1967636000,1
2026-08-05T18:00:00,shared_ridge10,2026-08-16,0,Optimization terminated successfully. (HiGHS Status 7: Optimal),0.0000000000,1277.4518086558,1277.4518086558,0.1905206000,1
2026-08-05T18:00:00,shared_ridge10,2026-08-17,0,Optimization terminated successfully. (HiGHS Status 7: Optimal),0.0000000000,772.6450866908,772.6450866908,0.3900426000,1
2026-08-05T18:00:00,shared_ridge10,2026-08-18,0,Optimization terminated successfully. (HiGHS Status 7: Optimal),0.0000000000,771.3813004494,771.3813004494,0.3703221000,1
2026-08-05T18:00:00,shared_ridge10,2026-08-19,0,Optimization terminated successfully. (HiGHS Status 7: Optimal),0.0000000000,772.6656220951,772.6656220951,0.3806631000,1
2026-08-05T18:00:00,shared_ridge100,2026-08-06,0,Optimization terminated successfully. (HiGHS Status 7: Optimal),0.0000000000,819.2087396422,819.2087396422,0.0033753000,0
2026-08-05T18:00:00,shared_ridge100,2026-08-07,0,Optimization terminated successfully. (HiGHS Status 7: Optimal),0.0000000000,826.1988899499,826.1988899499,0.4324240000,1
2026-08-05T18:00:00,shared_ridge100,2026-08-08,0,Optimization terminated successfully. (HiGHS Status 7: Optimal),0.0000000000,1081.8965936234,1081.8965936234,0.1900113000,1
2026-08-05T18:00:00,shared_ridge100,2026-08-09,0,Optimization terminated successfully. (HiGHS Status 7: Optimal),0.0000000000,1063.0489285006,1063.0489285006,0.1879213000,1
2026-08-05T18:00:00,shared_ridge100,2026-08-10,0,Optimization terminated successfully. (HiGHS Status 7: Optimal),0.0000000000,825.5807160795,825.5807160795,0.4069343000,1
2026-08-05T18:00:00,shared_ridge100,2026-08-11,0,Optimization terminated successfully. (HiGHS Status 7: Optimal),0.0000000000,824.3066252371,824.3066252371,0.4502543000,1
2026-08-05T18:00:00,shared_ridge100,2026-08-12,0,Optimization terminated successfully. (HiGHS Status 7: Optimal),0.0000000000,832.6591492455,832.6591492455,0.4488198000,1
2026-08-05T18:00:00,shared_ridge100,2026-08-13,0,Optimization terminated successfully. (HiGHS Status 7: Optimal),0.0000000000,828.4805970715,828.4805970715,0.4085802000,1
2026-08-05T18:00:00,shared_ridge100,2026-08-14,0,Optimization terminated successfully. (HiGHS Status 7: Optimal),0.0000000000,862.0850286287,862.0850286287,0.1842562000,1
2026-08-05T18:00:00,shared_ridge100,2026-08-15,0,Optimization terminated successfully. (HiGHS Status 7: Optimal),0.0000000000,1250.8638800650,1250.8638800650,0.1905576000,1
2026-08-05T18:00:00,shared_ridge100,2026-08-16,0,Optimization terminated successfully. (HiGHS Status 7: Optimal),0.0000000000,1227.6868543804,1227.6868543804,0.1817270000,1
2026-08-05T18:00:00,shared_ridge100,2026-08-17,0,Optimization terminated successfully. (HiGHS Status 7: Optimal),0.0000000000,860.5247847550,860.5247847550,0.1857740000,1
2026-08-05T18:00:00,shared_ridge100,2026-08-18,0,Optimization terminated successfully. (HiGHS Status 7: Optimal),0.0000000000,858.9508863058,858.9508863058,0.1983417000,1
2026-08-05T18:00:00,shared_ridge100,2026-08-19,0,Optimization terminated successfully. (HiGHS Status 7: Optimal),0.0000000000,878.5116740620,878.5116740620,0.2031012000,1
2026-08-19T18:00:00,weekly_median56,2026-08-20,0,Optimization terminated successfully. (HiGHS Status 7: Optimal),0.0000000000,854.9647435897,854.9647435897,0.1209727000,1
2026-08-19T18:00:00,weekly_median56,2026-08-21,0,Optimization terminated successfully. (HiGHS Status 7: Optimal),0.0000000000,870.1948717949,870.1948717949,0.1312171000,1
2026-08-19T18:00:00,weekly_median56,2026-08-22,0,Optimization terminated successfully. (HiGHS Status 7: Optimal),0.0000000000,1570.0230769231,1570.0230769231,0.0381484000,1
2026-08-19T18:00:00,weekly_median56,2026-08-23,0,Optimization terminated successfully. (HiGHS Status 7: Optimal),0.0000000000,1538.2391025641,1538.2391025641,0.0501216000,1
2026-08-19T18:00:00,weekly_median56,2026-08-24,0,Optimization terminated successfully. (HiGHS Status 7: Optimal),0.0000000000,858.5230769231,858.5230769231,0.1564430000,1
2026-08-19T18:00:00,weekly_median56,2026-08-25,0,Optimization terminated successfully. (HiGHS Status 7: Optimal),0.0000000000,858.2794871795,858.2794871795,0.1536723000,1
2026-08-19T18:00:00,weekly_median56,2026-08-26,0,Optimization terminated successfully. (HiGHS Status 7: Optimal),0.0000000000,853.0615384615,853.0615384615,0.1214729000,1
2026-08-19T18:00:00,weekly_median56,2026-08-27,0,Optimization terminated successfully. (HiGHS Status 7: Optimal),0.0000000000,854.9647435897,854.9647435897,0.1314154000,1
2026-08-19T18:00:00,weekly_median56,2026-08-28,0,Optimization terminated successfully. (HiGHS Status 7: Optimal),0.0000000000,870.1948717949,870.1948717949,0.1388257000,1
2026-08-19T18:00:00,weekly_median56,2026-08-29,0,Optimization terminated successfully. (HiGHS Status 7: Optimal),0.0000000000,1570.0230769231,1570.0230769231,0.0394617000,1
2026-08-19T18:00:00,weekly_median56,2026-08-30,0,Optimization terminated successfully. (HiGHS Status 7: Optimal),0.0000000000,1538.2391025641,1538.2391025641,0.0383948000,1
2026-08-19T18:00:00,weekly_median56,2026-08-31,0,Optimization terminated successfully. (HiGHS Status 7: Optimal),0.0000000000,858.5230769231,858.5230769231,0.1210387000,1
2026-08-19T18:00:00,weekly_median56,2026-09-01,0,Optimization terminated successfully. (HiGHS Status 7: Optimal),0.0000000000,858.2794871795,858.2794871795,0.1246729000,1
2026-08-19T18:00:00,weekly_median56,2026-09-02,0,Optimization terminated successfully. (HiGHS Status 7: Optimal),0.0000000000,853.0615384615,853.0615384615,0.1163711000,1
2026-08-19T18:00:00,weekly_mean84,2026-08-20,0,Optimization terminated successfully. (HiGHS Status 7: Optimal),0.0000000000,823.9501651127,823.9501651127,0.4251705000,1
2026-08-19T18:00:00,weekly_mean84,2026-08-21,0,Optimization terminated successfully. (HiGHS Status 7: Optimal),0.0000000000,844.4538856514,844.4538856514,0.4602884000,1
2026-08-19T18:00:00,weekly_mean84,2026-08-22,0,Optimization terminated successfully. (HiGHS Status 7: Optimal),0.0000000000,1489.3564970215,1489.3564970215,0.2233524000,1
2026-08-19T18:00:00,weekly_mean84,2026-08-23,0,Optimization terminated successfully. (HiGHS Status 7: Optimal),0.0000000000,1479.5635845636,1479.5635845636,0.2487867000,1
2026-08-19T18:00:00,weekly_mean84,2026-08-24,0,Optimization terminated successfully. (HiGHS Status 7: Optimal),0.0000000000,829.8326314426,829.8326314426,0.4207141000,1
2026-08-19T18:00:00,weekly_mean84,2026-08-25,0,Optimization terminated successfully. (HiGHS Status 7: Optimal),0.0000000000,829.2677201502,829.2677201502,0.4361712000,1
2026-08-19T18:00:00,weekly_mean84,2026-08-26,0,Optimization terminated successfully. (HiGHS Status 7: Optimal),0.0000000000,825.7282938358,825.7282938358,0.4475882000,1
2026-08-19T18:00:00,weekly_mean84,2026-08-27,0,Optimization terminated successfully. (HiGHS Status 7: Optimal),0.0000000000,823.9501651127,823.9501651127,0.4313520000,1
2026-08-19T18:00:00,weekly_mean84,2026-08-28,0,Optimization terminated successfully. (HiGHS Status 7: Optimal),0.0000000000,844.4538856514,844.4538856514,0.4368570000,1
2026-08-19T18:00:00,weekly_mean84,2026-08-29,0,Optimization terminated successfully. (HiGHS Status 7: Optimal),0.0000000000,1489.3564970215,1489.3564970215,0.2107892000,1
2026-08-19T18:00:00,weekly_mean84,2026-08-30,0,Optimization terminated successfully. (HiGHS Status 7: Optimal),0.0000000000,1479.5635845636,1479.5635845636,0.2225906000,1
2026-08-19T18:00:00,weekly_mean84,2026-08-31,0,Optimization terminated successfully. (HiGHS Status 7: Optimal),0.0000000000,829.8326314426,829.8326314426,0.4595387000,1
2026-08-19T18:00:00,weekly_mean84,2026-09-01,0,Optimization terminated successfully. (HiGHS Status 7: Optimal),0.0000000000,829.2677201502,829.2677201502,0.4565330000,1
2026-08-19T18:00:00,weekly_mean84,2026-09-02,0,Optimization terminated successfully. (HiGHS Status 7: Optimal),0.0000000000,825.7282938358,825.7282938358,0.4595618000,1
2026-08-19T18:00:00,shared_ridge10,2026-08-20,0,Optimization terminated successfully. (HiGHS Status 7: Optimal),0.0000000000,764.8363445515,764.8363445515,0.0035079000,0
2026-08-19T18:00:00,shared_ridge10,2026-08-21,0,Optimization terminated successfully. (HiGHS Status 7: Optimal),0.0000000000,767.1727242659,767.1727242659,0.4738534000,1
2026-08-19T18:00:00,shared_ridge10,2026-08-22,0,Optimization terminated successfully. (HiGHS Status 7: Optimal),0.0000000000,1275.4928166912,1275.4928166912,0.2285822000,1
2026-08-19T18:00:00,shared_ridge10,2026-08-23,0,Optimization terminated successfully. (HiGHS Status 7: Optimal),0.0000000000,1243.1017813947,1243.1017813947,0.2305520000,1
2026-08-19T18:00:00,shared_ridge10,2026-08-24,0,Optimization terminated successfully. (HiGHS Status 7: Optimal),0.0000000000,766.0970668508,766.0970668508,0.4490797000,1
2026-08-19T18:00:00,shared_ridge10,2026-08-25,0,Optimization terminated successfully. (HiGHS Status 7: Optimal),0.0000000000,765.0811786943,765.0811786943,0.3985133000,1
2026-08-19T18:00:00,shared_ridge10,2026-08-26,0,Optimization terminated successfully. (HiGHS Status 7: Optimal),0.0000000000,765.5062936842,765.5062936842,0.4398265000,1
2026-08-19T18:00:00,shared_ridge10,2026-08-27,0,Optimization terminated successfully. (HiGHS Status 7: Optimal),0.0000000000,764.9439568255,764.9439568255,0.0034876000,0
2026-08-19T18:00:00,shared_ridge10,2026-08-28,0,Optimization terminated successfully. (HiGHS Status 7: Optimal),0.0000000000,770.3351656858,770.3351656858,0.4681086000,1
2026-08-19T18:00:00,shared_ridge10,2026-08-29,0,Optimization terminated successfully. (HiGHS Status 7: Optimal),0.0000000000,1327.2598849548,1327.2598849548,0.2277971000,1
2026-08-19T18:00:00,shared_ridge10,2026-08-30,0,Optimization terminated successfully. (HiGHS Status 7: Optimal),0.0000000000,1292.3180698906,1292.3180698906,0.2259721000,1
2026-08-19T18:00:00,shared_ridge10,2026-08-31,0,Optimization terminated successfully. (HiGHS Status 7: Optimal),0.0000000000,767.7112174784,767.7112174784,0.4553016000,1
2026-08-19T18:00:00,shared_ridge10,2026-09-01,0,Optimization terminated successfully. (HiGHS Status 7: Optimal),0.0000000000,766.1737610178,766.1737610178,0.4534303000,1
2026-08-19T18:00:00,shared_ridge10,2026-09-02,0,Optimization terminated successfully. (HiGHS Status 7: Optimal),0.0000000000,767.2391429714,767.2391429714,0.4542020000,1
2026-08-19T18:00:00,shared_ridge100,2026-08-20,0,Optimization terminated successfully. (HiGHS Status 7: Optimal),0.0000000000,813.4258816417,813.4258816417,0.0044781000,0
2026-08-19T18:00:00,shared_ridge100,2026-08-21,0,Optimization terminated successfully. (HiGHS Status 7: Optimal),0.0000000000,819.6130566974,819.6130566974,0.4870363000,1
2026-08-19T18:00:00,shared_ridge100,2026-08-22,0,Optimization terminated successfully. (HiGHS Status 7: Optimal),0.0000000000,1071.6347763879,1071.6347763879,0.2406558000,1
2026-08-19T18:00:00,shared_ridge100,2026-08-23,0,Optimization terminated successfully. (HiGHS Status 7: Optimal),0.0000000000,1063.3658689198,1063.3658689198,0.2543367000,1
2026-08-19T18:00:00,shared_ridge100,2026-08-24,0,Optimization terminated successfully. (HiGHS Status 7: Optimal),0.0000000000,818.5161625934,818.5161625934,0.4849658000,1
2026-08-19T18:00:00,shared_ridge100,2026-08-25,0,Optimization terminated successfully. (HiGHS Status 7: Optimal),0.0000000000,817.7696771429,817.7696771429,0.4818405000,1
2026-08-19T18:00:00,shared_ridge100,2026-08-26,0,Optimization terminated successfully. (HiGHS Status 7: Optimal),0.0000000000,822.5663242986,822.5663242986,0.4638914000,1
2026-08-19T18:00:00,shared_ridge100,2026-08-27,0,Optimization terminated successfully. (HiGHS Status 7: Optimal),0.0000000000,818.8678108039,818.8678108039,0.4780503000,1
2026-08-19T18:00:00,shared_ridge100,2026-08-28,0,Optimization terminated successfully. (HiGHS Status 7: Optimal),0.0000000000,848.2091967614,848.2091967614,0.2371558000,1
2026-08-19T18:00:00,shared_ridge100,2026-08-29,0,Optimization terminated successfully. (HiGHS Status 7: Optimal),0.0000000000,1213.6511530442,1213.6511530442,0.2490111000,1
2026-08-19T18:00:00,shared_ridge100,2026-08-30,0,Optimization terminated successfully. (HiGHS Status 7: Optimal),0.0000000000,1202.3160070886,1202.3160070886,0.2479832000,1
2026-08-19T18:00:00,shared_ridge100,2026-08-31,0,Optimization terminated successfully. (HiGHS Status 7: Optimal),0.0000000000,844.6812137346,844.6812137346,0.3204377000,1
2026-08-19T18:00:00,shared_ridge100,2026-09-01,0,Optimization terminated successfully. (HiGHS Status 7: Optimal),0.0000000000,841.2692759262,841.2692759262,0.4735366000,1
2026-08-19T18:00:00,shared_ridge100,2026-09-02,0,Optimization terminated successfully. (HiGHS Status 7: Optimal),0.0000000000,853.5502750110,853.5502750110,0.2388394000,1
2026-09-02T18:00:00,shared_ridge10,2026-09-03,0,Optimization terminated successfully. (HiGHS Status 7: Optimal),0.0000000000,777.3520643722,777.3520643722,0.4807383000,1
2026-09-02T18:00:00,shared_ridge10,2026-09-04,0,Optimization terminated successfully. (HiGHS Status 7: Optimal),0.0000000000,787.2426355525,787.2426355525,0.5214200000,1
2026-09-02T18:00:00,shared_ridge10,2026-09-05,0,Optimization terminated successfully. (HiGHS Status 7: Optimal),0.0000000000,1378.2918384307,1378.2918384307,0.2556520000,1
2026-09-02T18:00:00,shared_ridge10,2026-09-06,0,Optimization terminated successfully. (HiGHS Status 7: Optimal),0.0000000000,1347.8026283676,1347.8026283676,0.2564341000,1
2026-09-02T18:00:00,shared_ridge10,2026-09-07,0,Optimization terminated successfully. (HiGHS Status 7: Optimal),0.0000000000,781.8924998373,781.8924998373,0.5133672000,1
2026-09-02T18:00:00,shared_ridge10,2026-09-08,0,Optimization terminated successfully. (HiGHS Status 7: Optimal),0.0000000000,779.0128262792,779.0128262792,0.5220183000,1
2026-09-02T18:00:00,shared_ridge10,2026-09-09,0,Optimization terminated successfully. (HiGHS Status 7: Optimal),0.0000000000,781.7453744320,781.7453744320,0.5123473000,1
2026-09-02T18:00:00,shared_ridge10,2026-09-10,0,Optimization terminated successfully. (HiGHS Status 7: Optimal),0.0000000000,778.7844683303,778.7844683303,0.4986142000,1
2026-09-02T18:00:00,shared_ridge10,2026-09-11,0,Optimization terminated successfully. (HiGHS Status 7: Optimal),0.0000000000,789.5864216308,789.5864216308,0.5212268000,1
2026-09-02T18:00:00,shared_ridge10,2026-09-12,0,Optimization terminated successfully. (HiGHS Status 7: Optimal),0.0000000000,1397.6803851651,1397.6803851651,0.2630414000,1
2026-09-02T18:00:00,shared_ridge10,2026-09-13,0,Optimization terminated successfully. (HiGHS Status 7: Optimal),0.0000000000,1387.7236692373,1387.7236692373,0.2617733000,1
2026-09-02T18:00:00,shared_ridge10,2026-09-14,0,Optimization terminated successfully. (HiGHS Status 7: Optimal),0.0000000000,785.8040224872,785.8040224872,0.5289398000,1
2026-09-02T18:00:00,shared_ridge10,2026-09-15,0,Optimization terminated successfully. (HiGHS Status 7: Optimal),0.0000000000,781.4340869568,781.4340869568,0.5124719000,1
2026-09-02T18:00:00,shared_ridge10,2026-09-16,0,Optimization terminated successfully. (HiGHS Status 7: Optimal),0.0000000000,786.4803481338,786.4803481338,0.5320653000,1
2026-09-02T18:00:00,weekly_median56,2026-09-03,0,Optimization terminated successfully. (HiGHS Status 7: Optimal),0.0000000000,873.8853773585,873.8853773585,0.1625683000,1
2026-09-02T18:00:00,weekly_median56,2026-09-04,0,Optimization terminated successfully. (HiGHS Status 7: Optimal),0.0000000000,894.9693396226,894.9693396226,0.0630497000,1
2026-09-02T18:00:00,weekly_median56,2026-09-05,0,Optimization terminated successfully. (HiGHS Status 7: Optimal),0.0000000000,1624.4858490566,1624.4858490566,0.0635393000,1
2026-09-02T18:00:00,weekly_median56,2026-09-06,0,Optimization terminated successfully. (HiGHS Status 7: Optimal),0.0000000000,1600.4405660377,1600.4405660377,0.0641151000,1
2026-09-02T18:00:00,weekly_median56,2026-09-07,0,Optimization terminated successfully. (HiGHS Status 7: Optimal),0.0000000000,872.7523584906,872.7523584906,0.1627416000,1
2026-09-02T18:00:00,weekly_median56,2026-09-08,0,Optimization terminated successfully. (HiGHS Status 7: Optimal),0.0000000000,872.3816037736,872.3816037736,0.1593741000,1
2026-09-02T18:00:00,weekly_median56,2026-09-09,0,Optimization terminated successfully. (HiGHS Status 7: Optimal),0.0000000000,869.9764150943,869.9764150943,0.1601410000,1
2026-09-02T18:00:00,weekly_median56,2026-09-10,0,Optimization terminated successfully. (HiGHS Status 7: Optimal),0.0000000000,873.8853773585,873.8853773585,0.1620460000,1
2026-09-02T18:00:00,weekly_median56,2026-09-11,0,Optimization terminated successfully. (HiGHS Status 7: Optimal),0.0000000000,894.9693396226,894.9693396226,0.0644168000,1
2026-09-02T18:00:00,weekly_median56,2026-09-12,0,Optimization terminated successfully. (HiGHS Status 7: Optimal),0.0000000000,1624.4858490566,1624.4858490566,0.0632824000,1
2026-09-02T18:00:00,weekly_median56,2026-09-13,0,Optimization terminated successfully. (HiGHS Status 7: Optimal),0.0000000000,1600.4405660377,1600.4405660377,0.0620381000,1
2026-09-02T18:00:00,weekly_median56,2026-09-14,0,Optimization terminated successfully. (HiGHS Status 7: Optimal),0.0000000000,872.7523584906,872.7523584906,0.1624301000,1
2026-09-02T18:00:00,weekly_median56,2026-09-15,0,Optimization terminated successfully. (HiGHS Status 7: Optimal),0.0000000000,872.3816037736,872.3816037736,0.1633539000,1
2026-09-02T18:00:00,weekly_median56,2026-09-16,0,Optimization terminated successfully. (HiGHS Status 7: Optimal),0.0000000000,869.9764150943,869.9764150943,0.1682134000,1
2026-09-16T18:00:00,shared_ridge10,2026-09-17,0,Optimization terminated successfully. (HiGHS Status 7: Optimal),0.0000000000,786.1156775623,786.1156775623,0.5324668000,1
2026-09-16T18:00:00,shared_ridge10,2026-09-18,0,Optimization terminated successfully. (HiGHS Status 7: Optimal),0.0000000000,798.6982396321,798.6982396321,0.5380028000,1
2026-09-16T18:00:00,shared_ridge10,2026-09-19,0,Optimization terminated successfully. (HiGHS Status 7: Optimal),0.0000000000,1443.2938695067,1443.2938695067,0.2842903000,1
2026-09-16T18:00:00,shared_ridge10,2026-09-20,0,Optimization terminated successfully. (HiGHS Status 7: Optimal),0.0000000000,1436.6477430872,1436.6477430872,0.2717614000,1
2026-09-16T18:00:00,shared_ridge10,2026-09-21,0,Optimization terminated successfully. (HiGHS Status 7: Optimal),0.0000000000,795.9189659905,795.9189659905,0.5413826000,1
2026-09-16T18:00:00,shared_ridge10,2026-09-22,0,Optimization terminated successfully. (HiGHS Status 7: Optimal),0.0000000000,792.0832670908,792.0832670908,0.5400532000,1
2026-09-16T18:00:00,shared_ridge10,2026-09-23,0,Optimization terminated successfully. (HiGHS Status 7: Optimal),0.0000000000,793.3533687197,793.3533687197,0.5430930000,1
2026-09-16T18:00:00,shared_ridge10,2026-09-24,0,Optimization terminated successfully. (HiGHS Status 7: Optimal),0.0000000000,789.0231297131,789.0231297131,0.5357559000,1
2026-09-16T18:00:00,shared_ridge10,2026-09-25,0,Optimization terminated successfully. (HiGHS Status 7: Optimal),0.0000000000,1135.1870291394,1135.1870291394,0.2753946000,1
2026-09-16T18:00:00,shared_ridge10,2026-09-26,0,Optimization terminated successfully. (HiGHS Status 7: Optimal),0.0000000000,1479.4418589647,1479.4418589647,0.2981959000,1
2026-09-16T18:00:00,shared_ridge10,2026-09-27,0,Optimization terminated successfully. (HiGHS Status 7: Optimal),0.0000000000,1465.4261686270,1465.4261686270,0.2767441000,1
2026-09-16T18:00:00,shared_ridge10,2026-09-28,0,Optimization terminated successfully. (HiGHS Status 7: Optimal),0.0000000000,799.5152254650,799.5152254650,0.5274635000,1
2026-09-16T18:00:00,shared_ridge10,2026-09-29,0,Optimization terminated successfully. (HiGHS Status 7: Optimal),0.0000000000,793.7831074590,793.7831074590,0.5585016000,1
2026-09-16T18:00:00,shared_ridge10,2026-09-30,0,Optimization terminated successfully. (HiGHS Status 7: Optimal),0.0000000000,796.4966377926,796.4966377926,0.5343482000,1
2026-09-16T18:00:00,weekly_median56,2026-09-17,0,Optimization terminated successfully. (HiGHS Status 7: Optimal),0.0000000000,891.4600746269,891.4600746269,0.1891469000,1
2026-09-16T18:00:00,weekly_median56,2026-09-18,0,Optimization terminated successfully. (HiGHS Status 7: Optimal),0.0000000000,930.7660447761,930.7660447761,0.0765224000,1
2026-09-16T18:00:00,weekly_median56,2026-09-19,0,Optimization terminated successfully. (HiGHS Status 7: Optimal),0.0000000000,1739.4638059701,1739.4638059702,0.0820100000,1
2026-09-16T18:00:00,weekly_median56,2026-09-20,0,Optimization terminated successfully. (HiGHS Status 7: Optimal),0.0000000000,1775.1294776119,1775.1294776119,0.0794034000,1
2026-09-16T18:00:00,weekly_median56,2026-09-21,0,Optimization terminated successfully. (HiGHS Status 7: Optimal),0.0000000000,903.6705223881,903.6705223881,0.0800561000,1
2026-09-16T18:00:00,weekly_median56,2026-09-22,0,Optimization terminated successfully. (HiGHS Status 7: Optimal),0.0000000000,889.9123134328,889.9123134328,0.1875026000,1
2026-09-16T18:00:00,weekly_median56,2026-09-23,0,Optimization terminated successfully. (HiGHS Status 7: Optimal),0.0000000000,890.5652985075,890.5652985075,0.1930818000,1
2026-09-16T18:00:00,weekly_median56,2026-09-24,0,Optimization terminated successfully. (HiGHS Status 7: Optimal),0.0000000000,891.4600746269,891.4600746269,0.1859675000,1
2026-09-16T18:00:00,weekly_median56,2026-09-25,0,Optimization terminated successfully. (HiGHS Status 7: Optimal),0.0000000000,930.7660447761,930.7660447761,0.0797782000,1
2026-09-16T18:00:00,weekly_median56,2026-09-26,0,Optimization terminated successfully. (HiGHS Status 7: Optimal),0.0000000000,1739.4638059701,1739.4638059702,0.0825563000,1
2026-09-16T18:00:00,weekly_median56,2026-09-27,0,Optimization terminated successfully. (HiGHS Status 7: Optimal),0.0000000000,1775.1294776119,1775.1294776119,0.0811257000,1
2026-09-16T18:00:00,weekly_median56,2026-09-28,0,Optimization terminated successfully. (HiGHS Status 7: Optimal),0.0000000000,903.6705223881,903.6705223881,0.0826165000,1
2026-09-16T18:00:00,weekly_median56,2026-09-29,0,Optimization terminated successfully. (HiGHS Status 7: Optimal),0.0000000000,889.9123134328,889.9123134328,0.1896493000,1
2026-09-16T18:00:00,weekly_median56,2026-09-30,0,Optimization terminated successfully. (HiGHS Status 7: Optimal),0.0000000000,890.5652985075,890.5652985075,0.1940100000,1
