task_id,vehicle_id,vehicle_type,item_id,cargo_type,x_cm,y_cm,z_cm,dx_cm,dy_cm,dz_cm,orientation,support_ids
Q1-S1,V001,T1,G1-0001,G1,0,0,0,40.0,60.0,30.0,yxz,
Q1-S1,V001,T1,G1-0002,G1,0,0,30.0,40.0,60.0,30.0,yxz,G1-0001
Q1-S1,V001,T1,G1-0003,G1,0,0,60.0,40.0,60.0,30.0,yxz,G1-0002
Q1-S1,V001,T1,G1-0004,G1,0,0,90.0,40.0,60.0,30.0,yxz,G1-0003
Q1-S1,V001,T1,G3-0001,G3,0,0,120.0,40.0,50.0,70.0,zyx,G1-0004
Q1-S1,V001,T1,G1-0005,G1,0,60.0,0,40.0,60.0,30.0,yxz,
Q1-S1,V001,T1,G1-0006,G1,0,60.0,30.0,40.0,60.0,30.0,yxz,G1-0005
Q1-S1,V001,T1,G1-0007,G1,0,60.0,60.0,40.0,60.0,30.0,yxz,G1-0006
Q1-S1,V001,T1,G1-0008,G1,0,60.0,90.0,40.0,60.0,30.0,yxz,G1-0007
Q1-S1,V001,T1,G3-0002,G3,0,60.0,120.0,40.0,50.0,70.0,zyx,G1-0008
Q1-S1,V001,T1,G1-0009,G1,0,120.0,0,40.0,60.0,30.0,yxz,
Q1-S1,V001,T1,G1-0010,G1,0,120.0,30.0,40.0,60.0,30.0,yxz,G1-0009
Q1-S1,V001,T1,G1-0011,G1,0,120.0,60.0,40.0,60.0,30.0,yxz,G1-0010
Q1-S1,V001,T1,G1-0012,G1,0,120.0,90.0,40.0,60.0,30.0,yxz,G1-0011
Q1-S1,V001,T1,G3-0003,G3,0,120.0,120.0,40.0,50.0,70.0,zyx,G1-0012
Q1-S1,V001,T1,G1-0013,G1,0,180.0,0,60.0,30.0,40.0,xzy,
Q1-S1,V001,T1,G1-0014,G1,0,180.0,40.0,60.0,30.0,40.0,xzy,G1-0013
Q1-S1,V001,T1,G1-0015,G1,0,180.0,80.0,60.0,30.0,40.0,xzy,G1-0014
Q1-S1,V001,T1,G1-0016,G1,0,180.0,120.0,60.0,30.0,40.0,xzy,G1-0015
Q1-S1,V001,T1,G1-0017,G1,0,180.0,160.0,60.0,30.0,40.0,xzy,G1-0016
Q1-S1,V001,T1,G1-0018,G1,40.0,0,0,40.0,60.0,30.0,yxz,
Q1-S1,V001,T1,G1-0019,G1,40.0,0,30.0,40.0,60.0,30.0,yxz,G1-0018
Q1-S1,V001,T1,G1-0020,G1,40.0,0,60.0,40.0,60.0,30.0,yxz,G1-0019
Q1-S1,V001,T1,G1-0021,G1,40.0,0,90.0,40.0,60.0,30.0,yxz,G1-0020
Q1-S1,V001,T1,G3-0004,G3,40.0,0,120.0,40.0,50.0,70.0,zyx,G1-0021
Q1-S1,V001,T1,G1-0022,G1,40.0,60.0,0,40.0,60.0,30.0,yxz,
Q1-S1,V001,T1,G1-0023,G1,40.0,60.0,30.0,40.0,60.0,30.0,yxz,G1-0022
Q1-S1,V001,T1,G1-0024,G1,40.0,60.0,60.0,40.0,60.0,30.0,yxz,G1-0023
Q1-S1,V001,T1,G1-0025,G1,40.0,60.0,90.0,40.0,60.0,30.0,yxz,G1-0024
Q1-S1,V001,T1,G3-0005,G3,40.0,60.0,120.0,40.0,50.0,70.0,zyx,G1-0025
Q1-S1,V001,T1,G1-0026,G1,40.0,120.0,0,40.0,60.0,30.0,yxz,
Q1-S1,V001,T1,G1-0027,G1,40.0,120.0,30.0,40.0,60.0,30.0,yxz,G1-0026
Q1-S1,V001,T1,G1-0028,G1,40.0,120.0,60.0,40.0,60.0,30.0,yxz,G1-0027
Q1-S1,V001,T1,G1-0029,G1,40.0,120.0,90.0,40.0,60.0,30.0,yxz,G1-0028
Q1-S1,V001,T1,G3-0006,G3,40.0,120.0,120.0,40.0,50.0,70.0,zyx,G1-0029
Q1-S1,V001,T1,G1-0030,G1,60.0,180.0,0,60.0,30.0,40.0,xzy,
Q1-S1,V001,T1,G1-0031,G1,60.0,180.0,40.0,60.0,30.0,40.0,xzy,G1-0030
Q1-S1,V001,T1,G1-0032,G1,60.0,180.0,80.0,60.0,30.0,40.0,xzy,G1-0031
Q1-S1,V001,T1,G1-0033,G1,60.0,180.0,120.0,60.0,30.0,40.0,xzy,G1-0032
Q1-S1,V001,T1,G1-0034,G1,60.0,180.0,160.0,60.0,30.0,40.0,xzy,G1-0033
Q1-S1,V001,T1,G1-0035,G1,80.0,0,0,40.0,60.0,30.0,yxz,
Q1-S1,V001,T1,G1-0036,G1,80.0,0,30.0,40.0,60.0,30.0,yxz,G1-0035
Q1-S1,V001,T1,G1-0037,G1,80.0,0,60.0,40.0,60.0,30.0,yxz,G1-0036
Q1-S1,V001,T1,G1-0038,G1,80.0,0,90.0,40.0,60.0,30.0,yxz,G1-0037
Q1-S1,V001,T1,G3-0007,G3,80.0,0,120.0,40.0,50.0,70.0,zyx,G1-0038
Q1-S1,V001,T1,G1-0039,G1,80.0,60.0,0,40.0,60.0,30.0,yxz,
Q1-S1,V001,T1,G1-0040,G1,80.0,60.0,30.0,40.0,60.0,30.0,yxz,G1-0039
Q1-S1,V001,T1,G1-0041,G1,80.0,60.0,60.0,40.0,60.0,30.0,yxz,G1-0040
Q1-S1,V001,T1,G1-0042,G1,80.0,60.0,90.0,40.0,60.0,30.0,yxz,G1-0041
Q1-S1,V001,T1,G3-0008,G3,80.0,60.0,120.0,40.0,50.0,70.0,zyx,G1-0042
Q1-S1,V001,T1,G1-0043,G1,80.0,120.0,0,40.0,60.0,30.0,yxz,
Q1-S1,V001,T1,G1-0044,G1,80.0,120.0,30.0,40.0,60.0,30.0,yxz,G1-0043
Q1-S1,V001,T1,G1-0045,G1,80.0,120.0,60.0,40.0,60.0,30.0,yxz,G1-0044
Q1-S1,V001,T1,G1-0046,G1,80.0,120.0,90.0,40.0,60.0,30.0,yxz,G1-0045
Q1-S1,V001,T1,G3-0009,G3,80.0,120.0,120.0,40.0,50.0,70.0,zyx,G1-0046
Q1-S1,V001,T1,G1-0047,G1,120.0,0,0,40.0,60.0,30.0,yxz,
Q1-S1,V001,T1,G1-0048,G1,120.0,0,30.0,40.0,60.0,30.0,yxz,G1-0047
Q1-S1,V001,T1,G1-0049,G1,120.0,0,60.0,40.0,60.0,30.0,yxz,G1-0048
Q1-S1,V001,T1,G1-0050,G1,120.0,0,90.0,40.0,60.0,30.0,yxz,G1-0049
Q1-S1,V001,T1,G3-0010,G3,120.0,0,120.0,40.0,50.0,70.0,zyx,G1-0050
Q1-S1,V001,T1,G1-0051,G1,120.0,60.0,0,40.0,60.0,30.0,yxz,
Q1-S1,V001,T1,G1-0052,G1,120.0,60.0,30.0,40.0,60.0,30.0,yxz,G1-0051
Q1-S1,V001,T1,G1-0053,G1,120.0,60.0,60.0,40.0,60.0,30.0,yxz,G1-0052
Q1-S1,V001,T1,G1-0054,G1,120.0,60.0,90.0,40.0,60.0,30.0,yxz,G1-0053
Q1-S1,V001,T1,G3-0011,G3,120.0,60.0,120.0,40.0,50.0,70.0,zyx,G1-0054
Q1-S1,V001,T1,G1-0055,G1,120.0,120.0,0,40.0,60.0,30.0,yxz,
Q1-S1,V001,T1,G1-0056,G1,120.0,120.0,30.0,40.0,60.0,30.0,yxz,G1-0055
Q1-S1,V001,T1,G1-0057,G1,120.0,120.0,60.0,40.0,60.0,30.0,yxz,G1-0056
Q1-S1,V001,T1,G1-0058,G1,120.0,120.0,90.0,40.0,60.0,30.0,yxz,G1-0057
Q1-S1,V001,T1,G3-0012,G3,120.0,120.0,120.0,40.0,50.0,70.0,zyx,G1-0058
Q1-S1,V001,T1,G1-0059,G1,120.0,180.0,0,60.0,30.0,40.0,xzy,
Q1-S1,V001,T1,G1-0060,G1,120.0,180.0,40.0,60.0,30.0,40.0,xzy,G1-0059
Q1-S1,V001,T1,G1-0061,G1,120.0,180.0,80.0,60.0,30.0,40.0,xzy,G1-0060
Q1-S1,V001,T1,G1-0062,G1,120.0,180.0,120.0,60.0,30.0,40.0,xzy,G1-0061
Q1-S1,V001,T1,G1-0063,G1,120.0,180.0,160.0,60.0,30.0,40.0,xzy,G1-0062
Q1-S1,V001,T1,G1-0064,G1,160.0,0,0,40.0,60.0,30.0,yxz,
Q1-S1,V001,T1,G1-0065,G1,160.0,0,30.0,40.0,60.0,30.0,yxz,G1-0064
Q1-S1,V001,T1,G1-0066,G1,160.0,0,60.0,40.0,60.0,30.0,yxz,G1-0065
Q1-S1,V001,T1,G1-0067,G1,160.0,0,90.0,40.0,60.0,30.0,yxz,G1-0066
Q1-S1,V001,T1,G3-0013,G3,160.0,0,120.0,40.0,50.0,70.0,zyx,G1-0067
Q1-S1,V001,T1,G1-0068,G1,160.0,60.0,0,40.0,60.0,30.0,yxz,
Q1-S1,V001,T1,G1-0069,G1,160.0,60.0,30.0,40.0,60.0,30.0,yxz,G1-0068
Q1-S1,V001,T1,G1-0070,G1,160.0,60.0,60.0,40.0,60.0,30.0,yxz,G1-0069
Q1-S1,V001,T1,G1-0071,G1,160.0,60.0,90.0,40.0,60.0,30.0,yxz,G1-0070
Q1-S1,V001,T1,G3-0014,G3,160.0,60.0,120.0,40.0,50.0,70.0,zyx,G1-0071
Q1-S1,V001,T1,G1-0072,G1,160.0,120.0,0,40.0,60.0,30.0,yxz,
Q1-S1,V001,T1,G1-0073,G1,160.0,120.0,30.0,40.0,60.0,30.0,yxz,G1-0072
Q1-S1,V001,T1,G1-0074,G1,160.0,120.0,60.0,40.0,60.0,30.0,yxz,G1-0073
Q1-S1,V001,T1,G1-0075,G1,160.0,120.0,90.0,40.0,60.0,30.0,yxz,G1-0074
Q1-S1,V001,T1,G3-0015,G3,160.0,120.0,120.0,40.0,50.0,70.0,zyx,G1-0075
Q1-S1,V001,T1,G1-0076,G1,180.0,180.0,0,60.0,30.0,40.0,xzy,
Q1-S1,V001,T1,G1-0077,G1,180.0,180.0,40.0,60.0,30.0,40.0,xzy,G1-0076
Q1-S1,V001,T1,G1-0078,G1,180.0,180.0,80.0,60.0,30.0,40.0,xzy,G1-0077
Q1-S1,V001,T1,G1-0079,G1,180.0,180.0,120.0,60.0,30.0,40.0,xzy,G1-0078
Q1-S1,V001,T1,G1-0080,G1,180.0,180.0,160.0,60.0,30.0,40.0,xzy,G1-0079
Q1-S1,V001,T1,G1-0081,G1,240.0,0,0,60.0,40.0,30.0,xyz,
Q1-S1,V001,T1,G1-0082,G1,240.0,0,30.0,60.0,40.0,30.0,xyz,G1-0081
Q1-S1,V001,T1,G1-0083,G1,240.0,0,60.0,60.0,40.0,30.0,xyz,G1-0082
Q1-S1,V001,T1,G1-0084,G1,240.0,0,90.0,60.0,40.0,30.0,xyz,G1-0083
Q1-S1,V001,T1,G3-0016,G3,240.0,0,120.0,50.0,40.0,70.0,yzx,G1-0084
Q1-S1,V001,T1,G1-0085,G1,200.0,0,0,40.0,60.0,30.0,yxz,
Q1-S1,V001,T1,G1-0086,G1,200.0,0,30.0,40.0,60.0,30.0,yxz,G1-0085
Q1-S1,V001,T1,G1-0087,G1,200.0,0,60.0,40.0,60.0,30.0,yxz,G1-0086
Q1-S1,V001,T1,G1-0088,G1,200.0,0,90.0,40.0,60.0,30.0,yxz,G1-0087
Q1-S1,V001,T1,G3-0017,G3,200.0,0,120.0,40.0,50.0,70.0,zyx,G1-0088
Q1-S1,V001,T1,G1-0089,G1,300.0,0,0,60.0,40.0,30.0,xyz,
Q1-S1,V001,T1,G1-0090,G1,300.0,0,30.0,60.0,40.0,30.0,xyz,G1-0089
Q1-S1,V001,T1,G1-0091,G1,300.0,0,60.0,60.0,40.0,30.0,xyz,G1-0090
Q1-S1,V001,T1,G1-0092,G1,300.0,0,90.0,60.0,40.0,30.0,xyz,G1-0091
Q1-S1,V001,T1,G3-0018,G3,300.0,0,120.0,50.0,40.0,70.0,yzx,G1-0092
Q1-S1,V001,T1,G1-0093,G1,200.0,60.0,0,40.0,60.0,30.0,yxz,
Q1-S1,V001,T1,G1-0094,G1,200.0,60.0,30.0,40.0,60.0,30.0,yxz,G1-0093
Q1-S1,V001,T1,G1-0095,G1,200.0,60.0,60.0,40.0,60.0,30.0,yxz,G1-0094
Q1-S1,V001,T1,G1-0096,G1,200.0,60.0,90.0,40.0,60.0,30.0,yxz,G1-0095
Q1-S1,V001,T1,G3-0019,G3,200.0,60.0,120.0,40.0,50.0,70.0,zyx,G1-0096
Q1-S1,V001,T1,G1-0097,G1,200.0,120.0,0,40.0,60.0,30.0,yxz,
Q1-S1,V001,T1,G1-0098,G1,200.0,120.0,30.0,40.0,60.0,30.0,yxz,G1-0097
Q1-S1,V001,T1,G1-0099,G1,200.0,120.0,60.0,40.0,60.0,30.0,yxz,G1-0098
Q1-S1,V001,T1,G1-0100,G1,200.0,120.0,90.0,40.0,60.0,30.0,yxz,G1-0099
Q1-S1,V001,T1,G3-0020,G3,200.0,120.0,120.0,40.0,50.0,70.0,zyx,G1-0100
Q1-S1,V001,T1,G1-0101,G1,240.0,40.0,0,60.0,40.0,30.0,xyz,
Q1-S1,V001,T1,G1-0102,G1,240.0,40.0,30.0,60.0,40.0,30.0,xyz,G1-0101
Q1-S1,V001,T1,G1-0103,G1,240.0,40.0,60.0,60.0,40.0,30.0,xyz,G1-0102
Q1-S1,V001,T1,G1-0104,G1,240.0,40.0,90.0,60.0,40.0,30.0,xyz,G1-0103
Q1-S1,V001,T1,G3-0021,G3,240.0,40.0,120.0,50.0,40.0,70.0,yzx,G1-0104
Q1-S1,V001,T1,G1-0105,G1,300.0,40.0,0,60.0,40.0,30.0,xyz,
Q1-S1,V001,T1,G1-0106,G1,300.0,40.0,30.0,60.0,40.0,30.0,xyz,G1-0105
Q1-S1,V001,T1,G1-0107,G1,300.0,40.0,60.0,60.0,40.0,30.0,xyz,G1-0106
Q1-S1,V001,T1,G1-0108,G1,300.0,40.0,90.0,60.0,40.0,30.0,xyz,G1-0107
Q1-S1,V001,T1,G3-0022,G3,300.0,40.0,120.0,50.0,40.0,70.0,yzx,G1-0108
Q1-S1,V001,T1,G1-0109,G1,240.0,80.0,0,40.0,60.0,30.0,yxz,
Q1-S1,V001,T1,G1-0110,G1,240.0,80.0,30.0,40.0,60.0,30.0,yxz,G1-0109
Q1-S1,V001,T1,G1-0111,G1,240.0,80.0,60.0,40.0,60.0,30.0,yxz,G1-0110
Q1-S1,V001,T1,G1-0112,G1,240.0,80.0,90.0,40.0,60.0,30.0,yxz,G1-0111
Q1-S1,V001,T1,G3-0023,G3,240.0,80.0,120.0,40.0,50.0,70.0,zyx,G1-0112
Q1-S1,V001,T1,G1-0113,G1,240.0,140.0,0,40.0,60.0,30.0,yxz,
Q1-S1,V001,T1,G1-0114,G1,240.0,140.0,30.0,40.0,60.0,30.0,yxz,G1-0113
Q1-S1,V001,T1,G1-0115,G1,240.0,140.0,60.0,40.0,60.0,30.0,yxz,G1-0114
Q1-S1,V001,T1,G1-0116,G1,240.0,140.0,90.0,40.0,60.0,30.0,yxz,G1-0115
Q1-S1,V001,T1,G3-0024,G3,240.0,140.0,120.0,40.0,50.0,70.0,zyx,G1-0116
Q1-S1,V001,T1,G1-0117,G1,280.0,80.0,0,60.0,40.0,30.0,xyz,
Q1-S1,V001,T1,G1-0118,G1,280.0,80.0,30.0,60.0,40.0,30.0,xyz,G1-0117
Q1-S1,V001,T1,G1-0119,G1,280.0,80.0,60.0,60.0,40.0,30.0,xyz,G1-0118
Q1-S1,V001,T1,G1-0120,G1,280.0,80.0,90.0,60.0,40.0,30.0,xyz,G1-0119
Q1-S1,V001,T1,G3-0025,G3,280.0,80.0,120.0,50.0,40.0,70.0,yzx,G1-0120
Q1-S1,V001,T1,G1-0121,G1,280.0,120.0,0,40.0,60.0,30.0,yxz,
Q1-S1,V001,T1,G1-0122,G1,280.0,120.0,30.0,40.0,60.0,30.0,yxz,G1-0121
Q1-S1,V001,T1,G1-0123,G1,280.0,120.0,60.0,40.0,60.0,30.0,yxz,G1-0122
Q1-S1,V001,T1,G1-0124,G1,280.0,120.0,90.0,40.0,60.0,30.0,yxz,G1-0123
Q1-S1,V001,T1,G3-0026,G3,280.0,120.0,120.0,40.0,50.0,70.0,zyx,G1-0124
Q1-S1,V001,T1,G1-0125,G1,280.0,180.0,0,60.0,30.0,40.0,xzy,
Q1-S1,V001,T1,G1-0126,G1,280.0,180.0,40.0,60.0,30.0,40.0,xzy,G1-0125
Q1-S1,V001,T1,G1-0127,G1,280.0,180.0,80.0,60.0,30.0,40.0,xzy,G1-0126
Q1-S1,V001,T1,G1-0128,G1,280.0,180.0,120.0,60.0,30.0,40.0,xzy,G1-0127
Q1-S1,V001,T1,G1-0129,G1,280.0,180.0,160.0,60.0,30.0,40.0,xzy,G1-0128
Q1-S1,V001,T1,G1-0130,G1,320.0,120.0,0,40.0,60.0,30.0,yxz,
Q1-S1,V001,T1,G1-0131,G1,320.0,120.0,30.0,40.0,60.0,30.0,yxz,G1-0130
Q1-S1,V001,T1,G1-0132,G1,320.0,120.0,60.0,40.0,60.0,30.0,yxz,G1-0131
Q1-S1,V001,T1,G1-0133,G1,320.0,120.0,90.0,40.0,60.0,30.0,yxz,G1-0132
Q1-S1,V001,T1,G3-0027,G3,320.0,120.0,120.0,40.0,50.0,70.0,zyx,G1-0133
Q1-S1,V001,T1,G1-0134,G1,340.0,80.0,0,30.0,40.0,60.0,zyx,
Q1-S1,V001,T1,G1-0135,G1,340.0,80.0,60.0,30.0,40.0,60.0,zyx,G1-0134
Q1-S1,V001,T1,G1-0136,G1,340.0,80.0,120.0,30.0,40.0,60.0,zyx,G1-0135
Q1-S1,V001,T1,G2-0001,G2,340.0,180.0,0,35.0,25.0,50.0,yzx,
Q1-S1,V001,T1,G2-0002,G2,340.0,180.0,50.0,35.0,25.0,50.0,yzx,G2-0001
Q1-S1,V001,T1,G2-0003,G2,340.0,180.0,100.0,35.0,25.0,50.0,yzx,G2-0002
Q1-S1,V001,T1,G2-0004,G2,340.0,180.0,150.0,35.0,25.0,50.0,yzx,G2-0003
