origin,method_id,service_date,holiday,horizon,rows,days,status,mae,rmse,bias,coverage,below,above,width,interval_score,shortage_per_day,waste_per_day,loss_per_day,procurement_per_day,q_per_day
2026-07-22T18:00:00,shared_ridge10,2026-07-23,0,1,96,1,estimated,2.0843154870,2.5384836226,0.6098033602,0.8229166667,0.0104166667,0.1666666667,8.6985062122,14.1953506443,327.8000000000,256.2000000000,584.0000000000,4653.0000000000,1343.0000000000
2026-07-22T18:00:00,shared_ridge10,2026-07-24,0,2,96,1,estimated,3.1906604798,3.7607918272,2.5956663958,0.8854166667,0.0729166667,0.0416666667,8.7034388112,12.8393846681,67.4000000000,445.6500000000,513.0500000000,4999.0000000000,1441.0000000000
2026-07-22T18:00:00,shared_ridge10,2026-07-25,0,3,96,1,estimated,2.9864339655,3.7975707411,-2.3632920307,0.5520833333,0.0104166667,0.4375000000,8.7034388112,34.4278094680,1240.2000000000,59.8500000000,1300.0500000000,5576.0000000000,1600.0000000000
2026-07-22T18:00:00,shared_ridge10,2026-07-26,0,4,96,1,estimated,2.5797202380,3.1243018273,0.8220048086,0.7916666667,0.0416666667,0.1666666667,8.7034388112,16.5218250170,416.1000000000,241.8000000000,657.9000000000,5556.0000000000,1600.0000000000
2026-07-22T18:00:00,shared_ridge10,2026-07-27,0,5,96,1,estimated,2.1365095995,2.7250853796,-0.3114923060,0.7604166667,0.0208333333,0.2187500000,8.7019389558,18.7322373182,462.2000000000,170.7000000000,632.9000000000,4812.0000000000,1387.0000000000
2026-07-22T18:00:00,shared_ridge10,2026-07-28,0,6,96,1,estimated,2.0681096817,2.5935957796,-0.5272802357,0.7395833333,0.0000000000,0.2604166667,8.7015907005,19.1431029106,519.3000000000,161.1000000000,680.4000000000,4728.0000000000,1365.0000000000
2026-07-22T18:00:00,shared_ridge10,2026-07-29,0,7,96,1,estimated,2.3987813965,2.9742510329,-1.1753885375,0.7187500000,0.0000000000,0.2812500000,8.7000477064,22.3730731032,676.5000000000,119.8500000000,796.3500000000,4690.0000000000,1353.0000000000
2026-07-22T18:00:00,shared_ridge10,2026-07-30,0,8,96,1,estimated,2.2736361733,2.8298049488,0.7099384609,0.8020833333,0.0416666667,0.1562500000,8.6995758441,13.2861394536,269.1000000000,271.8000000000,540.9000000000,4761.0000000000,1371.0000000000
2026-07-22T18:00:00,shared_ridge10,2026-07-31,0,9,96,1,estimated,2.5743836456,3.0515192584,1.4517866494,0.8229166667,0.0208333333,0.1562500000,8.7034388112,12.3342138408,252.6000000000,350.2500000000,602.8500000000,5078.0000000000,1463.0000000000
2026-07-22T18:00:00,shared_ridge10,2026-08-01,0,10,96,1,estimated,2.1983503803,2.8591313501,-1.2814607199,0.6354166667,0.0000000000,0.3645833333,8.7034388112,22.7919740282,871.4000000000,71.7000000000,943.1000000000,5586.0000000000,1600.0000000000
2026-07-22T18:00:00,shared_ridge10,2026-08-02,0,11,96,1,estimated,2.6321855951,3.2519576821,1.6906471481,0.8229166667,0.0520833333,0.1250000000,8.7034388113,14.9000192581,287.0000000000,280.6500000000,567.6500000000,5558.0000000000,1600.0000000000
2026-07-22T18:00:00,shared_ridge10,2026-08-03,0,12,96,1,estimated,2.5003378415,3.1352684549,1.2390354383,0.7916666667,0.0833333333,0.1250000000,8.7034388113,14.5321206578,238.8000000000,326.5500000000,565.3500000000,4911.0000000000,1416.0000000000
2026-07-22T18:00:00,shared_ridge10,2026-08-04,0,13,96,1,estimated,2.3301008505,2.8805060431,1.3445716344,0.8541666667,0.0625000000,0.0833333333,8.7031662750,12.2214464461,194.6000000000,312.6000000000,507.2000000000,4835.0000000000,1395.0000000000
2026-07-22T18:00:00,shared_ridge10,2026-08-05,0,14,96,1,estimated,2.4624795779,3.0576496766,0.4825154040,0.8020833333,0.0312500000,0.1666666667,8.7016232808,16.1404615027,429.9000000000,255.6000000000,685.5000000000,4759.0000000000,1373.0000000000
2026-07-22T18:00:00,shared_ridge10,2026-08-06,0,15,96,1,estimated,2.3035525110,2.8901066868,1.1058331949,0.8229166667,0.0520833333,0.1250000000,8.7011514186,14.3071179263,249.4000000000,302.8500000000,552.2500000000,4789.0000000000,1381.0000000000
2026-07-22T18:00:00,shared_ridge10,2026-08-07,0,16,96,1,estimated,3.2297677722,3.8016217139,2.9876505300,0.8541666667,0.1458333333,0.0000000000,8.7034388112,11.4091989793,34.8000000000,469.2000000000,504.0000000000,5135.0000000000,1479.0000000000
2026-07-22T18:00:00,shared_ridge10,2026-08-08,0,17,96,1,estimated,3.6106828185,4.3745705641,3.2906168215,0.7916666667,0.1979166667,0.0104166667,8.7034388112,15.8894004671,107.1000000000,419.2500000000,526.3500000000,5583.0000000000,1600.0000000000
2026-07-22T18:00:00,shared_ridge10,2026-08-09,1,18,96,1,estimated,3.2732419084,4.0084189935,1.2422874750,0.6770833333,0.1041666667,0.2187500000,8.7034388113,19.8905336694,1621.9000000000,89.5500000000,1711.4500000000,5587.0000000000,1600.0000000000
2026-07-22T18:00:00,shared_ridge10,2026-08-10,1,19,96,1,estimated,3.2827859070,4.0944195671,2.5094257651,0.7708333333,0.1770833333,0.0520833333,8.7034388113,15.9631525834,381.8000000000,246.7500000000,628.5500000000,5570.0000000000,1600.0000000000
2026-07-22T18:00:00,shared_ridge10,2026-08-11,0,20,96,1,estimated,3.3744693427,4.0166181549,3.0344956062,0.8125000000,0.1562500000,0.0312500000,8.7034388113,13.8225942844,64.9000000000,502.5000000000,567.4000000000,4926.0000000000,1422.0000000000
2026-07-22T18:00:00,shared_ridge10,2026-08-12,0,21,96,1,estimated,2.3184221908,2.9482787471,1.1620227091,0.8541666667,0.0520833333,0.0937500000,8.7026929128,11.7614207895,169.6000000000,281.8500000000,451.4500000000,4818.0000000000,1390.0000000000
2026-07-22T18:00:00,shared_ridge10,2026-08-13,0,22,96,1,estimated,2.6325150259,3.4053330673,1.9103405000,0.8750000000,0.0833333333,0.0416666667,8.7022210505,12.3177650692,88.3000000000,367.6500000000,455.9500000000,4889.0000000000,1410.0000000000
2026-07-22T18:00:00,shared_ridge10,2026-08-14,0,23,96,1,estimated,3.8984951119,4.5288845931,3.8129911685,0.8020833333,0.1979166667,0.0000000000,8.7034388112,14.0302254690,17.1000000000,576.9000000000,594.0000000000,5238.0000000000,1509.0000000000
2026-07-22T18:00:00,shared_ridge10,2026-08-15,0,24,96,1,estimated,2.8145088468,3.5226275057,1.8972074599,0.8437500000,0.0729166667,0.0833333333,8.7034388112,13.4722210599,306.2000000000,273.3000000000,579.5000000000,5586.0000000000,1600.0000000000
2026-07-22T18:00:00,shared_ridge10,2026-08-16,0,25,96,1,estimated,2.2000377983,2.8139319547,0.4350784251,0.7708333333,0.0312500000,0.1979166667,8.7034388112,14.1716318242,600.0000000000,144.9000000000,744.9000000000,5569.0000000000,1600.0000000000
2026-07-22T18:00:00,shared_ridge10,2026-08-17,0,26,96,1,estimated,2.4935566735,3.0266577997,1.6709667153,0.8229166667,0.0625000000,0.1145833333,8.7034388112,13.5281525624,206.5000000000,351.9000000000,558.4000000000,5068.0000000000,1461.0000000000
2026-07-22T18:00:00,shared_ridge10,2026-08-18,0,27,96,1,estimated,2.7304124088,3.3448750312,1.8806695780,0.8437500000,0.0625000000,0.0937500000,8.7034388113,12.4870785257,148.8000000000,384.4500000000,533.2500000000,5020.0000000000,1448.0000000000
2026-07-22T18:00:00,shared_ridge10,2026-08-19,0,28,96,1,estimated,2.7734252005,3.2297802436,2.3415300143,0.8854166667,0.0520833333,0.0625000000,8.7034388113,11.2575387345,80.8000000000,405.1500000000,485.9500000000,4929.0000000000,1419.0000000000
2026-07-22T18:00:00,shared_ridge10,2026-08-20,0,29,96,1,estimated,3.4084662228,4.0150595119,3.0585978052,0.8229166667,0.1562500000,0.0208333333,8.7032906824,13.7513871011,58.2000000000,516.3000000000,574.5000000000,4996.0000000000,1440.0000000000
2026-07-22T18:00:00,shared_ridge10,2026-08-21,0,30,96,1,estimated,4.5614664027,5.1377264485,4.5133318070,0.7187500000,0.2812500000,0.0000000000,8.7034388113,19.5248683515,0.0000000000,656.5500000000,656.5500000000,5339.0000000000,1536.0000000000
2026-07-22T18:00:00,shared_ridge10,2026-08-22,0,31,96,1,estimated,3.9111906520,4.6340061408,3.5975480984,0.7812500000,0.1875000000,0.0312500000,8.7034388113,16.8856357599,144.5000000000,417.3000000000,561.8000000000,5589.0000000000,1600.0000000000
2026-07-22T18:00:00,shared_ridge10,2026-08-23,0,32,96,1,estimated,3.4209338326,4.1509820297,2.9895857303,0.8020833333,0.1666666667,0.0312500000,8.7034388112,16.0293274294,204.8000000000,359.8500000000,564.6500000000,5568.0000000000,1600.0000000000
2026-07-22T18:00:00,shared_ridge10,2026-08-24,0,33,96,1,estimated,4.0678527720,4.6298512875,3.4963073537,0.7395833333,0.2291666667,0.0312500000,8.7034388113,19.0046673189,124.4000000000,552.3000000000,676.7000000000,5138.0000000000,1482.0000000000
2026-07-22T18:00:00,shared_ridge10,2026-08-25,0,34,96,1,estimated,2.3147172682,2.9788887171,0.5914268832,0.8333333333,0.0416666667,0.1250000000,8.7034388113,16.0500959825,303.5000000000,245.2500000000,548.7500000000,5066.0000000000,1462.0000000000
2026-07-22T18:00:00,shared_ridge10,2026-08-26,0,35,96,1,estimated,2.5553576448,3.0859636873,1.9689539861,0.8750000000,0.0520833333,0.0729166667,8.7034388112,10.4503587351,103.4000000000,385.9500000000,489.3500000000,5040.0000000000,1452.0000000000
2026-07-22T18:00:00,shared_ridge10,2026-08-27,0,36,96,1,estimated,3.0156754095,3.6660862400,2.1131051104,0.7916666667,0.1250000000,0.0833333333,8.7034388113,15.6420616228,220.8000000000,430.0500000000,650.8500000000,5066.0000000000,1461.0000000000
2026-07-22T18:00:00,shared_ridge10,2026-08-28,1,37,96,1,estimated,4.4616514268,5.1706404185,3.9712221338,0.6250000000,0.3229166667,0.0520833333,8.7034388113,23.0523049031,441.5000000000,294.3000000000,735.8000000000,5583.0000000000,1600.0000000000
2026-07-22T18:00:00,shared_ridge10,2026-08-29,1,38,96,1,estimated,3.3717695272,4.2983317514,1.3783550920,0.6875000000,0.1145833333,0.1979166667,8.7034388113,21.8832930471,1840.9000000000,124.5000000000,1965.4000000000,5644.0000000000,1600.0000000000
2026-07-22T18:00:00,shared_ridge10,2026-08-30,0,39,96,1,estimated,3.1190546677,3.8530255905,1.4815930354,0.6875000000,0.1250000000,0.1875000000,8.7034388112,20.9634240964,701.0000000000,256.9500000000,957.9500000000,5572.0000000000,1600.0000000000
2026-07-22T18:00:00,shared_ridge10,2026-08-31,0,40,96,1,estimated,4.8856510779,5.5101898579,4.8633146589,0.6666666667,0.3229166667,0.0104166667,8.7034388112,21.8493401265,4.3000000000,706.8000000000,711.1000000000,5238.0000000000,1508.0000000000
2026-07-22T18:00:00,shared_ridge10,2026-09-01,0,41,96,1,estimated,2.2978555321,2.8422161873,0.8542675217,0.8020833333,0.0520833333,0.1458333333,8.7034388113,16.0346062879,319.6000000000,290.1000000000,609.7000000000,5156.0000000000,1486.0000000000
2026-07-22T18:00:00,shared_ridge10,2026-09-02,0,42,96,1,estimated,2.6338189023,3.3235056613,-0.5807053754,0.6875000000,0.0416666667,0.2708333333,8.7034388113,21.8222343521,576.9000000000,203.8500000000,780.7500000000,5102.0000000000,1471.0000000000
2026-07-22T18:00:00,weekly_mean56,2026-07-23,0,1,96,1,estimated,2.1406250000,2.6780964361,-0.0390625000,0.8541666667,0.0312500000,0.1145833333,8.8880208333,14.8645833333,272.9000000000,344.7000000000,617.6000000000,4913.0000000000,1419.0000000000
2026-07-22T18:00:00,weekly_mean56,2026-07-24,0,2,96,1,estimated,2.9856770833,3.5907369616,2.1132812500,0.7916666667,0.1562500000,0.0520833333,8.8971354167,15.1471354167,52.7000000000,558.6000000000,611.3000000000,5316.0000000000,1531.0000000000
2026-07-22T18:00:00,weekly_mean56,2026-07-25,0,3,96,1,estimated,3.2096354167,3.9994506459,-2.7434895833,0.6875000000,0.0104166667,0.3020833333,8.8971354167,28.2981770833,1210.5000000000,65.7000000000,1276.2000000000,5601.0000000000,1600.0000000000
2026-07-22T18:00:00,weekly_mean56,2026-07-26,0,4,96,1,estimated,2.3984375000,3.0430397871,0.1484375000,0.7604166667,0.0625000000,0.1770833333,8.8971354167,17.3346354167,406.5000000000,244.8000000000,651.3000000000,5568.0000000000,1600.0000000000
2026-07-22T18:00:00,weekly_mean56,2026-07-27,0,5,96,1,estimated,2.4388020833,3.1899755501,-1.5455729167,0.7708333333,0.0208333333,0.2083333333,8.8899739583,20.6477864583,487.4000000000,209.1000000000,696.5000000000,4887.0000000000,1409.0000000000
2026-07-22T18:00:00,weekly_mean56,2026-07-28,0,6,96,1,estimated,2.4648437500,3.1993499096,-1.5143229167,0.7604166667,0.0000000000,0.2395833333,8.8958333333,20.6406250000,477.9000000000,225.6000000000,703.5000000000,4932.0000000000,1420.0000000000
2026-07-22T18:00:00,weekly_mean56,2026-07-29,0,7,96,1,estimated,3.1549479167,3.9268001114,-2.6757812500,0.7083333333,0.0104166667,0.2812500000,8.8893229167,24.9960937500,758.9000000000,127.0500000000,885.9500000000,4657.0000000000,1342.0000000000
2026-07-22T18:00:00,weekly_mean56,2026-07-30,0,8,96,1,estimated,2.3072916667,2.8247994951,-0.1953125000,0.8125000000,0.0520833333,0.1354166667,8.8880208333,13.7187500000,250.9000000000,330.9000000000,581.8000000000,4913.0000000000,1419.0000000000
2026-07-22T18:00:00,weekly_mean56,2026-07-31,0,9,96,1,estimated,2.5195312500,2.9668579497,0.7070312500,0.7916666667,0.0833333333,0.1250000000,8.8971354167,12.9726562500,221.2000000000,429.3000000000,650.5000000000,5316.0000000000,1531.0000000000
2026-07-22T18:00:00,weekly_mean56,2026-08-01,0,10,96,1,estimated,2.6419270833,3.3974226215,-1.9205729167,0.6979166667,0.0000000000,0.3020833333,8.8971354167,20.3815104167,921.3000000000,90.9000000000,1012.2000000000,5601.0000000000,1600.0000000000
2026-07-22T18:00:00,weekly_mean56,2026-08-02,0,11,96,1,estimated,2.3984375000,3.1065601790,0.7630208333,0.8229166667,0.0833333333,0.0937500000,8.8971354167,14.8606770833,298.8000000000,282.0000000000,580.8000000000,5568.0000000000,1600.0000000000
2026-07-22T18:00:00,weekly_mean56,2026-08-03,0,12,96,1,estimated,2.3346354167,2.8937623740,-0.2434895833,0.8125000000,0.0729166667,0.1145833333,8.8899739583,14.5410156250,244.4000000000,319.8000000000,564.2000000000,4887.0000000000,1409.0000000000
2026-07-22T18:00:00,weekly_mean56,2026-08-04,0,13,96,1,estimated,2.1809895833,2.6933378938,0.1106770833,0.8437500000,0.0625000000,0.0937500000,8.8958333333,13.4401041667,175.1000000000,341.2500000000,516.3500000000,4932.0000000000,1420.0000000000
2026-07-22T18:00:00,weekly_mean56,2026-08-05,0,14,96,1,estimated,2.6445312500,3.2732292843,-1.2591145833,0.7604166667,0.0520833333,0.1875000000,8.8893229167,17.9648437500,511.7000000000,231.3000000000,743.0000000000,4657.0000000000,1342.0000000000
2026-07-22T18:00:00,weekly_mean56,2026-08-06,0,15,96,1,estimated,2.0546875000,2.6610251197,-0.0390625000,0.8229166667,0.0729166667,0.1041666667,8.8880208333,14.7734375000,232.9000000000,345.6000000000,578.5000000000,4913.0000000000,1419.0000000000
2026-07-22T18:00:00,weekly_mean56,2026-08-07,0,16,96,1,estimated,2.6236979167,3.1721700396,2.0091145833,0.8333333333,0.1562500000,0.0104166667,8.8971354167,12.9335937500,45.2000000000,536.1000000000,581.3000000000,5316.0000000000,1531.0000000000
2026-07-22T18:00:00,weekly_mean56,2026-08-08,0,17,96,1,estimated,3.1002604167,3.7791617856,2.4127604167,0.7500000000,0.2500000000,0.0000000000,8.8971354167,17.6210937500,115.4000000000,425.7000000000,541.1000000000,5601.0000000000,1600.0000000000
2026-07-22T18:00:00,weekly_mean56,2026-08-09,1,18,96,1,estimated,4.5000000000,5.3897266764,-3.8098958333,0.5312500000,0.0208333333,0.4479166667,8.8971354167,39.0403645833,1734.0000000000,61.6500000000,1795.6500000000,5568.0000000000,1600.0000000000
2026-07-22T18:00:00,weekly_mean56,2026-08-10,1,19,96,1,estimated,3.7877604167,4.5667966355,-3.0976562500,0.5729166667,0.0104166667,0.4166666667,8.8899739583,30.8430989583,957.3000000000,117.9000000000,1075.2000000000,4887.0000000000,1409.0000000000
2026-07-22T18:00:00,weekly_mean56,2026-08-11,0,20,96,1,estimated,2.4283854167,3.0633767878,1.5585937500,0.8229166667,0.1354166667,0.0416666667,8.8958333333,14.3255208333,66.2000000000,500.7000000000,566.9000000000,4932.0000000000,1420.0000000000
2026-07-22T18:00:00,weekly_mean56,2026-08-12,0,21,96,1,estimated,2.2669270833,2.8123553204,-0.8216145833,0.8437500000,0.0312500000,0.1250000000,8.8893229167,12.8346354167,218.5000000000,226.5000000000,445.0000000000,4657.0000000000,1342.0000000000
2026-07-22T18:00:00,weekly_mean56,2026-08-13,0,22,96,1,estimated,2.1223958333,2.7334373392,0.5234375000,0.8541666667,0.0937500000,0.0520833333,8.8880208333,12.2473958333,85.2000000000,376.2000000000,461.4000000000,4913.0000000000,1419.0000000000
2026-07-22T18:00:00,weekly_mean56,2026-08-14,0,23,96,1,estimated,3.0950520833,3.7165390837,2.5924479167,0.7916666667,0.2083333333,0.0000000000,8.8971354167,15.3164062500,47.0000000000,607.3500000000,654.3500000000,5316.0000000000,1531.0000000000
2026-07-22T18:00:00,weekly_mean56,2026-08-15,0,24,96,1,estimated,2.4752604167,3.1849714235,0.7773437500,0.8333333333,0.0729166667,0.0937500000,8.8971354167,13.5455729167,322.9000000000,279.0000000000,601.9000000000,5601.0000000000,1600.0000000000
2026-07-22T18:00:00,weekly_mean56,2026-08-16,0,25,96,1,estimated,2.5078125000,3.0438954448,-0.9765625000,0.8541666667,0.0104166667,0.1354166667,8.8971354167,14.4570312500,642.6000000000,149.2500000000,791.8500000000,5568.0000000000,1600.0000000000
2026-07-22T18:00:00,weekly_mean56,2026-08-17,0,26,96,1,estimated,2.1575520833,2.7771212332,-0.2955729167,0.8437500000,0.0312500000,0.1250000000,8.8899739583,15.1009114583,319.5000000000,309.3000000000,628.8000000000,4887.0000000000,1409.0000000000
2026-07-22T18:00:00,weekly_mean56,2026-08-18,0,27,96,1,estimated,2.2408854167,2.7738372658,0.1627604167,0.8229166667,0.0625000000,0.1145833333,8.8958333333,13.6093750000,173.4000000000,351.4500000000,524.8500000000,4932.0000000000,1420.0000000000
2026-07-22T18:00:00,weekly_mean56,2026-08-19,0,28,96,1,estimated,1.9231770833,2.3712621354,0.1158854167,0.8541666667,0.0416666667,0.1041666667,8.8893229167,13.0299479167,195.7000000000,328.6500000000,524.3500000000,4657.0000000000,1342.0000000000
2026-07-22T18:00:00,weekly_mean56,2026-08-20,0,29,96,1,estimated,2.3671875000,2.8971632138,1.4296875000,0.8229166667,0.1145833333,0.0625000000,8.8880208333,13.6276041667,78.9000000000,490.6500000000,569.5500000000,4913.0000000000,1419.0000000000
2026-07-22T18:00:00,weekly_mean56,2026-08-21,0,30,96,1,estimated,3.4023437500,4.1278596464,3.0507812500,0.7291666667,0.2500000000,0.0208333333,8.8971354167,19.3268229167,24.4000000000,649.8000000000,674.2000000000,5316.0000000000,1531.0000000000
2026-07-22T18:00:00,weekly_mean56,2026-08-22,0,31,96,1,estimated,3.1471354167,3.7670834831,2.2356770833,0.7708333333,0.1875000000,0.0416666667,8.8971354167,17.8033854167,173.4000000000,420.7500000000,594.1500000000,5601.0000000000,1600.0000000000
2026-07-22T18:00:00,weekly_mean56,2026-08-23,0,32,96,1,estimated,2.5156250000,3.1757852539,1.3359375000,0.7812500000,0.1562500000,0.0625000000,8.8971354167,14.5742187500,188.7000000000,341.5500000000,530.2500000000,5568.0000000000,1600.0000000000
2026-07-22T18:00:00,weekly_mean56,2026-08-24,0,33,96,1,estimated,2.6627604167,3.4116690457,1.2877604167,0.8125000000,0.1458333333,0.0416666667,8.8899739583,17.8092447917,191.5000000000,470.2500000000,661.7500000000,4887.0000000000,1409.0000000000
2026-07-22T18:00:00,weekly_mean56,2026-08-25,0,34,96,1,estimated,2.5091145833,3.3030772032,-1.3684895833,0.8020833333,0.0312500000,0.1666666667,8.8958333333,20.1458333333,449.8000000000,223.8000000000,673.6000000000,4932.0000000000,1420.0000000000
2026-07-22T18:00:00,weekly_mean56,2026-08-26,0,35,96,1,estimated,1.8580729167,2.2851351050,-0.4986979167,0.8437500000,0.0104166667,0.1458333333,8.8893229167,12.5742187500,248.4000000000,273.4500000000,521.8500000000,4657.0000000000,1342.0000000000
2026-07-22T18:00:00,weekly_mean56,2026-08-27,0,36,96,1,estimated,2.4375000000,2.9029999749,0.2421875000,0.8125000000,0.0833333333,0.1041666667,8.8880208333,14.5260416667,247.1000000000,377.5500000000,624.6500000000,4913.0000000000,1419.0000000000
2026-07-22T18:00:00,weekly_mean56,2026-08-28,1,37,96,1,estimated,2.9335937500,3.8834124075,-1.6158854167,0.7395833333,0.0416666667,0.2187500000,8.8971354167,22.4127604167,665.2000000000,219.1500000000,884.3500000000,5316.0000000000,1531.0000000000
2026-07-22T18:00:00,weekly_mean56,2026-08-29,1,38,96,1,estimated,4.8763020833,5.8120099480,-4.1080729167,0.4270833333,0.0312500000,0.5416666667,8.8971354167,45.9934895833,1988.5000000000,73.5000000000,2062.0000000000,5601.0000000000,1600.0000000000
2026-07-22T18:00:00,weekly_mean56,2026-08-30,0,39,96,1,estimated,3.0130208333,3.6999700872,-0.4140625000,0.6354166667,0.1250000000,0.2395833333,8.8971354167,23.0507812500,735.5000000000,248.7000000000,984.2000000000,5568.0000000000,1600.0000000000
2026-07-22T18:00:00,weekly_mean56,2026-08-31,0,40,96,1,estimated,2.8632812500,3.5647151373,2.4127604167,0.8229166667,0.1666666667,0.0104166667,8.8899739583,16.5462239583,26.3000000000,577.6500000000,603.9500000000,4887.0000000000,1409.0000000000
2026-07-22T18:00:00,weekly_mean56,2026-09-01,0,41,96,1,estimated,2.3164062500,3.1081053731,-1.3476562500,0.7395833333,0.0104166667,0.2500000000,8.8958333333,19.9375000000,471.3000000000,236.1000000000,707.4000000000,4932.0000000000,1420.0000000000
2026-07-22T18:00:00,weekly_mean56,2026-09-02,0,42,96,1,estimated,3.7174479167,4.5860373179,-3.2903645833,0.5937500000,0.0000000000,0.4062500000,8.8893229167,31.3632812500,946.4000000000,120.0000000000,1066.4000000000,4657.0000000000,1342.0000000000
2026-09-02T18:00:00,shared_ridge10,2026-09-03,0,1,96,1,estimated,1.9706119141,2.4785082488,-0.7597585112,0.8541666667,0.0000000000,0.1458333333,9.9060953134,13.5082353481,369.6000000000,142.0500000000,511.6500000000,4671.0000000000,1343.0000000000
2026-09-02T18:00:00,shared_ridge10,2026-09-04,0,2,96,1,estimated,2.1643547387,2.7002115946,-0.2112876768,0.8333333333,0.0208333333,0.1458333333,9.9060953134,14.1072900253,329.6000000000,214.8000000000,544.4000000000,4845.0000000000,1392.0000000000
2026-09-02T18:00:00,shared_ridge10,2026-09-05,0,3,96,1,estimated,2.0286665194,2.4600121875,0.5443113060,0.9687500000,0.0000000000,0.0312500000,9.9060953134,11.0371850900,258.8000000000,210.1500000000,468.9500000000,5593.0000000000,1600.0000000000
2026-09-02T18:00:00,shared_ridge10,2026-09-06,0,4,96,1,estimated,2.0948267564,2.5734004800,0.7255355054,0.9270833333,0.0000000000,0.0729166667,9.9060953134,11.6099110316,277.8000000000,224.1000000000,501.9000000000,5567.0000000000,1600.0000000000
2026-09-02T18:00:00,shared_ridge10,2026-09-07,0,5,96,1,estimated,2.2708062755,2.8859738354,1.3216091942,0.9166666667,0.0416666667,0.0416666667,9.9060953134,11.1599420452,125.2000000000,345.1500000000,470.3500000000,4777.0000000000,1372.0000000000
2026-09-02T18:00:00,shared_ridge10,2026-09-08,0,6,96,1,estimated,3.0295696474,3.5882127081,2.5364589072,0.9062500000,0.0625000000,0.0312500000,9.9060953134,11.3217539157,59.9000000000,477.9000000000,537.8000000000,4837.0000000000,1389.0000000000
2026-09-02T18:00:00,shared_ridge10,2026-09-09,0,7,96,1,estimated,3.2701951769,3.7959151702,3.0263962423,0.9270833333,0.0729166667,0.0000000000,9.9060953134,11.1582064663,22.1000000000,517.8000000000,539.9000000000,4695.0000000000,1350.0000000000
2026-09-02T18:00:00,shared_ridge10,2026-09-10,0,8,96,1,estimated,2.3416552567,2.8586036737,0.8173508741,0.8958333333,0.0104166667,0.0937500000,9.9060953134,12.0917597064,228.9000000000,289.5000000000,518.4000000000,4699.0000000000,1353.0000000000
2026-09-02T18:00:00,shared_ridge10,2026-09-11,0,9,96,1,estimated,2.4033714998,2.9950185264,0.9855667232,0.9166666667,0.0104166667,0.0729166667,9.9060953134,12.7755856509,183.5000000000,341.5500000000,525.0500000000,4880.0000000000,1402.0000000000
2026-09-02T18:00:00,shared_ridge10,2026-09-12,0,10,96,1,estimated,2.3892520285,3.0273641438,-0.2097753610,0.8437500000,0.0208333333,0.1354166667,9.9060953134,14.2119789593,553.3000000000,166.3500000000,719.6500000000,5587.0000000000,1600.0000000000
2026-09-02T18:00:00,shared_ridge10,2026-09-13,0,11,96,1,estimated,3.0081464419,3.6284951470,-1.6451028633,0.7187500000,0.0000000000,0.2812500000,9.9060953134,19.9728925540,1005.1000000000,98.1000000000,1103.2000000000,5567.0000000000,1600.0000000000
2026-09-02T18:00:00,shared_ridge10,2026-09-14,0,12,96,1,estimated,2.3585791168,2.9285928661,-1.2390774118,0.7812500000,0.0000000000,0.2187500000,9.9060953134,16.8488201279,561.8000000000,138.9000000000,700.7000000000,4800.0000000000,1380.0000000000
2026-09-02T18:00:00,shared_ridge10,2026-09-15,0,13,96,1,estimated,2.0095907516,2.6456187347,-0.3444967663,0.8437500000,0.0208333333,0.1354166667,9.9060953134,13.8611002705,333.1000000000,197.2500000000,530.3500000000,4853.0000000000,1394.0000000000
2026-09-02T18:00:00,shared_ridge10,2026-09-16,1,14,96,1,estimated,3.0160873040,3.9901606340,1.7225195389,0.8437500000,0.1041666667,0.0520833333,9.9060953134,15.1500972871,349.8000000000,308.7000000000,658.5000000000,5577.0000000000,1600.0000000000
2026-09-02T18:00:00,shared_ridge10,2026-09-17,1,15,96,1,estimated,2.4702232298,3.0447068090,0.3598717699,0.8854166667,0.0000000000,0.1145833333,9.9060953134,13.9808122943,527.1000000000,182.5500000000,709.6500000000,5572.0000000000,1600.0000000000
2026-09-02T18:00:00,shared_ridge10,2026-09-18,0,16,96,1,estimated,2.0185482270,2.5659746740,-0.3040878256,0.8645833333,0.0104166667,0.1250000000,9.9060953134,13.3046625309,319.3000000000,196.8000000000,516.1000000000,4908.0000000000,1409.0000000000
2026-09-02T18:00:00,shared_ridge10,2026-09-19,0,17,96,1,estimated,2.5058962879,3.0952054123,-1.1239537467,0.7812500000,0.0104166667,0.2083333333,9.9060953134,16.8325136041,787.2000000000,103.5000000000,890.7000000000,5587.0000000000,1600.0000000000
2026-09-02T18:00:00,shared_ridge10,2026-09-20,0,18,96,1,estimated,2.5025267901,3.2737560337,-1.5755327699,0.7500000000,0.0000000000,0.2500000000,9.9060953134,18.5330023224,875.1000000000,88.8000000000,963.9000000000,5563.0000000000,1600.0000000000
2026-09-02T18:00:00,shared_ridge10,2026-09-21,0,19,96,1,estimated,2.2464758706,2.7560020554,-0.3986739851,0.8541666667,0.0208333333,0.1250000000,9.9060953134,13.8903710004,357.5000000000,195.3000000000,552.8000000000,4832.0000000000,1389.0000000000
2026-09-02T18:00:00,shared_ridge10,2026-09-22,0,20,96,1,estimated,2.8188103859,3.5503974823,1.7667399938,0.8750000000,0.0520833333,0.0729166667,9.9060953134,13.4302399515,147.5000000000,417.3000000000,564.8000000000,4893.0000000000,1405.0000000000
2026-09-02T18:00:00,shared_ridge10,2026-09-23,0,21,96,1,estimated,3.0981415377,3.7196612067,2.8374624250,0.9062500000,0.0833333333,0.0104166667,9.9060953134,12.4144185675,11.0000000000,512.5500000000,523.5500000000,4784.0000000000,1375.0000000000
2026-09-02T18:00:00,shared_ridge10,2026-09-24,0,22,96,1,estimated,2.4069742955,3.0603794302,-0.5356020107,0.8541666667,0.0000000000,0.1458333333,9.9060953134,15.8892225380,459.0000000000,207.7500000000,666.7500000000,4777.0000000000,1373.0000000000
2026-09-02T18:00:00,shared_ridge10,2026-09-25,0,23,96,1,estimated,3.0116669495,3.7309524101,2.6300656011,0.8750000000,0.1145833333,0.0104166667,9.9060953134,11.9081839201,33.6000000000,484.9500000000,518.5500000000,4926.0000000000,1414.0000000000
2026-09-02T18:00:00,shared_ridge10,2026-09-26,0,24,96,1,estimated,2.8231214673,3.4249093772,1.3101996800,0.9062500000,0.0416666667,0.0520833333,9.9060953134,12.3754567490,397.0000000000,274.8000000000,671.8000000000,5586.0000000000,1600.0000000000
2026-09-02T18:00:00,shared_ridge10,2026-09-27,0,25,96,1,estimated,2.6896683562,3.3742126892,0.4523706568,0.8750000000,0.0208333333,0.1041666667,9.9060953134,14.7391512586,482.0000000000,231.7500000000,713.7500000000,5558.0000000000,1600.0000000000
2026-09-02T18:00:00,shared_ridge10,2026-09-28,0,26,96,1,estimated,2.3066803012,2.8703423533,0.4938127750,0.9375000000,0.0000000000,0.0625000000,9.9060953134,11.8077817834,246.4000000000,273.7500000000,520.1500000000,4866.0000000000,1398.0000000000
2026-09-02T18:00:00,shared_ridge10,2026-09-29,0,27,96,1,estimated,2.4364284245,3.0874927170,1.1592267538,0.9270833333,0.0312500000,0.0416666667,9.9060953134,12.6017041328,135.4000000000,333.4500000000,468.8500000000,4909.0000000000,1411.0000000000
2026-09-02T18:00:00,shared_ridge10,2026-09-30,0,28,96,1,estimated,2.5507603024,3.1543057579,1.8132825183,0.9375000000,0.0416666667,0.0208333333,9.9060953134,11.7727674255,95.8000000000,401.8500000000,497.6500000000,4813.0000000000,1383.0000000000
2026-09-02T18:00:00,shared_ridge10,2026-10-01,0,29,96,1,estimated,2.7822659672,3.3331886527,1.8048014160,0.8958333333,0.0416666667,0.0625000000,9.9060953134,12.2349087425,154.0000000000,413.8500000000,567.8500000000,4806.0000000000,1383.0000000000
2026-09-02T18:00:00,shared_ridge10,2026-10-02,0,30,96,1,estimated,2.3867136828,2.9652098091,-0.3420309722,0.8541666667,0.0208333333,0.1250000000,9.9060953134,13.4677661863,400.5000000000,211.0500000000,611.5500000000,4958.0000000000,1423.0000000000
2026-09-02T18:00:00,shared_ridge10,2026-10-03,0,31,96,1,estimated,2.5356311348,3.1743033599,-1.5056468933,0.7187500000,0.0000000000,0.2812500000,9.9060953134,19.1955180420,1001.9000000000,72.1500000000,1074.0500000000,5585.0000000000,1600.0000000000
2026-09-02T18:00:00,shared_ridge10,2026-10-04,0,32,96,1,estimated,2.2641493992,2.9613354800,0.7927740835,0.9270833333,0.0208333333,0.0520833333,9.9060953134,13.4393638975,304.2000000000,216.9000000000,521.1000000000,5557.0000000000,1600.0000000000
2026-09-02T18:00:00,shared_ridge10,2026-10-05,1,33,96,1,estimated,3.7710008598,4.5908095917,3.1221767423,0.7916666667,0.1875000000,0.0208333333,9.9060953134,17.3099562931,219.5000000000,389.7000000000,609.2000000000,5575.0000000000,1600.0000000000
2026-09-02T18:00:00,shared_ridge10,2026-10-06,1,34,96,1,estimated,3.3436396232,4.2086612118,2.5271740545,0.8333333333,0.1458333333,0.0208333333,9.9060953134,16.8211866749,318.3000000000,309.0000000000,627.3000000000,5579.0000000000,1600.0000000000
2026-09-02T18:00:00,shared_ridge10,2026-10-07,0,35,96,1,estimated,2.6929823567,3.3110383283,-1.6379807216,0.7395833333,0.0000000000,0.2604166667,9.9060953134,18.6226749304,666.4000000000,130.3500000000,796.7500000000,4838.0000000000,1390.0000000000
2026-09-02T18:00:00,shared_ridge10,2026-10-08,0,36,96,1,estimated,2.4888512582,3.1357087861,1.2285381760,0.9166666667,0.0312500000,0.0520833333,9.9060953134,12.7678310654,147.0000000000,340.9500000000,487.9500000000,4832.0000000000,1390.0000000000
2026-09-02T18:00:00,shared_ridge10,2026-10-09,0,37,96,1,estimated,2.2412035262,2.8356389684,-0.6057942122,0.8229166667,0.0000000000,0.1770833333,9.9060953134,15.1934196573,439.4000000000,201.4500000000,640.8500000000,5002.0000000000,1436.0000000000
2026-09-02T18:00:00,shared_ridge10,2026-10-10,0,38,96,1,estimated,2.0354288010,2.4977202185,-0.2173268000,0.8750000000,0.0000000000,0.1250000000,9.9060953134,12.9552949256,578.9000000000,130.9500000000,709.8500000000,5587.0000000000,1600.0000000000
2026-09-02T18:00:00,shared_ridge10,2026-10-11,0,39,96,1,estimated,2.6985677827,3.3927201056,1.6852608435,0.9062500000,0.0312500000,0.0625000000,9.9060953134,13.2579574979,269.5000000000,307.9500000000,577.4500000000,5558.0000000000,1600.0000000000
2026-09-02T18:00:00,shared_ridge10,2026-10-12,0,40,96,1,estimated,3.4784154230,4.1051889640,3.1850362950,0.9062500000,0.0937500000,0.0000000000,9.9060953134,13.2285164058,25.8000000000,547.6500000000,573.4500000000,4944.0000000000,1420.0000000000
2026-09-02T18:00:00,shared_ridge10,2026-10-13,0,41,96,1,estimated,2.3001230170,2.9233600959,0.6108669405,0.9062500000,0.0000000000,0.0937500000,9.9060953134,13.2526891282,255.6000000000,308.2500000000,563.8500000000,4986.0000000000,1431.0000000000
2026-09-02T18:00:00,shared_ridge10,2026-10-14,0,42,96,1,estimated,2.5164047259,3.0433687852,-0.1621606282,0.8541666667,0.0000000000,0.1458333333,9.9060953134,15.4741929755,386.6000000000,246.3000000000,632.9000000000,4861.0000000000,1398.0000000000
2026-09-02T18:00:00,weekly_mean56,2026-09-03,0,1,96,1,estimated,2.4296875000,3.0516922389,-1.5130208333,0.9062500000,0.0000000000,0.0937500000,10.8557291667,13.2671875000,303.6000000000,223.2000000000,526.8000000000,4926.0000000000,1418.0000000000
2026-09-02T18:00:00,weekly_mean56,2026-09-04,0,2,96,1,estimated,2.4661458333,3.2026803553,-1.1328125000,0.8854166667,0.0208333333,0.0937500000,10.8562500000,14.6114583333,332.5000000000,289.8000000000,622.3000000000,5056.0000000000,1448.0000000000
2026-09-02T18:00:00,weekly_mean56,2026-09-05,0,3,96,1,estimated,2.2760416667,2.7267005397,0.6328125000,0.9479166667,0.0208333333,0.0312500000,10.8562500000,12.1479166667,338.0000000000,243.6000000000,581.6000000000,5575.0000000000,1600.0000000000
2026-09-02T18:00:00,weekly_mean56,2026-09-06,0,4,96,1,estimated,2.3033854167,2.8250587660,0.8007812500,0.9270833333,0.0520833333,0.0208333333,10.8562500000,11.8770833333,314.8000000000,248.2500000000,563.0500000000,5552.0000000000,1600.0000000000
2026-09-02T18:00:00,weekly_mean56,2026-09-07,0,5,96,1,estimated,2.3007812500,3.0225121054,0.6809895833,0.8854166667,0.0833333333,0.0312500000,10.8562500000,13.5541666667,155.6000000000,459.3000000000,614.9000000000,5058.0000000000,1453.0000000000
2026-09-02T18:00:00,weekly_mean56,2026-09-08,0,6,96,1,estimated,3.1080729167,3.6194506734,2.3736979167,0.8229166667,0.1770833333,0.0000000000,10.8562500000,13.7312500000,34.8000000000,633.0000000000,667.8000000000,5284.0000000000,1513.0000000000
2026-09-02T18:00:00,weekly_mean56,2026-09-09,0,7,96,1,estimated,3.4101562500,3.9823217749,3.0638020833,0.7500000000,0.2500000000,0.0000000000,10.8562500000,16.3562500000,0.0000000000,707.8500000000,707.8500000000,5232.0000000000,1501.0000000000
2026-09-02T18:00:00,weekly_mean56,2026-09-10,0,8,96,1,estimated,2.4661458333,2.9935368748,-0.0442708333,0.9062500000,0.0729166667,0.0208333333,10.8557291667,12.7359375000,186.6000000000,361.5000000000,548.1000000000,4926.0000000000,1418.0000000000
2026-09-02T18:00:00,weekly_mean56,2026-09-11,0,9,96,1,estimated,2.2942708333,2.9282878601,-0.0286458333,0.9166666667,0.0312500000,0.0520833333,10.8562500000,13.9656250000,160.2000000000,395.8500000000,556.0500000000,5056.0000000000,1448.0000000000
2026-09-02T18:00:00,weekly_mean56,2026-09-12,0,10,96,1,estimated,2.6458333333,3.1995279600,-0.2213541667,0.8750000000,0.0520833333,0.0729166667,10.8562500000,13.5697916667,595.9000000000,189.3000000000,785.2000000000,5575.0000000000,1600.0000000000
2026-09-02T18:00:00,weekly_mean56,2026-09-13,0,11,96,1,estimated,3.0455729167,3.6705782285,-1.6575520833,0.8645833333,0.0416666667,0.0937500000,10.8562500000,15.1427083333,1011.4000000000,115.2000000000,1126.6000000000,5552.0000000000,1600.0000000000
2026-09-02T18:00:00,weekly_mean56,2026-09-14,0,12,96,1,estimated,2.8372395833,3.4622452148,-1.9752604167,0.8750000000,0.0000000000,0.1250000000,10.8562500000,14.8614583333,403.5000000000,197.2500000000,600.7500000000,5058.0000000000,1453.0000000000
2026-09-02T18:00:00,weekly_mean56,2026-09-15,0,13,96,1,estimated,2.1497395833,2.7681985437,-0.5950520833,0.9270833333,0.0312500000,0.0416666667,10.8562500000,12.5489583333,188.0000000000,316.0500000000,504.0500000000,5284.0000000000,1513.0000000000
2026-09-02T18:00:00,weekly_mean56,2026-09-16,1,14,96,1,estimated,3.3945312500,4.0865673312,-2.0195312500,0.8125000000,0.0312500000,0.1562500000,10.8562500000,17.4916666667,566.8000000000,230.1000000000,796.9000000000,5232.0000000000,1501.0000000000
2026-09-02T18:00:00,weekly_mean56,2026-09-17,1,15,96,1,estimated,4.3932291667,5.3463687540,-4.2734375000,0.6354166667,0.0000000000,0.3645833333,10.8557291667,27.2151041667,1118.2000000000,84.3000000000,1202.5000000000,4926.0000000000,1418.0000000000
2026-09-02T18:00:00,weekly_mean56,2026-09-18,0,16,96,1,estimated,2.4687500000,3.0993740968,-1.4140625000,0.9270833333,0.0000000000,0.0729166667,10.8562500000,13.0854166667,311.9000000000,246.9000000000,558.8000000000,5056.0000000000,1448.0000000000
2026-09-02T18:00:00,weekly_mean56,2026-09-19,0,17,96,1,estimated,2.6015625000,3.1374750995,-1.2317708333,0.8958333333,0.0104166667,0.0937500000,10.8562500000,12.8510416667,794.0000000000,115.8000000000,909.8000000000,5575.0000000000,1600.0000000000
2026-09-02T18:00:00,weekly_mean56,2026-09-20,0,18,96,1,estimated,2.7747395833,3.4957889474,-1.6888020833,0.8854166667,0.0000000000,0.1145833333,10.8562500000,15.0593750000,890.0000000000,106.8000000000,996.8000000000,5552.0000000000,1600.0000000000
2026-09-02T18:00:00,weekly_mean56,2026-09-21,0,19,96,1,estimated,2.4804687500,3.0796976735,-1.2356770833,0.9270833333,0.0208333333,0.0520833333,10.8562500000,13.1062500000,284.0000000000,262.8000000000,546.8000000000,5058.0000000000,1453.0000000000
2026-09-02T18:00:00,weekly_mean56,2026-09-22,0,20,96,1,estimated,2.8893229167,3.6323784463,1.4153645833,0.8229166667,0.1354166667,0.0416666667,10.8562500000,15.7729166667,89.3000000000,543.3000000000,632.6000000000,5284.0000000000,1513.0000000000
2026-09-02T18:00:00,weekly_mean56,2026-09-23,0,21,96,1,estimated,3.1627604167,3.7941197994,2.6783854167,0.8229166667,0.1666666667,0.0104166667,10.8562500000,15.6895833333,26.3000000000,678.9000000000,705.2000000000,5232.0000000000,1501.0000000000
2026-09-02T18:00:00,weekly_mean56,2026-09-24,0,22,96,1,estimated,2.7500000000,3.5148957577,-1.5859375000,0.9062500000,0.0000000000,0.0937500000,10.8557291667,14.4390625000,416.1000000000,251.1000000000,667.2000000000,4926.0000000000,1418.0000000000
2026-09-02T18:00:00,weekly_mean56,2026-09-25,0,23,96,1,estimated,2.5677083333,3.2014604415,1.4192708333,0.8645833333,0.1250000000,0.0104166667,10.8562500000,14.1218750000,23.2000000000,527.1000000000,550.3000000000,5056.0000000000,1448.0000000000
2026-09-02T18:00:00,weekly_mean56,2026-09-26,0,24,96,1,estimated,2.8515625000,3.3637931219,1.1015625000,0.8750000000,0.1041666667,0.0208333333,10.8562500000,13.8770833333,373.1000000000,279.1500000000,652.2500000000,5575.0000000000,1600.0000000000
2026-09-02T18:00:00,weekly_mean56,2026-09-27,0,25,96,1,estimated,2.9257812500,3.5482857877,0.2382812500,0.8750000000,0.0625000000,0.0625000000,10.8562500000,14.1791666667,564.3000000000,262.9500000000,827.2500000000,5552.0000000000,1600.0000000000
2026-09-02T18:00:00,weekly_mean56,2026-09-28,0,26,96,1,estimated,2.3085937500,2.9204124013,-0.4440104167,0.9375000000,0.0000000000,0.0625000000,10.8562500000,12.2156250000,190.2000000000,334.0500000000,524.2500000000,5058.0000000000,1453.0000000000
2026-09-02T18:00:00,weekly_mean56,2026-09-29,0,27,96,1,estimated,2.3085937500,2.9631251538,0.7070312500,0.9270833333,0.0416666667,0.0312500000,10.8562500000,12.8875000000,94.3000000000,454.6500000000,548.9500000000,5284.0000000000,1513.0000000000
2026-09-02T18:00:00,weekly_mean56,2026-09-30,0,28,96,1,estimated,2.4882812500,3.1732986337,1.5533854167,0.9270833333,0.0625000000,0.0104166667,10.8562500000,13.5333333333,61.7000000000,545.1000000000,606.8000000000,5232.0000000000,1501.0000000000
2026-09-02T18:00:00,weekly_mean56,2026-10-01,0,29,96,1,estimated,2.4531250000,3.0440023852,0.6536458333,0.8854166667,0.0520833333,0.0625000000,10.8557291667,13.5328125000,152.9000000000,454.0500000000,606.9500000000,4926.0000000000,1418.0000000000
2026-09-02T18:00:00,weekly_mean56,2026-10-02,0,30,96,1,estimated,2.9609375000,3.6166390648,-1.6536458333,0.9062500000,0.0104166667,0.0833333333,10.8562500000,14.8510416667,431.0000000000,250.3500000000,681.3500000000,5056.0000000000,1448.0000000000
2026-09-02T18:00:00,weekly_mean56,2026-10-03,0,31,96,1,estimated,2.7812500000,3.5174416603,-1.8151041667,0.8750000000,0.0000000000,0.1250000000,10.8562500000,15.7104166667,1040.7000000000,90.3000000000,1131.0000000000,5575.0000000000,1600.0000000000
2026-09-02T18:00:00,weekly_mean56,2026-10-04,0,32,96,1,estimated,2.2617187500,2.9139961733,0.4778645833,0.9062500000,0.0520833333,0.0416666667,10.8562500000,13.3822916667,322.7000000000,231.4500000000,554.1500000000,5552.0000000000,1600.0000000000
2026-09-02T18:00:00,weekly_mean56,2026-10-05,1,33,96,1,estimated,3.1028645833,3.9184600836,-1.6002604167,0.8125000000,0.0104166667,0.1770833333,10.8562500000,17.6218750000,531.9000000000,270.9000000000,802.8000000000,5058.0000000000,1453.0000000000
2026-09-02T18:00:00,weekly_mean56,2026-10-06,1,34,96,1,estimated,3.2122395833,4.0425994950,-1.7096354167,0.8229166667,0.0208333333,0.1562500000,10.8562500000,17.9291666667,557.1000000000,245.7000000000,802.8000000000,5284.0000000000,1513.0000000000
2026-09-02T18:00:00,weekly_mean56,2026-10-07,0,35,96,1,estimated,2.8815104167,3.5585916061,-1.9986979167,0.8750000000,0.0000000000,0.1250000000,10.8562500000,15.2260416667,425.0000000000,214.0500000000,639.0500000000,5232.0000000000,1501.0000000000
2026-09-02T18:00:00,weekly_mean56,2026-10-08,0,36,96,1,estimated,2.4296875000,3.0915396144,-0.0234375000,0.9166666667,0.0520833333,0.0312500000,10.8557291667,13.1786458333,143.9000000000,371.7000000000,515.6000000000,4926.0000000000,1418.0000000000
2026-09-02T18:00:00,weekly_mean56,2026-10-09,0,37,96,1,estimated,2.8125000000,3.5140158354,-2.0182291667,0.8437500000,0.0000000000,0.1562500000,10.8562500000,14.9239583333,435.5000000000,212.2500000000,647.7500000000,5056.0000000000,1448.0000000000
2026-09-02T18:00:00,weekly_mean56,2026-10-10,0,38,96,1,estimated,2.1588541667,2.6100766272,-0.6276041667,0.9479166667,0.0000000000,0.0520833333,10.8562500000,12.0958333333,595.0000000000,139.6500000000,734.6500000000,5575.0000000000,1600.0000000000
2026-09-02T18:00:00,weekly_mean56,2026-10-11,0,39,96,1,estimated,2.5846354167,3.3188569113,1.2695312500,0.9166666667,0.0729166667,0.0104166667,10.8562500000,14.6895833333,277.7000000000,319.2000000000,596.9000000000,5552.0000000000,1600.0000000000
2026-09-02T18:00:00,weekly_mean56,2026-10-12,0,40,96,1,estimated,2.7122395833,3.4723845448,2.0455729167,0.8854166667,0.1145833333,0.0000000000,10.8562500000,15.0072916667,25.7000000000,588.4500000000,614.1500000000,5058.0000000000,1453.0000000000
2026-09-02T18:00:00,weekly_mean56,2026-10-13,0,41,96,1,estimated,2.2955729167,2.8779706120,-0.0429687500,0.9375000000,0.0104166667,0.0520833333,10.8562500000,13.1114583333,210.6000000000,399.6000000000,610.2000000000,5284.0000000000,1513.0000000000
2026-09-02T18:00:00,weekly_mean56,2026-10-14,0,42,96,1,estimated,2.5533854167,3.1929334817,-0.6236979167,0.8958333333,0.0000000000,0.1041666667,10.8562500000,15.0177083333,275.0000000000,350.5500000000,625.5500000000,5232.0000000000,1501.0000000000
2026-09-19T18:00:00,shared_ridge10,2026-09-20,0,1,96,1,estimated,2.4658364738,3.2107862376,-1.6319038236,0.8437500000,0.0000000000,0.1562500000,10.1245456017,16.2004761990,872.7000000000,86.2500000000,958.9500000000,5566.0000000000,1600.0000000000
2026-09-19T18:00:00,shared_ridge10,2026-09-21,0,2,96,1,estimated,2.1307967942,2.6439468795,-0.5011484856,0.9062500000,0.0000000000,0.0937500000,10.1245456017,12.8576089784,312.8000000000,198.3000000000,511.1000000000,4885.0000000000,1403.0000000000
2026-09-19T18:00:00,shared_ridge10,2026-09-22,0,3,96,1,estimated,2.6893939382,3.3933170262,1.5645116114,0.8854166667,0.0520833333,0.0625000000,10.1245456017,13.3101323327,144.4000000000,411.1500000000,555.5500000000,4887.0000000000,1404.0000000000
2026-09-19T18:00:00,shared_ridge10,2026-09-23,0,4,96,1,estimated,2.8953028722,3.4994770633,2.6298375726,0.9062500000,0.0833333333,0.0104166667,10.1245456017,11.9570391491,11.0000000000,515.7000000000,526.7000000000,4809.0000000000,1381.0000000000
2026-09-19T18:00:00,shared_ridge10,2026-09-24,0,5,96,1,estimated,2.3199875935,2.9179210890,-0.6442949723,0.8750000000,0.0000000000,0.1250000000,10.1245456017,14.7755868237,417.2000000000,200.4000000000,617.6000000000,4814.0000000000,1380.0000000000
2026-09-19T18:00:00,shared_ridge10,2026-09-25,0,6,96,1,estimated,2.8619578597,3.5241723838,2.5198208625,0.8854166667,0.1041666667,0.0104166667,10.1245456017,11.7139829768,23.8000000000,495.4500000000,519.2500000000,4976.0000000000,1428.0000000000
2026-09-19T18:00:00,shared_ridge10,2026-09-26,0,7,96,1,estimated,2.7159228119,3.3101369594,1.2034671048,0.9270833333,0.0416666667,0.0312500000,10.1245456017,12.0115435796,372.3000000000,265.2000000000,637.5000000000,5590.0000000000,1600.0000000000
2026-09-19T18:00:00,shared_ridge10,2026-09-27,0,8,96,1,estimated,2.5704352993,3.2339712377,0.4147982173,0.8750000000,0.0312500000,0.0937500000,10.1245456017,14.0575958660,448.8000000000,219.6000000000,668.4000000000,5567.0000000000,1600.0000000000
2026-09-19T18:00:00,shared_ridge10,2026-09-28,0,9,96,1,estimated,2.1499072459,2.6848514915,0.4036111515,0.9479166667,0.0104166667,0.0416666667,10.1245456017,11.4407741627,188.3000000000,276.7500000000,465.0500000000,4929.0000000000,1414.0000000000
2026-09-19T18:00:00,shared_ridge10,2026-09-29,0,10,96,1,estimated,2.2644095023,2.9223520455,0.9769012286,0.9375000000,0.0208333333,0.0416666667,10.1245456017,12.7768407415,113.3000000000,330.7500000000,444.0500000000,4939.0000000000,1417.0000000000
2026-09-19T18:00:00,shared_ridge10,2026-09-30,0,11,96,1,estimated,2.4268436396,3.0238799266,1.6050587447,0.9375000000,0.0416666667,0.0208333333,10.1245456017,11.7462024692,102.5000000000,403.0500000000,505.5500000000,4830.0000000000,1387.0000000000
2026-09-19T18:00:00,shared_ridge10,2026-10-01,0,12,96,1,estimated,2.7199002122,3.2718079298,1.6943068923,0.9270833333,0.0312500000,0.0416666667,10.1245456017,11.4536616984,142.3000000000,429.6000000000,571.9000000000,4884.0000000000,1402.0000000000
2026-09-19T18:00:00,shared_ridge10,2026-10-02,0,13,96,1,estimated,2.3655271794,2.9410960941,-0.4623419599,0.9062500000,0.0000000000,0.0937500000,10.1245456017,12.8747062670,388.7000000000,217.2000000000,605.9000000000,5012.0000000000,1436.0000000000
2026-09-19T18:00:00,shared_ridge10,2026-10-03,0,14,96,1,estimated,2.5710818598,3.2335828979,-1.6236483585,0.7604166667,0.0000000000,0.2395833333,10.1245456017,17.6114350735,1012.1000000000,70.2000000000,1082.3000000000,5599.0000000000,1600.0000000000
2026-09-19T18:00:00,shared_ridge10,2026-10-04,0,15,96,1,estimated,2.2257492472,2.9199201986,0.7351001330,0.9270833333,0.0312500000,0.0416666667,10.1245456017,13.0778008943,302.9000000000,214.8000000000,517.7000000000,5569.0000000000,1600.0000000000
2026-09-19T18:00:00,shared_ridge10,2026-10-05,1,16,96,1,estimated,3.6281036284,4.4409014001,2.9275738016,0.8125000000,0.1666666667,0.0208333333,10.1245456017,17.0248012310,202.9000000000,382.0500000000,584.9500000000,5583.0000000000,1600.0000000000
2026-09-19T18:00:00,shared_ridge10,2026-10-06,1,17,96,1,estimated,3.1874780500,4.0335354738,2.2316145911,0.8437500000,0.1354166667,0.0208333333,10.1245456017,15.8753712653,306.0000000000,300.7500000000,606.7500000000,5580.0000000000,1600.0000000000
2026-09-19T18:00:00,shared_ridge10,2026-10-07,0,18,96,1,estimated,2.7640226962,3.3713094189,-1.8549657560,0.7916666667,0.0000000000,0.2083333333,10.1245456017,17.8441520509,628.3000000000,119.5500000000,747.8500000000,4856.0000000000,1394.0000000000
2026-09-19T18:00:00,shared_ridge10,2026-10-08,0,19,96,1,estimated,2.4437265923,3.0781782137,1.1092823915,0.8958333333,0.0520833333,0.0520833333,10.1245456017,12.6721094949,148.8000000000,359.5500000000,508.3500000000,4901.0000000000,1408.0000000000
2026-09-19T18:00:00,shared_ridge10,2026-10-09,0,20,96,1,estimated,2.2263794087,2.8286066888,-0.7348664606,0.8645833333,0.0000000000,0.1354166667,10.1245456017,14.4835111506,426.2000000000,202.3500000000,628.5500000000,5055.0000000000,1447.0000000000
2026-09-19T18:00:00,shared_ridge10,2026-10-10,0,21,96,1,estimated,2.0398765958,2.4974373678,-0.3440895259,0.9062500000,0.0000000000,0.0937500000,10.1245456017,12.3805892920,556.1000000000,118.2000000000,674.3000000000,5599.0000000000,1600.0000000000
2026-09-19T18:00:00,shared_ridge10,2026-10-11,0,22,96,1,estimated,2.6452694800,3.3184700420,1.6188256323,0.9166666667,0.0312500000,0.0520833333,10.1245456017,12.9701345948,249.3000000000,301.5000000000,550.8000000000,5568.0000000000,1600.0000000000
2026-09-19T18:00:00,shared_ridge10,2026-10-12,0,23,96,1,estimated,3.3859032092,4.0127113504,3.0739076796,0.9062500000,0.0937500000,0.0000000000,10.1245456017,13.3814582212,20.3000000000,543.6000000000,563.9000000000,4966.0000000000,1424.0000000000
2026-09-19T18:00:00,shared_ridge10,2026-10-13,0,24,96,1,estimated,2.2191402641,2.8373601597,0.3987818024,0.9270833333,0.0000000000,0.0729166667,10.1245456017,12.6002419003,233.4000000000,301.9500000000,535.3500000000,5014.0000000000,1436.0000000000
2026-09-19T18:00:00,shared_ridge10,2026-10-14,0,25,96,1,estimated,2.4514571269,2.9983735201,-0.3879069234,0.8541666667,0.0000000000,0.1458333333,10.1245456017,14.7956359822,377.3000000000,236.2500000000,613.5500000000,4871.0000000000,1397.0000000000
2026-09-19T18:00:00,shared_ridge10,2026-10-15,0,26,96,1,estimated,2.5614668869,3.1636643881,1.8367578908,0.9375000000,0.0520833333,0.0104166667,10.1245456017,11.1605907812,46.6000000000,419.8500000000,466.4500000000,4920.0000000000,1413.0000000000
2026-09-19T18:00:00,shared_ridge10,2026-10-16,0,27,96,1,estimated,2.2909098346,2.8704638167,0.4926090387,0.9479166667,0.0104166667,0.0416666667,10.1245456017,11.8957511815,170.9000000000,280.8000000000,451.7000000000,5091.0000000000,1458.0000000000
2026-09-19T18:00:00,shared_ridge10,2026-10-17,0,28,96,1,estimated,2.5711504514,3.1337590336,0.8729693067,0.8958333333,0.0208333333,0.0833333333,10.1245456017,12.5004000936,405.3000000000,219.3000000000,624.6000000000,5596.0000000000,1600.0000000000
2026-09-19T18:00:00,shared_ridge10,2026-10-18,0,29,96,1,estimated,2.4788790346,3.2434842198,0.1275511315,0.8750000000,0.0208333333,0.1041666667,10.1245456017,15.1717531091,588.6000000000,180.1500000000,768.7500000000,5570.0000000000,1600.0000000000
2026-09-19T18:00:00,shared_ridge10,2026-10-19,0,30,96,1,estimated,2.1169226072,2.6967146270,0.0305498455,0.8958333333,0.0104166667,0.0937500000,10.1245456017,12.9770054596,223.9000000000,233.1000000000,457.0000000000,5024.0000000000,1440.0000000000
2026-09-19T18:00:00,shared_ridge10,2026-10-20,0,31,96,1,estimated,3.0611307958,3.6896490253,2.3450073016,0.8854166667,0.0937500000,0.0208333333,10.1245456017,12.9620439319,63.7000000000,505.3500000000,569.0500000000,5053.0000000000,1448.0000000000
2026-09-19T18:00:00,shared_ridge10,2026-10-21,0,32,96,1,estimated,2.1684035064,2.6229597680,0.7562352425,0.9583333333,0.0208333333,0.0208333333,10.1245456017,11.0025655632,125.6000000000,295.2000000000,420.8000000000,4898.0000000000,1404.0000000000
2026-09-19T18:00:00,shared_ridge10,2026-10-22,0,33,96,1,estimated,2.2891676237,2.8754292970,-0.7899332766,0.8854166667,0.0000000000,0.1145833333,10.1245456017,14.0821749277,420.6000000000,187.6500000000,608.2500000000,4942.0000000000,1419.0000000000
2026-09-19T18:00:00,shared_ridge10,2026-10-23,0,34,96,1,estimated,2.2207171286,2.7652867823,0.0846678713,0.8958333333,0.0208333333,0.0833333333,10.1245456017,12.7610616379,283.4000000000,251.2500000000,534.6500000000,5134.0000000000,1472.0000000000
2026-09-19T18:00:00,shared_ridge10,2026-10-24,1,35,96,1,estimated,2.7236657305,3.4036129242,1.1920030940,0.8645833333,0.0416666667,0.0937500000,10.1245456017,14.5627518903,1272.7000000000,82.8000000000,1355.5000000000,5617.0000000000,1600.0000000000
2026-09-19T18:00:00,shared_ridge10,2026-10-25,1,36,96,1,estimated,3.0531019097,3.8355787316,0.1653349188,0.7812500000,0.0729166667,0.1458333333,10.1245456017,18.0439485782,1846.5000000000,78.0000000000,1924.5000000000,5596.0000000000,1600.0000000000
2026-09-19T18:00:00,shared_ridge10,2026-10-26,0,37,96,1,estimated,2.6214653566,3.1152711801,1.3621920114,0.9062500000,0.0312500000,0.0625000000,10.1245456017,11.6906728956,140.9000000000,399.0000000000,539.9000000000,5058.0000000000,1451.0000000000
2026-09-19T18:00:00,shared_ridge10,2026-10-27,0,38,96,1,estimated,2.1272051741,2.8241115431,0.5933161342,0.9270833333,0.0312500000,0.0416666667,10.1245456017,12.3979910369,130.7000000000,305.7000000000,436.4000000000,5076.0000000000,1456.0000000000
2026-09-19T18:00:00,shared_ridge10,2026-10-28,0,39,96,1,estimated,2.0537020025,2.7379973163,0.0149607418,0.9166666667,0.0104166667,0.0729166667,10.1245456017,13.7431655286,241.7000000000,241.6500000000,483.3500000000,4937.0000000000,1416.0000000000
2026-09-19T18:00:00,shared_ridge10,2026-10-29,0,40,96,1,estimated,2.2549160630,2.9827169663,-0.5728744440,0.8020833333,0.0312500000,0.1666666667,10.1245456017,14.6305786517,356.3000000000,206.4000000000,562.7000000000,4967.0000000000,1425.0000000000
2026-09-19T18:00:00,shared_ridge10,2026-10-30,0,41,96,1,estimated,3.5541502391,4.2062586192,3.3538100372,0.8229166667,0.1770833333,0.0000000000,10.1245456017,14.5303831317,0.0000000000,595.9500000000,595.9500000000,5155.0000000000,1479.0000000000
2026-09-19T18:00:00,shared_ridge10,2026-10-31,0,42,96,1,estimated,2.4250560988,2.9868338769,0.8591703052,0.9166666667,0.0312500000,0.0520833333,10.1245456017,12.4442174198,421.4000000000,211.9500000000,633.3500000000,5596.0000000000,1600.0000000000
2026-09-19T18:00:00,weekly_mean56,2026-09-20,0,1,96,1,estimated,2.7591145833,3.4987674541,-1.5143229167,0.9062500000,0.0104166667,0.0833333333,10.9565755208,15.2222005208,926.8000000000,117.4500000000,1044.2500000000,5563.0000000000,1600.0000000000
2026-09-19T18:00:00,weekly_mean56,2026-09-21,0,2,96,1,estimated,2.3632812500,2.9712982485,-0.8710937500,0.9270833333,0.0312500000,0.0416666667,10.9565755208,12.9422526042,183.8000000000,291.7500000000,475.5500000000,5215.0000000000,1497.0000000000
2026-09-19T18:00:00,weekly_mean56,2026-09-22,0,3,96,1,estimated,2.8294270833,3.4677410319,1.0846354167,0.8333333333,0.1145833333,0.0520833333,10.9565755208,14.1544921875,105.3000000000,520.9500000000,626.2500000000,5225.0000000000,1495.0000000000
2026-09-19T18:00:00,weekly_mean56,2026-09-23,0,4,96,1,estimated,3.1927083333,3.7486976905,2.7265625000,0.9062500000,0.0937500000,0.0000000000,10.9565755208,14.5685546875,8.6000000000,694.0500000000,702.6500000000,5296.0000000000,1518.0000000000
2026-09-19T18:00:00,weekly_mean56,2026-09-24,0,5,96,1,estimated,2.4505208333,3.1209348559,-0.8177083333,0.9270833333,0.0000000000,0.0729166667,10.9565755208,12.5776692708,251.0000000000,308.1000000000,559.1000000000,5214.0000000000,1495.0000000000
2026-09-19T18:00:00,weekly_mean56,2026-09-25,0,6,96,1,estimated,2.5924479167,3.2647152840,1.7382812500,0.8958333333,0.0937500000,0.0104166667,10.9565755208,13.7000651042,25.1000000000,576.3000000000,601.4000000000,5197.0000000000,1488.0000000000
2026-09-19T18:00:00,weekly_mean56,2026-09-26,0,7,96,1,estimated,2.8789062500,3.4850639267,1.2955729167,0.8750000000,0.1145833333,0.0104166667,10.9565755208,14.6974609375,367.4000000000,275.2500000000,642.6500000000,5582.0000000000,1600.0000000000
2026-09-19T18:00:00,weekly_mean56,2026-09-27,0,8,96,1,estimated,2.9830729167,3.6277602638,0.4127604167,0.8854166667,0.0729166667,0.0416666667,10.9565755208,14.8055338542,579.4000000000,268.3500000000,847.7500000000,5563.0000000000,1600.0000000000
2026-09-19T18:00:00,weekly_mean56,2026-09-28,0,9,96,1,estimated,2.2747395833,2.8523507757,-0.0794270833,0.9479166667,0.0104166667,0.0416666667,10.9565755208,12.0958984375,132.7000000000,373.5000000000,506.2000000000,5215.0000000000,1497.0000000000
2026-09-19T18:00:00,weekly_mean56,2026-09-29,0,10,96,1,estimated,2.2825520833,2.8793841120,0.3763020833,0.9375000000,0.0312500000,0.0312500000,10.9565755208,12.6583984375,101.6000000000,430.2000000000,531.8000000000,5225.0000000000,1495.0000000000
2026-09-19T18:00:00,weekly_mean56,2026-09-30,0,11,96,1,estimated,2.6354166667,3.2978251988,1.6015625000,0.9062500000,0.0833333333,0.0104166667,10.9565755208,13.6518880208,65.9000000000,565.6500000000,631.5500000000,5296.0000000000,1518.0000000000
2026-09-19T18:00:00,weekly_mean56,2026-10-01,0,12,96,1,estimated,2.6536458333,3.2736519172,1.4218750000,0.8750000000,0.1145833333,0.0104166667,10.9565755208,12.9865234375,99.7000000000,538.5000000000,638.2000000000,5214.0000000000,1495.0000000000
2026-09-19T18:00:00,weekly_mean56,2026-10-02,0,13,96,1,estimated,2.6914062500,3.2774531604,-1.3346354167,0.9062500000,0.0208333333,0.0729166667,10.9565755208,13.0125651042,292.9000000000,265.2000000000,558.1000000000,5197.0000000000,1488.0000000000
2026-09-19T18:00:00,weekly_mean56,2026-10-03,0,14,96,1,estimated,2.7434895833,3.4425861993,-1.6210937500,0.8958333333,0.0104166667,0.0937500000,10.9565755208,14.3719401042,1031.5000000000,85.5000000000,1117.0000000000,5582.0000000000,1600.0000000000
2026-09-19T18:00:00,weekly_mean56,2026-10-04,0,15,96,1,estimated,2.3789062500,3.0262254319,0.6523437500,0.9166666667,0.0520833333,0.0312500000,10.9565755208,13.3016276042,358.4000000000,241.8000000000,600.2000000000,5563.0000000000,1600.0000000000
2026-09-19T18:00:00,weekly_mean56,2026-10-05,1,16,96,1,estimated,2.9648437500,3.7221841636,-1.2356770833,0.8645833333,0.0104166667,0.1250000000,10.9565755208,15.2690755208,411.3000000000,294.9000000000,706.2000000000,5215.0000000000,1497.0000000000
2026-09-19T18:00:00,weekly_mean56,2026-10-06,1,17,96,1,estimated,3.3658854167,4.1419121427,-2.0403645833,0.8437500000,0.0104166667,0.1458333333,10.9565755208,16.9695963542,562.2000000000,220.6500000000,782.8500000000,5225.0000000000,1495.0000000000
2026-09-19T18:00:00,weekly_mean56,2026-10-07,0,18,96,1,estimated,2.8854166667,3.5748142434,-1.9505208333,0.8750000000,0.0104166667,0.1145833333,10.9565755208,14.2156901042,385.9000000000,223.9500000000,609.8500000000,5296.0000000000,1518.0000000000
2026-09-19T18:00:00,weekly_mean56,2026-10-08,0,19,96,1,estimated,2.5937500000,3.2150565379,0.7447916667,0.9062500000,0.0729166667,0.0208333333,10.9565755208,13.2742838542,83.9000000000,454.5000000000,538.4000000000,5214.0000000000,1495.0000000000
2026-09-19T18:00:00,weekly_mean56,2026-10-09,0,20,96,1,estimated,2.6783854167,3.2940968745,-1.6992187500,0.8958333333,0.0000000000,0.1041666667,10.9565755208,13.6649088542,346.9000000000,239.2500000000,586.1500000000,5197.0000000000,1488.0000000000
2026-09-19T18:00:00,weekly_mean56,2026-10-10,0,21,96,1,estimated,2.0143229167,2.4732619634,-0.4335937500,0.9791666667,0.0104166667,0.0104166667,10.9565755208,11.0815755208,552.7000000000,126.7500000000,679.4500000000,5582.0000000000,1600.0000000000
2026-09-19T18:00:00,weekly_mean56,2026-10-11,0,22,96,1,estimated,2.6888020833,3.4455162213,1.4440104167,0.9062500000,0.0833333333,0.0104166667,10.9565755208,14.9240234375,260.2000000000,316.5000000000,576.7000000000,5563.0000000000,1600.0000000000
2026-09-19T18:00:00,weekly_mean56,2026-10-12,0,23,96,1,estimated,2.9466145833,3.6827962584,2.4101562500,0.8437500000,0.1562500000,0.0000000000,10.9565755208,16.2742838542,8.6000000000,637.8000000000,646.4000000000,5215.0000000000,1497.0000000000
2026-09-19T18:00:00,weekly_mean56,2026-10-13,0,24,96,1,estimated,2.2851562500,2.9521741194,-0.3736979167,0.9270833333,0.0104166667,0.0625000000,10.9565755208,13.7833984375,189.9000000000,368.2500000000,558.1500000000,5225.0000000000,1495.0000000000
2026-09-19T18:00:00,weekly_mean56,2026-10-14,0,25,96,1,estimated,2.5651041667,3.2114095101,-0.5755208333,0.9166666667,0.0104166667,0.0729166667,10.9565755208,14.4552734375,254.2000000000,364.9500000000,619.1500000000,5296.0000000000,1518.0000000000
2026-09-19T18:00:00,weekly_mean56,2026-10-15,0,26,96,1,estimated,2.3880208333,2.9155875980,1.3802083333,0.9166666667,0.0729166667,0.0104166667,10.9565755208,12.1818359375,24.5000000000,517.9500000000,542.4500000000,5214.0000000000,1495.0000000000
2026-09-19T18:00:00,weekly_mean56,2026-10-16,0,27,96,1,estimated,2.4179687500,3.0622076816,-0.5638020833,0.9687500000,0.0104166667,0.0208333333,10.9565755208,13.1245442708,161.8000000000,321.4500000000,483.2500000000,5197.0000000000,1488.0000000000
2026-09-19T18:00:00,weekly_mean56,2026-10-17,0,28,96,1,estimated,2.6705729167,3.1933922256,0.6914062500,0.9375000000,0.0312500000,0.0312500000,10.9565755208,12.0138671875,458.5000000000,239.2500000000,697.7500000000,5582.0000000000,1600.0000000000
2026-09-19T18:00:00,weekly_mean56,2026-10-18,0,29,96,1,estimated,2.5429687500,3.4246682853,-0.1393229167,0.8958333333,0.0208333333,0.0833333333,10.9565755208,15.3472005208,605.6000000000,195.7500000000,801.3500000000,5563.0000000000,1600.0000000000
2026-09-19T18:00:00,weekly_mean56,2026-10-19,0,30,96,1,estimated,2.4023437500,3.0208423132,-0.7252604167,0.9166666667,0.0312500000,0.0520833333,10.9565755208,13.2208984375,181.2000000000,298.3500000000,479.5500000000,5215.0000000000,1497.0000000000
2026-09-19T18:00:00,weekly_mean56,2026-10-20,0,31,96,1,estimated,2.6002604167,3.1489447224,1.4804687500,0.8958333333,0.0833333333,0.0208333333,10.9565755208,12.7886067708,60.0000000000,564.7500000000,624.7500000000,5225.0000000000,1495.0000000000
2026-09-19T18:00:00,weekly_mean56,2026-10-21,0,32,96,1,estimated,2.0963541667,2.6007060339,0.4765625000,0.9687500000,0.0312500000,0.0000000000,10.9565755208,11.8211588542,53.3000000000,426.6000000000,479.9000000000,5296.0000000000,1518.0000000000
2026-09-19T18:00:00,weekly_mean56,2026-10-22,0,33,96,1,estimated,2.5833333333,3.2444865092,-1.3385416667,0.9166666667,0.0000000000,0.0833333333,10.9565755208,13.5958984375,307.4000000000,255.3000000000,562.7000000000,5214.0000000000,1495.0000000000
2026-09-19T18:00:00,weekly_mean56,2026-10-23,0,34,96,1,estimated,2.3971354167,3.0787462360,-1.0638020833,0.9270833333,0.0104166667,0.0625000000,10.9565755208,13.8498046875,254.8000000000,269.2500000000,524.0500000000,5197.0000000000,1488.0000000000
2026-09-19T18:00:00,weekly_mean56,2026-10-24,1,35,96,1,estimated,3.5091145833,4.3651488794,-2.6731770833,0.7500000000,0.0208333333,0.2291666667,10.9565755208,20.5646484375,1390.7000000000,60.6000000000,1451.3000000000,5582.0000000000,1600.0000000000
2026-09-19T18:00:00,weekly_mean56,2026-10-25,1,36,96,1,estimated,4.4674479167,5.5025296029,-3.7851562500,0.6562500000,0.0104166667,0.3333333333,10.9565755208,28.4018880208,1966.1000000000,61.2000000000,2027.3000000000,5563.0000000000,1600.0000000000
2026-09-19T18:00:00,weekly_mean56,2026-10-26,0,37,96,1,estimated,2.3268229167,2.8719129713,0.5143229167,0.9375000000,0.0208333333,0.0416666667,10.9565755208,11.4018880208,125.6000000000,456.0000000000,581.6000000000,5215.0000000000,1497.0000000000
2026-09-19T18:00:00,weekly_mean56,2026-10-27,0,38,96,1,estimated,2.2070312500,2.8866103879,-0.3632812500,0.9270833333,0.0416666667,0.0312500000,10.9565755208,12.6779296875,132.4000000000,354.6000000000,487.0000000000,5225.0000000000,1495.0000000000
2026-09-19T18:00:00,weekly_mean56,2026-10-28,0,39,96,1,estimated,2.0885416667,2.8769241749,-0.3567708333,0.9479166667,0.0208333333,0.0312500000,10.9565755208,13.3328776042,167.0000000000,357.0000000000,524.0000000000,5296.0000000000,1518.0000000000
2026-09-19T18:00:00,weekly_mean56,2026-10-29,0,40,96,1,estimated,2.4843750000,3.1922962282,-1.2135416667,0.8750000000,0.0416666667,0.0833333333,10.9565755208,13.9800130208,230.3000000000,263.5500000000,493.8500000000,5214.0000000000,1495.0000000000
2026-09-19T18:00:00,weekly_mean56,2026-10-30,0,41,96,1,estimated,2.6992187500,3.2710904225,2.1132812500,0.9062500000,0.0937500000,0.0000000000,10.9565755208,12.9774088542,0.0000000000,610.3500000000,610.3500000000,5197.0000000000,1488.0000000000
2026-09-19T18:00:00,weekly_mean56,2026-10-31,0,42,96,1,estimated,2.5950520833,3.1166294143,0.4934895833,0.9062500000,0.0520833333,0.0416666667,10.9565755208,12.7052734375,478.9000000000,231.1500000000,710.0500000000,5582.0000000000,1600.0000000000
