vehicle_id,upper,lower,contact_mm2,transferred_kg,pressure_kg_m2
T001,G2-0007,G2-0006,125000.0,8.0,64.0
T001,G2-0014,G2-0013,125000.0,8.0,64.0
T001,G2-0021,G2-0020,125000.0,8.0,64.0
T001,G2-0028,G2-0027,125000.0,8.0,64.0
T001,G2-0035,G2-0034,125000.0,8.0,64.0
T001,G2-0042,G2-0041,125000.0,8.0,64.0
T001,G2-0049,G2-0048,125000.0,8.0,64.0
T001,G2-0056,G2-0055,125000.0,8.0,64.0
T001,G2-0063,G2-0062,125000.0,8.0,64.0
T001,G2-0070,G2-0069,125000.0,8.0,64.0
T001,G2-0077,G2-0076,125000.0,8.0,64.0
T001,G2-0084,G2-0083,125000.0,8.0,64.0
T001,G2-0091,G2-0090,125000.0,8.0,64.0
T001,G2-0098,G2-0097,125000.0,8.0,64.0
T001,G2-0105,G2-0104,125000.0,8.0,64.0
T001,G2-0112,G2-0111,125000.0,8.0,64.0
T001,G2-0119,G2-0118,125000.0,8.0,64.0
T001,G2-0126,G2-0125,125000.0,8.0,64.0
T001,G2-0133,G2-0132,125000.0,8.0,64.0
T001,G2-0140,G2-0139,125000.0,8.0,64.0
T001,G2-0147,G2-0146,125000.0,8.0,64.0
T001,G2-0154,G2-0153,125000.0,8.0,64.0
T001,G2-0161,G2-0160,125000.0,8.0,64.0
T001,G2-0168,G2-0167,125000.0,8.0,64.0
T001,G2-0175,G2-0174,125000.0,8.0,64.0
T001,G2-0182,G2-0181,125000.0,8.0,64.0
T001,G2-0189,G2-0188,125000.0,8.0,64.0
T001,G2-0196,G2-0195,125000.0,8.0,64.0
T001,G2-0203,G2-0202,125000.0,8.0,64.0
T001,G2-0210,G2-0209,125000.0,8.0,64.0
T001,G2-0217,G2-0216,125000.0,8.0,64.0
T001,G2-0224,G2-0223,125000.0,8.0,64.0
T001,G2-0231,G2-0230,125000.0,8.0,64.0
T001,G2-0238,G2-0237,125000.0,8.0,64.0
T001,G2-0245,G2-0244,125000.0,8.0,64.0
T001,G2-0252,G2-0251,125000.0,8.0,64.0
T001,G2-0259,G2-0258,125000.0,8.0,64.0
T001,G2-0266,G2-0265,125000.0,8.0,64.0
T001,G2-0273,G2-0272,125000.0,8.0,64.0
T001,G2-0280,G2-0279,125000.0,8.0,64.0
T001,G2-0287,G2-0286,125000.0,8.0,64.0
T001,G2-0294,G2-0293,125000.0,8.0,64.0
T001,G2-0301,G2-0300,125000.0,8.0,64.0
T001,G2-0308,G2-0307,125000.0,8.0,64.0
T001,G2-0315,G2-0314,125000.0,8.0,64.0
T001,G2-0322,G2-0321,125000.0,8.0,64.0
T001,G2-0329,G2-0328,125000.0,8.0,64.0
T001,G2-0336,G2-0335,125000.0,8.0,64.0
T001,G2-0343,G2-0342,125000.0,8.0,64.0
T001,G2-0350,G2-0349,125000.0,8.0,64.0
T001,G2-0357,G2-0356,125000.0,8.0,64.0
T001,G2-0364,G2-0363,125000.0,8.0,64.0
T001,G2-0371,G2-0370,125000.0,8.0,64.0
T001,G2-0378,G2-0377,125000.0,8.0,64.0
T001,G2-0385,G2-0384,125000.0,8.0,64.0
T001,G2-0392,G2-0391,125000.0,8.0,64.0
T001,G2-0399,G2-0398,125000.0,8.0,64.0
T001,G2-0406,G2-0405,125000.0,8.0,64.0
T001,G2-0413,G2-0412,125000.0,8.0,64.0
T001,G2-0420,G2-0419,125000.0,8.0,64.0
T001,G2-0427,G2-0426,125000.0,8.0,64.0
T001,G2-0434,G2-0433,125000.0,8.0,64.0
T001,G2-0441,G2-0440,125000.0,8.0,64.0
T001,G2-0448,G2-0447,125000.0,8.0,64.0
T001,G2-0455,G2-0454,125000.0,8.0,64.0
T001,G2-0462,G2-0461,125000.0,8.0,64.0
T001,G2-0469,G2-0468,125000.0,8.0,64.0
T001,G2-0476,G2-0475,125000.0,8.0,64.0
T001,G2-0483,G2-0482,125000.0,8.0,64.0
T001,G2-0490,G2-0489,125000.0,8.0,64.0
T001,G2-0497,G2-0496,125000.0,8.0,64.0
T001,G2-0504,G2-0503,125000.0,8.0,64.0
T001,G2-0511,G2-0510,125000.0,8.0,64.0
T001,G2-0518,G2-0517,125000.0,8.0,64.0
T001,G2-0525,G2-0524,125000.0,8.0,64.0
T001,G2-0532,G2-0531,125000.0,8.0,64.0
T001,G2-0539,G2-0538,125000.0,8.0,64.0
T001,G2-0546,G2-0545,125000.0,8.0,64.0
T001,G2-0553,G2-0552,125000.0,8.0,64.0
T001,G2-0560,G2-0559,125000.0,8.0,64.0
T001,G2-0567,G2-0566,125000.0,8.0,64.0
T001,G2-0574,G2-0573,125000.0,8.0,64.0
T001,G2-0581,G2-0580,125000.0,8.0,64.0
T001,G2-0588,G2-0587,125000.0,8.0,64.0
T001,G2-0595,G2-0594,125000.0,8.0,64.0
T001,G2-0602,G2-0601,125000.0,8.0,64.0
T001,G2-0609,G2-0608,125000.0,8.0,64.0
T001,G2-0616,G2-0615,125000.0,8.0,64.0
T001,G2-0623,G2-0622,125000.0,8.0,64.0
T001,G2-0630,G2-0629,125000.0,8.0,64.0
T001,G2-0637,G2-0636,125000.0,8.0,64.0
T001,G2-0644,G2-0643,125000.0,8.0,64.0
T001,G2-0651,G2-0650,125000.0,8.0,64.0
T001,G2-0658,G2-0657,125000.0,8.0,64.0
T001,G2-0665,G2-0664,125000.0,8.0,64.0
T001,G2-0672,G2-0671,125000.0,8.0,64.0
T001,G2-0679,G2-0678,125000.0,8.0,64.0
T001,G2-0686,G2-0685,125000.0,8.0,64.0
T001,G2-0693,G2-0692,125000.0,8.0,64.0
T001,G2-0700,G2-0699,125000.0,8.0,64.0
T001,G2-0707,G2-0706,125000.0,8.0,64.0
T001,G2-0714,G2-0713,125000.0,8.0,64.0
T001,G2-0721,G2-0720,125000.0,8.0,64.0
T001,G2-0728,G2-0727,125000.0,8.0,64.0
T001,G2-0735,G2-0734,125000.0,8.0,64.0
T001,G2-0742,G2-0741,125000.0,8.0,64.0
T001,G2-0749,G2-0748,125000.0,8.0,64.0
T001,G2-0756,G2-0755,125000.0,8.0,64.0
T001,G2-0763,G2-0762,125000.0,8.0,64.0
T001,G2-0770,G2-0769,125000.0,8.0,64.0
T001,G2-0777,G2-0776,125000.0,8.0,64.0
T001,G2-0784,G2-0783,125000.0,8.0,64.0
T001,G2-0791,G2-0790,125000.0,8.0,64.0
T001,G2-0798,G2-0797,125000.0,8.0,64.0
T001,G2-0805,G2-0804,125000.0,8.0,64.0
T001,G2-0812,G2-0811,125000.0,8.0,64.0
T001,G2-0819,G2-0818,125000.0,8.0,64.0
T001,G1-0004,G1-0003,120000.0,12.0,100.0
T001,G2-0006,G2-0005,125000.0,16.0,128.0
T001,G2-0013,G2-0012,125000.0,16.0,128.0
T001,G2-0020,G2-0019,125000.0,16.0,128.0
T001,G2-0027,G2-0026,125000.0,16.0,128.0
T001,G2-0034,G2-0033,125000.0,16.0,128.0
T001,G2-0041,G2-0040,125000.0,16.0,128.0
T001,G2-0048,G2-0047,125000.0,16.0,128.0
T001,G2-0055,G2-0054,125000.0,16.0,128.0
T001,G2-0062,G2-0061,125000.0,16.0,128.0
T001,G2-0069,G2-0068,125000.0,16.0,128.0
T001,G2-0076,G2-0075,125000.0,16.0,128.0
T001,G2-0083,G2-0082,125000.0,16.0,128.0
T001,G2-0090,G2-0089,125000.0,16.0,128.0
T001,G2-0097,G2-0096,125000.0,16.0,128.0
T001,G2-0104,G2-0103,125000.0,16.0,128.0
T001,G2-0111,G2-0110,125000.0,16.0,128.0
T001,G2-0118,G2-0117,125000.0,16.0,128.0
T001,G2-0125,G2-0124,125000.0,16.0,128.0
T001,G2-0132,G2-0131,125000.0,16.0,128.0
T001,G2-0139,G2-0138,125000.0,16.0,128.0
T001,G2-0146,G2-0145,125000.0,16.0,128.0
T001,G2-0153,G2-0152,125000.0,16.0,128.0
T001,G2-0160,G2-0159,125000.0,16.0,128.0
T001,G2-0167,G2-0166,125000.0,16.0,128.0
T001,G2-0174,G2-0173,125000.0,16.0,128.0
T001,G2-0181,G2-0180,125000.0,16.0,128.0
T001,G2-0188,G2-0187,125000.0,16.0,128.0
T001,G2-0195,G2-0194,125000.0,16.0,128.0
T001,G2-0202,G2-0201,125000.0,16.0,128.0
T001,G2-0209,G2-0208,125000.0,16.0,128.0
T001,G2-0216,G2-0215,125000.0,16.0,128.0
T001,G2-0223,G2-0222,125000.0,16.0,128.0
T001,G2-0230,G2-0229,125000.0,16.0,128.0
T001,G2-0237,G2-0236,125000.0,16.0,128.0
T001,G2-0244,G2-0243,125000.0,16.0,128.0
T001,G2-0251,G2-0250,125000.0,16.0,128.0
T001,G2-0258,G2-0257,125000.0,16.0,128.0
T001,G2-0265,G2-0264,125000.0,16.0,128.0
T001,G2-0272,G2-0271,125000.0,16.0,128.0
T001,G2-0279,G2-0278,125000.0,16.0,128.0
T001,G2-0286,G2-0285,125000.0,16.0,128.0
T001,G2-0293,G2-0292,125000.0,16.0,128.0
T001,G2-0300,G2-0299,125000.0,16.0,128.0
T001,G2-0307,G2-0306,125000.0,16.0,128.0
T001,G2-0314,G2-0313,125000.0,16.0,128.0
T001,G2-0321,G2-0320,125000.0,16.0,128.0
T001,G2-0328,G2-0327,125000.0,16.0,128.0
T001,G2-0335,G2-0334,125000.0,16.0,128.0
T001,G2-0342,G2-0341,125000.0,16.0,128.0
T001,G2-0349,G2-0348,125000.0,16.0,128.0
T001,G2-0356,G2-0355,125000.0,16.0,128.0
T001,G2-0363,G2-0362,125000.0,16.0,128.0
T001,G2-0370,G2-0369,125000.0,16.0,128.0
T001,G2-0377,G2-0376,125000.0,16.0,128.0
T001,G2-0384,G2-0383,125000.0,16.0,128.0
T001,G2-0391,G2-0390,125000.0,16.0,128.0
T001,G2-0398,G2-0397,125000.0,16.0,128.0
T001,G2-0405,G2-0404,125000.0,16.0,128.0
T001,G2-0412,G2-0411,125000.0,16.0,128.0
T001,G2-0419,G2-0418,125000.0,16.0,128.0
T001,G2-0426,G2-0425,125000.0,16.0,128.0
T001,G2-0433,G2-0432,125000.0,16.0,128.0
T001,G2-0440,G2-0439,125000.0,16.0,128.0
T001,G2-0447,G2-0446,125000.0,16.0,128.0
T001,G2-0454,G2-0453,125000.0,16.0,128.0
T001,G2-0461,G2-0460,125000.0,16.0,128.0
T001,G2-0468,G2-0467,125000.0,16.0,128.0
T001,G2-0475,G2-0474,125000.0,16.0,128.0
T001,G2-0482,G2-0481,125000.0,16.0,128.0
T001,G2-0489,G2-0488,125000.0,16.0,128.0
T001,G2-0496,G2-0495,125000.0,16.0,128.0
T001,G2-0503,G2-0502,125000.0,16.0,128.0
T001,G2-0510,G2-0509,125000.0,16.0,128.0
T001,G2-0517,G2-0516,125000.0,16.0,128.0
T001,G2-0524,G2-0523,125000.0,16.0,128.0
T001,G2-0531,G2-0530,125000.0,16.0,128.0
T001,G2-0538,G2-0537,125000.0,16.0,128.0
T001,G2-0545,G2-0544,125000.0,16.0,128.0
T001,G2-0552,G2-0551,125000.0,16.0,128.0
T001,G2-0559,G2-0558,125000.0,16.0,128.0
T001,G2-0566,G2-0565,125000.0,16.0,128.0
T001,G2-0573,G2-0572,125000.0,16.0,128.0
T001,G2-0580,G2-0579,125000.0,16.0,128.0
T001,G2-0587,G2-0586,125000.0,16.0,128.0
T001,G2-0594,G2-0593,125000.0,16.0,128.0
T001,G2-0601,G2-0600,125000.0,16.0,128.0
T001,G2-0608,G2-0607,125000.0,16.0,128.0
T001,G2-0615,G2-0614,125000.0,16.0,128.0
T001,G2-0622,G2-0621,125000.0,16.0,128.0
T001,G2-0629,G2-0628,125000.0,16.0,128.0
T001,G2-0636,G2-0635,125000.0,16.0,128.0
T001,G2-0643,G2-0642,125000.0,16.0,128.0
T001,G2-0650,G2-0649,125000.0,16.0,128.0
T001,G2-0657,G2-0656,125000.0,16.0,128.0
T001,G2-0664,G2-0663,125000.0,16.0,128.0
T001,G2-0671,G2-0670,125000.0,16.0,128.0
T001,G2-0678,G2-0677,125000.0,16.0,128.0
T001,G2-0685,G2-0684,125000.0,16.0,128.0
T001,G2-0692,G2-0691,125000.0,16.0,128.0
T001,G2-0699,G2-0698,125000.0,16.0,128.0
T001,G2-0706,G2-0705,125000.0,16.0,128.0
T001,G2-0713,G2-0712,125000.0,16.0,128.0
T001,G2-0720,G2-0719,125000.0,16.0,128.0
T001,G2-0727,G2-0726,125000.0,16.0,128.0
T001,G2-0734,G2-0733,125000.0,16.0,128.0
T001,G2-0741,G2-0740,125000.0,16.0,128.0
T001,G2-0748,G2-0747,125000.0,16.0,128.0
T001,G2-0755,G2-0754,125000.0,16.0,128.0
T001,G2-0762,G2-0761,125000.0,16.0,128.0
T001,G2-0769,G2-0768,125000.0,16.0,128.0
T001,G2-0776,G2-0775,125000.0,16.0,128.0
T001,G2-0783,G2-0782,125000.0,16.0,128.0
T001,G2-0790,G2-0789,125000.0,16.0,128.0
T001,G2-0797,G2-0796,125000.0,16.0,128.0
T001,G2-0804,G2-0803,125000.0,16.0,128.0
T001,G2-0811,G2-0810,125000.0,16.0,128.0
T001,G2-0818,G2-0817,125000.0,16.0,128.0
T001,G2-0005,G2-0004,125000.0,24.0,192.0
T001,G2-0012,G2-0011,125000.0,24.0,192.0
T001,G2-0019,G2-0018,125000.0,24.0,192.0
T001,G2-0026,G2-0025,125000.0,24.0,192.0
T001,G2-0033,G2-0032,125000.0,24.0,192.0
T001,G2-0040,G2-0039,125000.0,24.0,192.0
T001,G2-0047,G2-0046,125000.0,24.0,192.0
T001,G2-0054,G2-0053,125000.0,24.0,192.0
T001,G2-0061,G2-0060,125000.0,24.0,192.0
T001,G2-0068,G2-0067,125000.0,24.0,192.0
T001,G2-0075,G2-0074,125000.0,24.0,192.0
T001,G2-0082,G2-0081,125000.0,24.0,192.0
T001,G2-0089,G2-0088,125000.0,24.0,192.0
T001,G2-0096,G2-0095,125000.0,24.0,192.0
T001,G2-0103,G2-0102,125000.0,24.0,192.0
T001,G2-0110,G2-0109,125000.0,24.0,192.0
T001,G2-0117,G2-0116,125000.0,24.0,192.0
T001,G2-0124,G2-0123,125000.0,24.0,192.0
T001,G2-0131,G2-0130,125000.0,24.0,192.0
T001,G2-0138,G2-0137,125000.0,24.0,192.0
T001,G2-0145,G2-0144,125000.0,24.0,192.0
T001,G2-0152,G2-0151,125000.0,24.0,192.0
T001,G2-0159,G2-0158,125000.0,24.0,192.0
T001,G2-0166,G2-0165,125000.0,24.0,192.0
T001,G2-0173,G2-0172,125000.0,24.0,192.0
T001,G2-0180,G2-0179,125000.0,24.0,192.0
T001,G2-0187,G2-0186,125000.0,24.0,192.0
T001,G2-0194,G2-0193,125000.0,24.0,192.0
T001,G2-0201,G2-0200,125000.0,24.0,192.0
T001,G2-0208,G2-0207,125000.0,24.0,192.0
T001,G2-0215,G2-0214,125000.0,24.0,192.0
T001,G2-0222,G2-0221,125000.0,24.0,192.0
T001,G2-0229,G2-0228,125000.0,24.0,192.0
T001,G2-0236,G2-0235,125000.0,24.0,192.0
T001,G2-0243,G2-0242,125000.0,24.0,192.0
T001,G2-0250,G2-0249,125000.0,24.0,192.0
T001,G2-0257,G2-0256,125000.0,24.0,192.0
T001,G2-0264,G2-0263,125000.0,24.0,192.0
T001,G2-0271,G2-0270,125000.0,24.0,192.0
T001,G2-0278,G2-0277,125000.0,24.0,192.0
T001,G2-0285,G2-0284,125000.0,24.0,192.0
T001,G2-0292,G2-0291,125000.0,24.0,192.0
T001,G2-0299,G2-0298,125000.0,24.0,192.0
T001,G2-0306,G2-0305,125000.0,24.0,192.0
T001,G2-0313,G2-0312,125000.0,24.0,192.0
T001,G2-0320,G2-0319,125000.0,24.0,192.0
T001,G2-0327,G2-0326,125000.0,24.0,192.0
T001,G2-0334,G2-0333,125000.0,24.0,192.0
T001,G2-0341,G2-0340,125000.0,24.0,192.0
T001,G2-0348,G2-0347,125000.0,24.0,192.0
T001,G2-0355,G2-0354,125000.0,24.0,192.0
T001,G2-0362,G2-0361,125000.0,24.0,192.0
T001,G2-0369,G2-0368,125000.0,24.0,192.0
T001,G2-0376,G2-0375,125000.0,24.0,192.0
T001,G2-0383,G2-0382,125000.0,24.0,192.0
T001,G2-0390,G2-0389,125000.0,24.0,192.0
T001,G2-0397,G2-0396,125000.0,24.0,192.0
T001,G2-0404,G2-0403,125000.0,24.0,192.0
T001,G2-0411,G2-0410,125000.0,24.0,192.0
T001,G2-0418,G2-0417,125000.0,24.0,192.0
T001,G2-0425,G2-0424,125000.0,24.0,192.0
T001,G2-0432,G2-0431,125000.0,24.0,192.0
T001,G2-0439,G2-0438,125000.0,24.0,192.0
T001,G2-0446,G2-0445,125000.0,24.0,192.0
T001,G2-0453,G2-0452,125000.0,24.0,192.0
T001,G2-0460,G2-0459,125000.0,24.0,192.0
T001,G2-0467,G2-0466,125000.0,24.0,192.0
T001,G2-0474,G2-0473,125000.0,24.0,192.0
T001,G2-0481,G2-0480,125000.0,24.0,192.0
T001,G2-0488,G2-0487,125000.0,24.0,192.0
T001,G2-0495,G2-0494,125000.0,24.0,192.0
T001,G2-0502,G2-0501,125000.0,24.0,192.0
T001,G2-0509,G2-0508,125000.0,24.0,192.0
T001,G2-0516,G2-0515,125000.0,24.0,192.0
T001,G2-0523,G2-0522,125000.0,24.0,192.0
T001,G2-0530,G2-0529,125000.0,24.0,192.0
T001,G2-0537,G2-0536,125000.0,24.0,192.0
T001,G2-0544,G2-0543,125000.0,24.0,192.0
T001,G2-0551,G2-0550,125000.0,24.0,192.0
T001,G2-0558,G2-0557,125000.0,24.0,192.0
T001,G2-0565,G2-0564,125000.0,24.0,192.0
T001,G2-0572,G2-0571,125000.0,24.0,192.0
T001,G2-0579,G2-0578,125000.0,24.0,192.0
T001,G2-0586,G2-0585,125000.0,24.0,192.0
T001,G2-0593,G2-0592,125000.0,24.0,192.0
T001,G2-0600,G2-0599,125000.0,24.0,192.0
T001,G2-0607,G2-0606,125000.0,24.0,192.0
T001,G2-0614,G2-0613,125000.0,24.0,192.0
T001,G2-0621,G2-0620,125000.0,24.0,192.0
T001,G2-0628,G2-0627,125000.0,24.0,192.0
T001,G2-0635,G2-0634,125000.0,24.0,192.0
T001,G2-0642,G2-0641,125000.0,24.0,192.0
T001,G2-0649,G2-0648,125000.0,24.0,192.0
T001,G2-0656,G2-0655,125000.0,24.0,192.0
T001,G2-0663,G2-0662,125000.0,24.0,192.0
T001,G2-0670,G2-0669,125000.0,24.0,192.0
T001,G2-0677,G2-0676,125000.0,24.0,192.0
T001,G2-0684,G2-0683,125000.0,24.0,192.0
T001,G2-0691,G2-0690,125000.0,24.0,192.0
T001,G2-0698,G2-0697,125000.0,24.0,192.0
T001,G2-0705,G2-0704,125000.0,24.0,192.0
T001,G2-0712,G2-0711,125000.0,24.0,192.0
T001,G2-0719,G2-0718,125000.0,24.0,192.0
T001,G2-0726,G2-0725,125000.0,24.0,192.0
T001,G2-0733,G2-0732,125000.0,24.0,192.0
T001,G2-0740,G2-0739,125000.0,24.0,192.0
T001,G2-0747,G2-0746,125000.0,24.0,192.0
T001,G2-0754,G2-0753,125000.0,24.0,192.0
T001,G2-0761,G2-0760,125000.0,24.0,192.0
T001,G2-0768,G2-0767,125000.0,24.0,192.0
T001,G2-0775,G2-0774,125000.0,24.0,192.0
T001,G2-0782,G2-0781,125000.0,24.0,192.0
T001,G2-0789,G2-0788,125000.0,24.0,192.0
T001,G2-0796,G2-0795,125000.0,24.0,192.0
T001,G2-0803,G2-0802,125000.0,24.0,192.0
T001,G2-0810,G2-0809,125000.0,24.0,192.0
T001,G2-0817,G2-0816,125000.0,24.0,192.0
T001,G1-0003,G1-0002,120000.0,24.0,200.0
T001,G2-0004,G2-0003,125000.0,32.0,256.0
T001,G2-0011,G2-0010,125000.0,32.0,256.0
T001,G2-0018,G2-0017,125000.0,32.0,256.0
T001,G2-0025,G2-0024,125000.0,32.0,256.0
T001,G2-0032,G2-0031,125000.0,32.0,256.0
T001,G2-0039,G2-0038,125000.0,32.0,256.0
T001,G2-0046,G2-0045,125000.0,32.0,256.0
T001,G2-0053,G2-0052,125000.0,32.0,256.0
T001,G2-0060,G2-0059,125000.0,32.0,256.0
T001,G2-0067,G2-0066,125000.0,32.0,256.0
T001,G2-0074,G2-0073,125000.0,32.0,256.0
T001,G2-0081,G2-0080,125000.0,32.0,256.0
T001,G2-0088,G2-0087,125000.0,32.0,256.0
T001,G2-0095,G2-0094,125000.0,32.0,256.0
T001,G2-0102,G2-0101,125000.0,32.0,256.0
T001,G2-0109,G2-0108,125000.0,32.0,256.0
T001,G2-0116,G2-0115,125000.0,32.0,256.0
T001,G2-0123,G2-0122,125000.0,32.0,256.0
T001,G2-0130,G2-0129,125000.0,32.0,256.0
T001,G2-0137,G2-0136,125000.0,32.0,256.0
T001,G2-0144,G2-0143,125000.0,32.0,256.0
T001,G2-0151,G2-0150,125000.0,32.0,256.0
T001,G2-0158,G2-0157,125000.0,32.0,256.0
T001,G2-0165,G2-0164,125000.0,32.0,256.0
T001,G2-0172,G2-0171,125000.0,32.0,256.0
T001,G2-0179,G2-0178,125000.0,32.0,256.0
T001,G2-0186,G2-0185,125000.0,32.0,256.0
T001,G2-0193,G2-0192,125000.0,32.0,256.0
T001,G2-0200,G2-0199,125000.0,32.0,256.0
T001,G2-0207,G2-0206,125000.0,32.0,256.0
T001,G2-0214,G2-0213,125000.0,32.0,256.0
T001,G2-0221,G2-0220,125000.0,32.0,256.0
T001,G2-0228,G2-0227,125000.0,32.0,256.0
T001,G2-0235,G2-0234,125000.0,32.0,256.0
T001,G2-0242,G2-0241,125000.0,32.0,256.0
T001,G2-0249,G2-0248,125000.0,32.0,256.0
T001,G2-0256,G2-0255,125000.0,32.0,256.0
T001,G2-0263,G2-0262,125000.0,32.0,256.0
T001,G2-0270,G2-0269,125000.0,32.0,256.0
T001,G2-0277,G2-0276,125000.0,32.0,256.0
T001,G2-0284,G2-0283,125000.0,32.0,256.0
T001,G2-0291,G2-0290,125000.0,32.0,256.0
T001,G2-0298,G2-0297,125000.0,32.0,256.0
T001,G2-0305,G2-0304,125000.0,32.0,256.0
T001,G2-0312,G2-0311,125000.0,32.0,256.0
T001,G2-0319,G2-0318,125000.0,32.0,256.0
T001,G2-0326,G2-0325,125000.0,32.0,256.0
T001,G2-0333,G2-0332,125000.0,32.0,256.0
T001,G2-0340,G2-0339,125000.0,32.0,256.0
T001,G2-0347,G2-0346,125000.0,32.0,256.0
T001,G2-0354,G2-0353,125000.0,32.0,256.0
T001,G2-0361,G2-0360,125000.0,32.0,256.0
T001,G2-0368,G2-0367,125000.0,32.0,256.0
T001,G2-0375,G2-0374,125000.0,32.0,256.0
T001,G2-0382,G2-0381,125000.0,32.0,256.0
T001,G2-0389,G2-0388,125000.0,32.0,256.0
T001,G2-0396,G2-0395,125000.0,32.0,256.0
T001,G2-0403,G2-0402,125000.0,32.0,256.0
T001,G2-0410,G2-0409,125000.0,32.0,256.0
T001,G2-0417,G2-0416,125000.0,32.0,256.0
T001,G2-0424,G2-0423,125000.0,32.0,256.0
T001,G2-0431,G2-0430,125000.0,32.0,256.0
T001,G2-0438,G2-0437,125000.0,32.0,256.0
T001,G2-0445,G2-0444,125000.0,32.0,256.0
T001,G2-0452,G2-0451,125000.0,32.0,256.0
T001,G2-0459,G2-0458,125000.0,32.0,256.0
T001,G2-0466,G2-0465,125000.0,32.0,256.0
T001,G2-0473,G2-0472,125000.0,32.0,256.0
T001,G2-0480,G2-0479,125000.0,32.0,256.0
T001,G2-0487,G2-0486,125000.0,32.0,256.0
T001,G2-0494,G2-0493,125000.0,32.0,256.0
T001,G2-0501,G2-0500,125000.0,32.0,256.0
T001,G2-0508,G2-0507,125000.0,32.0,256.0
T001,G2-0515,G2-0514,125000.0,32.0,256.0
T001,G2-0522,G2-0521,125000.0,32.0,256.0
T001,G2-0529,G2-0528,125000.0,32.0,256.0
T001,G2-0536,G2-0535,125000.0,32.0,256.0
T001,G2-0543,G2-0542,125000.0,32.0,256.0
T001,G2-0550,G2-0549,125000.0,32.0,256.0
T001,G2-0557,G2-0556,125000.0,32.0,256.0
T001,G2-0564,G2-0563,125000.0,32.0,256.0
T001,G2-0571,G2-0570,125000.0,32.0,256.0
T001,G2-0578,G2-0577,125000.0,32.0,256.0
T001,G2-0585,G2-0584,125000.0,32.0,256.0
T001,G2-0592,G2-0591,125000.0,32.0,256.0
T001,G2-0599,G2-0598,125000.0,32.0,256.0
T001,G2-0606,G2-0605,125000.0,32.0,256.0
T001,G2-0613,G2-0612,125000.0,32.0,256.0
T001,G2-0620,G2-0619,125000.0,32.0,256.0
T001,G2-0627,G2-0626,125000.0,32.0,256.0
T001,G2-0634,G2-0633,125000.0,32.0,256.0
T001,G2-0641,G2-0640,125000.0,32.0,256.0
T001,G2-0648,G2-0647,125000.0,32.0,256.0
T001,G2-0655,G2-0654,125000.0,32.0,256.0
T001,G2-0662,G2-0661,125000.0,32.0,256.0
T001,G2-0669,G2-0668,125000.0,32.0,256.0
T001,G2-0676,G2-0675,125000.0,32.0,256.0
T001,G2-0683,G2-0682,125000.0,32.0,256.0
T001,G2-0690,G2-0689,125000.0,32.0,256.0
T001,G2-0697,G2-0696,125000.0,32.0,256.0
T001,G2-0704,G2-0703,125000.0,32.0,256.0
T001,G2-0711,G2-0710,125000.0,32.0,256.0
T001,G2-0718,G2-0717,125000.0,32.0,256.0
T001,G2-0725,G2-0724,125000.0,32.0,256.0
T001,G2-0732,G2-0731,125000.0,32.0,256.0
T001,G2-0739,G2-0738,125000.0,32.0,256.0
T001,G2-0746,G2-0745,125000.0,32.0,256.0
T001,G2-0753,G2-0752,125000.0,32.0,256.0
T001,G2-0760,G2-0759,125000.0,32.0,256.0
T001,G2-0767,G2-0766,125000.0,32.0,256.0
T001,G2-0774,G2-0773,125000.0,32.0,256.0
T001,G2-0781,G2-0780,125000.0,32.0,256.0
T001,G2-0788,G2-0787,125000.0,32.0,256.0
T001,G2-0795,G2-0794,125000.0,32.0,256.0
T001,G2-0802,G2-0801,125000.0,32.0,256.0
T001,G2-0809,G2-0808,125000.0,32.0,256.0
T001,G2-0816,G2-0815,125000.0,32.0,256.0
T001,G2-0003,G2-0002,125000.0,40.0,320.0
T001,G2-0010,G2-0009,125000.0,40.0,320.0
T001,G2-0017,G2-0016,125000.0,40.0,320.0
T001,G2-0024,G2-0023,125000.0,40.0,320.0
T001,G2-0031,G2-0030,125000.0,40.0,320.0
T001,G2-0038,G2-0037,125000.0,40.0,320.0
T001,G2-0045,G2-0044,125000.0,40.0,320.0
T001,G2-0052,G2-0051,125000.0,40.0,320.0
T001,G2-0059,G2-0058,125000.0,40.0,320.0
T001,G2-0066,G2-0065,125000.0,40.0,320.0
T001,G2-0073,G2-0072,125000.0,40.0,320.0
T001,G2-0080,G2-0079,125000.0,40.0,320.0
T001,G2-0087,G2-0086,125000.0,40.0,320.0
T001,G2-0094,G2-0093,125000.0,40.0,320.0
T001,G2-0101,G2-0100,125000.0,40.0,320.0
T001,G2-0108,G2-0107,125000.0,40.0,320.0
T001,G2-0115,G2-0114,125000.0,40.0,320.0
T001,G2-0122,G2-0121,125000.0,40.0,320.0
T001,G2-0129,G2-0128,125000.0,40.0,320.0
T001,G2-0136,G2-0135,125000.0,40.0,320.0
T001,G2-0143,G2-0142,125000.0,40.0,320.0
T001,G2-0150,G2-0149,125000.0,40.0,320.0
T001,G2-0157,G2-0156,125000.0,40.0,320.0
T001,G2-0164,G2-0163,125000.0,40.0,320.0
T001,G2-0171,G2-0170,125000.0,40.0,320.0
T001,G2-0178,G2-0177,125000.0,40.0,320.0
T001,G2-0185,G2-0184,125000.0,40.0,320.0
T001,G2-0192,G2-0191,125000.0,40.0,320.0
T001,G2-0199,G2-0198,125000.0,40.0,320.0
T001,G2-0206,G2-0205,125000.0,40.0,320.0
T001,G2-0213,G2-0212,125000.0,40.0,320.0
T001,G2-0220,G2-0219,125000.0,40.0,320.0
T001,G2-0227,G2-0226,125000.0,40.0,320.0
T001,G2-0234,G2-0233,125000.0,40.0,320.0
T001,G2-0241,G2-0240,125000.0,40.0,320.0
T001,G2-0248,G2-0247,125000.0,40.0,320.0
T001,G2-0255,G2-0254,125000.0,40.0,320.0
T001,G2-0262,G2-0261,125000.0,40.0,320.0
T001,G2-0269,G2-0268,125000.0,40.0,320.0
T001,G2-0276,G2-0275,125000.0,40.0,320.0
T001,G2-0283,G2-0282,125000.0,40.0,320.0
T001,G2-0290,G2-0289,125000.0,40.0,320.0
T001,G2-0297,G2-0296,125000.0,40.0,320.0
T001,G2-0304,G2-0303,125000.0,40.0,320.0
T001,G2-0311,G2-0310,125000.0,40.0,320.0
T001,G2-0318,G2-0317,125000.0,40.0,320.0
T001,G2-0325,G2-0324,125000.0,40.0,320.0
T001,G2-0332,G2-0331,125000.0,40.0,320.0
T001,G2-0339,G2-0338,125000.0,40.0,320.0
T001,G2-0346,G2-0345,125000.0,40.0,320.0
T001,G2-0353,G2-0352,125000.0,40.0,320.0
T001,G2-0360,G2-0359,125000.0,40.0,320.0
T001,G2-0367,G2-0366,125000.0,40.0,320.0
T001,G2-0374,G2-0373,125000.0,40.0,320.0
T001,G2-0381,G2-0380,125000.0,40.0,320.0
T001,G2-0388,G2-0387,125000.0,40.0,320.0
T001,G2-0395,G2-0394,125000.0,40.0,320.0
T001,G2-0402,G2-0401,125000.0,40.0,320.0
T001,G2-0409,G2-0408,125000.0,40.0,320.0
T001,G2-0416,G2-0415,125000.0,40.0,320.0
T001,G2-0423,G2-0422,125000.0,40.0,320.0
T001,G2-0430,G2-0429,125000.0,40.0,320.0
T001,G2-0437,G2-0436,125000.0,40.0,320.0
T001,G2-0444,G2-0443,125000.0,40.0,320.0
T001,G2-0451,G2-0450,125000.0,40.0,320.0
T001,G2-0458,G2-0457,125000.0,40.0,320.0
T001,G2-0465,G2-0464,125000.0,40.0,320.0
T001,G2-0472,G2-0471,125000.0,40.0,320.0
T001,G2-0479,G2-0478,125000.0,40.0,320.0
T001,G2-0486,G2-0485,125000.0,40.0,320.0
T001,G2-0493,G2-0492,125000.0,40.0,320.0
T001,G2-0500,G2-0499,125000.0,40.0,320.0
T001,G2-0507,G2-0506,125000.0,40.0,320.0
T001,G2-0514,G2-0513,125000.0,40.0,320.0
T001,G2-0521,G2-0520,125000.0,40.0,320.0
T001,G2-0528,G2-0527,125000.0,40.0,320.0
T001,G2-0535,G2-0534,125000.0,40.0,320.0
T001,G2-0542,G2-0541,125000.0,40.0,320.0
T001,G2-0549,G2-0548,125000.0,40.0,320.0
T001,G2-0556,G2-0555,125000.0,40.0,320.0
T001,G2-0563,G2-0562,125000.0,40.0,320.0
T001,G2-0570,G2-0569,125000.0,40.0,320.0
T001,G2-0577,G2-0576,125000.0,40.0,320.0
T001,G2-0584,G2-0583,125000.0,40.0,320.0
T001,G2-0591,G2-0590,125000.0,40.0,320.0
T001,G2-0598,G2-0597,125000.0,40.0,320.0
T001,G2-0605,G2-0604,125000.0,40.0,320.0
T001,G2-0612,G2-0611,125000.0,40.0,320.0
T001,G2-0619,G2-0618,125000.0,40.0,320.0
T001,G2-0626,G2-0625,125000.0,40.0,320.0
T001,G2-0633,G2-0632,125000.0,40.0,320.0
T001,G2-0640,G2-0639,125000.0,40.0,320.0
T001,G2-0647,G2-0646,125000.0,40.0,320.0
T001,G2-0654,G2-0653,125000.0,40.0,320.0
T001,G2-0661,G2-0660,125000.0,40.0,320.0
T001,G2-0668,G2-0667,125000.0,40.0,320.0
T001,G2-0675,G2-0674,125000.0,40.0,320.0
T001,G2-0682,G2-0681,125000.0,40.0,320.0
T001,G2-0689,G2-0688,125000.0,40.0,320.0
T001,G2-0696,G2-0695,125000.0,40.0,320.0
T001,G2-0703,G2-0702,125000.0,40.0,320.0
T001,G2-0710,G2-0709,125000.0,40.0,320.0
T001,G2-0717,G2-0716,125000.0,40.0,320.0
T001,G2-0724,G2-0723,125000.0,40.0,320.0
T001,G2-0731,G2-0730,125000.0,40.0,320.0
T001,G2-0738,G2-0737,125000.0,40.0,320.0
T001,G2-0745,G2-0744,125000.0,40.0,320.0
T001,G2-0752,G2-0751,125000.0,40.0,320.0
T001,G2-0759,G2-0758,125000.0,40.0,320.0
T001,G2-0766,G2-0765,125000.0,40.0,320.0
T001,G2-0773,G2-0772,125000.0,40.0,320.0
T001,G2-0780,G2-0779,125000.0,40.0,320.0
T001,G2-0787,G2-0786,125000.0,40.0,320.0
T001,G2-0794,G2-0793,125000.0,40.0,320.0
T001,G2-0801,G2-0800,125000.0,40.0,320.0
T001,G2-0808,G2-0807,125000.0,40.0,320.0
T001,G2-0815,G2-0814,125000.0,40.0,320.0
T001,G1-0002,G1-0001,120000.0,36.0,300.0
T001,G2-0002,G2-0001,125000.0,48.0,384.0
T001,G2-0009,G2-0008,125000.0,48.0,384.0
T001,G2-0016,G2-0015,125000.0,48.0,384.0
T001,G2-0023,G2-0022,125000.0,48.0,384.0
T001,G2-0030,G2-0029,125000.0,48.0,384.0
T001,G2-0037,G2-0036,125000.0,48.0,384.0
T001,G2-0044,G2-0043,125000.0,48.0,384.0
T001,G2-0051,G2-0050,125000.0,48.0,384.0
T001,G2-0058,G2-0057,125000.0,48.0,384.0
T001,G2-0065,G2-0064,125000.0,48.0,384.0
T001,G2-0072,G2-0071,125000.0,48.0,384.0
T001,G2-0079,G2-0078,125000.0,48.0,384.0
T001,G2-0086,G2-0085,125000.0,48.0,384.0
T001,G2-0093,G2-0092,125000.0,48.0,384.0
T001,G2-0100,G2-0099,125000.0,48.0,384.0
T001,G2-0107,G2-0106,125000.0,48.0,384.0
T001,G2-0114,G2-0113,125000.0,48.0,384.0
T001,G2-0121,G2-0120,125000.0,48.0,384.0
T001,G2-0128,G2-0127,125000.0,48.0,384.0
T001,G2-0135,G2-0134,125000.0,48.0,384.0
T001,G2-0142,G2-0141,125000.0,48.0,384.0
T001,G2-0149,G2-0148,125000.0,48.0,384.0
T001,G2-0156,G2-0155,125000.0,48.0,384.0
T001,G2-0163,G2-0162,125000.0,48.0,384.0
T001,G2-0170,G2-0169,125000.0,48.0,384.0
T001,G2-0177,G2-0176,125000.0,48.0,384.0
T001,G2-0184,G2-0183,125000.0,48.0,384.0
T001,G2-0191,G2-0190,125000.0,48.0,384.0
T001,G2-0198,G2-0197,125000.0,48.0,384.0
T001,G2-0205,G2-0204,125000.0,48.0,384.0
T001,G2-0212,G2-0211,125000.0,48.0,384.0
T001,G2-0219,G2-0218,125000.0,48.0,384.0
T001,G2-0226,G2-0225,125000.0,48.0,384.0
T001,G2-0233,G2-0232,125000.0,48.0,384.0
T001,G2-0240,G2-0239,125000.0,48.0,384.0
T001,G2-0247,G2-0246,125000.0,48.0,384.0
T001,G2-0254,G2-0253,125000.0,48.0,384.0
T001,G2-0261,G2-0260,125000.0,48.0,384.0
T001,G2-0268,G2-0267,125000.0,48.0,384.0
T001,G2-0275,G2-0274,125000.0,48.0,384.0
T001,G2-0282,G2-0281,125000.0,48.0,384.0
T001,G2-0289,G2-0288,125000.0,48.0,384.0
T001,G2-0296,G2-0295,125000.0,48.0,384.0
T001,G2-0303,G2-0302,125000.0,48.0,384.0
T001,G2-0310,G2-0309,125000.0,48.0,384.0
T001,G2-0317,G2-0316,125000.0,48.0,384.0
T001,G2-0324,G2-0323,125000.0,48.0,384.0
T001,G2-0331,G2-0330,125000.0,48.0,384.0
T001,G2-0338,G2-0337,125000.0,48.0,384.0
T001,G2-0345,G2-0344,125000.0,48.0,384.0
T001,G2-0352,G2-0351,125000.0,48.0,384.0
T001,G2-0359,G2-0358,125000.0,48.0,384.0
T001,G2-0366,G2-0365,125000.0,48.0,384.0
T001,G2-0373,G2-0372,125000.0,48.0,384.0
T001,G2-0380,G2-0379,125000.0,48.0,384.0
T001,G2-0387,G2-0386,125000.0,48.0,384.0
T001,G2-0394,G2-0393,125000.0,48.0,384.0
T001,G2-0401,G2-0400,125000.0,48.0,384.0
T001,G2-0408,G2-0407,125000.0,48.0,384.0
T001,G2-0415,G2-0414,125000.0,48.0,384.0
T001,G2-0422,G2-0421,125000.0,48.0,384.0
T001,G2-0429,G2-0428,125000.0,48.0,384.0
T001,G2-0436,G2-0435,125000.0,48.0,384.0
T001,G2-0443,G2-0442,125000.0,48.0,384.0
T001,G2-0450,G2-0449,125000.0,48.0,384.0
T001,G2-0457,G2-0456,125000.0,48.0,384.0
T001,G2-0464,G2-0463,125000.0,48.0,384.0
T001,G2-0471,G2-0470,125000.0,48.0,384.0
T001,G2-0478,G2-0477,125000.0,48.0,384.0
T001,G2-0485,G2-0484,125000.0,48.0,384.0
T001,G2-0492,G2-0491,125000.0,48.0,384.0
T001,G2-0499,G2-0498,125000.0,48.0,384.0
T001,G2-0506,G2-0505,125000.0,48.0,384.0
T001,G2-0513,G2-0512,125000.0,48.0,384.0
T001,G2-0520,G2-0519,125000.0,48.0,384.0
T001,G2-0527,G2-0526,125000.0,48.0,384.0
T001,G2-0534,G2-0533,125000.0,48.0,384.0
T001,G2-0541,G2-0540,125000.0,48.0,384.0
T001,G2-0548,G2-0547,125000.0,48.0,384.0
T001,G2-0555,G2-0554,125000.0,48.0,384.0
T001,G2-0562,G2-0561,125000.0,48.0,384.0
T001,G2-0569,G2-0568,125000.0,48.0,384.0
T001,G2-0576,G2-0575,125000.0,48.0,384.0
T001,G2-0583,G2-0582,125000.0,48.0,384.0
T001,G2-0590,G2-0589,125000.0,48.0,384.0
T001,G2-0597,G2-0596,125000.0,48.0,384.0
T001,G2-0604,G2-0603,125000.0,48.0,384.0
T001,G2-0611,G2-0610,125000.0,48.0,384.0
T001,G2-0618,G2-0617,125000.0,48.0,384.0
T001,G2-0625,G2-0624,125000.0,48.0,384.0
T001,G2-0632,G2-0631,125000.0,48.0,384.0
T001,G2-0639,G2-0638,125000.0,48.0,384.0
T001,G2-0646,G2-0645,125000.0,48.0,384.0
T001,G2-0653,G2-0652,125000.0,48.0,384.0
T001,G2-0660,G2-0659,125000.0,48.0,384.0
T001,G2-0667,G2-0666,125000.0,48.0,384.0
T001,G2-0674,G2-0673,125000.0,48.0,384.0
T001,G2-0681,G2-0680,125000.0,48.0,384.0
T001,G2-0688,G2-0687,125000.0,48.0,384.0
T001,G2-0695,G2-0694,125000.0,48.0,384.0
T001,G2-0702,G2-0701,125000.0,48.0,384.0
T001,G2-0709,G2-0708,125000.0,48.0,384.0
T001,G2-0716,G2-0715,125000.0,48.0,384.0
T001,G2-0723,G2-0722,125000.0,48.0,384.0
T001,G2-0730,G2-0729,125000.0,48.0,384.0
T001,G2-0737,G2-0736,125000.0,48.0,384.0
T001,G2-0744,G2-0743,125000.0,48.0,384.0
T001,G2-0751,G2-0750,125000.0,48.0,384.0
T001,G2-0758,G2-0757,125000.0,48.0,384.0
T001,G2-0765,G2-0764,125000.0,48.0,384.0
T001,G2-0772,G2-0771,125000.0,48.0,384.0
T001,G2-0779,G2-0778,125000.0,48.0,384.0
T001,G2-0786,G2-0785,125000.0,48.0,384.0
T001,G2-0793,G2-0792,125000.0,48.0,384.0
T001,G2-0800,G2-0799,125000.0,48.0,384.0
T001,G2-0807,G2-0806,125000.0,48.0,384.0
T001,G2-0814,G2-0813,125000.0,48.0,384.0
T002,G5-0004,G5-0003,160000.0,18.0,112.5
T002,G5-0008,G5-0007,160000.0,18.0,112.5
T002,G5-0012,G5-0011,160000.0,18.0,112.5
T002,G5-0016,G5-0015,160000.0,18.0,112.5
T002,G4-0004,G4-0003,480000.0,25.0,52.083333333333336
T002,G4-0008,G4-0007,480000.0,25.0,52.083333333333336
T002,G4-0012,G4-0011,480000.0,25.0,52.083333333333336
T002,G4-0016,G4-0015,480000.0,25.0,52.083333333333336
T002,G4-0020,G4-0019,480000.0,25.0,52.083333333333336
T002,G4-0024,G4-0023,480000.0,25.0,52.083333333333336
T002,G4-0028,G4-0027,480000.0,25.0,52.083333333333336
T002,G4-0032,G4-0031,480000.0,25.0,52.083333333333336
T002,G4-0036,G4-0035,480000.0,25.0,52.083333333333336
T002,G4-0040,G4-0039,480000.0,25.0,52.083333333333336
T002,G4-0044,G4-0043,480000.0,25.0,52.083333333333336
T002,G4-0048,G4-0047,480000.0,25.0,52.083333333333336
T002,G4-0052,G4-0051,480000.0,25.0,52.083333333333336
T002,G4-0056,G4-0055,480000.0,25.0,52.083333333333336
T002,G4-0060,G4-0059,480000.0,25.0,52.083333333333336
T002,G4-0064,G4-0063,480000.0,25.0,52.083333333333336
T002,G4-0068,G4-0067,480000.0,25.0,52.083333333333336
T002,G4-0072,G4-0071,480000.0,25.0,52.083333333333336
T002,G4-0076,G4-0075,480000.0,25.0,52.083333333333336
T002,G4-0080,G4-0079,480000.0,25.0,52.083333333333336
T002,G4-0084,G4-0083,480000.0,25.0,52.083333333333336
T002,G4-0088,G4-0087,480000.0,25.0,52.083333333333336
T002,G4-0092,G4-0091,480000.0,25.0,52.083333333333336
T002,G4-0096,G4-0095,480000.0,25.0,52.083333333333336
T002,G4-0100,G4-0099,480000.0,25.0,52.083333333333336
T002,G4-0104,G4-0103,480000.0,25.0,52.083333333333336
T002,G4-0108,G4-0107,480000.0,25.0,52.083333333333336
T002,G4-0112,G4-0111,480000.0,25.0,52.083333333333336
T002,G4-0116,G4-0115,480000.0,25.0,52.083333333333336
T002,G4-0120,G4-0119,480000.0,25.0,52.083333333333336
T002,G4-0124,G4-0123,480000.0,25.0,52.083333333333336
T002,G4-0128,G4-0127,480000.0,25.0,52.083333333333336
T002,G2-0823,G2-0822,87500.0,8.0,91.42857142857143
T002,G5-0003,G5-0002,160000.0,36.0,225.0
T002,G5-0007,G5-0006,160000.0,36.0,225.0
T002,G5-0011,G5-0010,160000.0,36.0,225.0
T002,G5-0015,G5-0014,160000.0,36.0,225.0
T002,G4-0003,G4-0002,480000.0,50.0,104.16666666666667
T002,G4-0007,G4-0006,480000.0,50.0,104.16666666666667
T002,G4-0011,G4-0010,480000.0,50.0,104.16666666666667
T002,G4-0015,G4-0014,480000.0,50.0,104.16666666666667
T002,G4-0019,G4-0018,480000.0,50.0,104.16666666666667
T002,G4-0023,G4-0022,480000.0,50.0,104.16666666666667
T002,G4-0027,G4-0026,480000.0,50.0,104.16666666666667
T002,G4-0031,G4-0030,480000.0,50.0,104.16666666666667
T002,G4-0035,G4-0034,480000.0,50.0,104.16666666666667
T002,G4-0039,G4-0038,480000.0,50.0,104.16666666666667
T002,G4-0043,G4-0042,480000.0,50.0,104.16666666666667
T002,G4-0047,G4-0046,480000.0,50.0,104.16666666666667
T002,G4-0051,G4-0050,480000.0,50.0,104.16666666666667
T002,G4-0055,G4-0054,480000.0,50.0,104.16666666666667
T002,G4-0059,G4-0058,480000.0,50.0,104.16666666666667
T002,G4-0063,G4-0062,480000.0,50.0,104.16666666666667
T002,G4-0067,G4-0066,480000.0,50.0,104.16666666666667
T002,G4-0071,G4-0070,480000.0,50.0,104.16666666666667
T002,G4-0075,G4-0074,480000.0,50.0,104.16666666666667
T002,G4-0079,G4-0078,480000.0,50.0,104.16666666666667
T002,G4-0083,G4-0082,480000.0,50.0,104.16666666666667
T002,G4-0087,G4-0086,480000.0,50.0,104.16666666666667
T002,G4-0091,G4-0090,480000.0,50.0,104.16666666666667
T002,G4-0095,G4-0094,480000.0,50.0,104.16666666666667
T002,G4-0099,G4-0098,480000.0,50.0,104.16666666666667
T002,G4-0103,G4-0102,480000.0,50.0,104.16666666666667
T002,G4-0107,G4-0106,480000.0,50.0,104.16666666666667
T002,G4-0111,G4-0110,480000.0,50.0,104.16666666666667
T002,G4-0115,G4-0114,480000.0,50.0,104.16666666666667
T002,G4-0119,G4-0118,480000.0,50.0,104.16666666666667
T002,G4-0123,G4-0122,480000.0,50.0,104.16666666666667
T002,G4-0127,G4-0126,480000.0,50.0,104.16666666666667
T002,G2-0822,G2-0821,87500.0,16.0,182.85714285714286
T002,G5-0002,G5-0001,160000.0,54.0,337.5
T002,G5-0006,G5-0005,160000.0,54.0,337.5
T002,G5-0010,G5-0009,160000.0,54.0,337.5
T002,G5-0014,G5-0013,160000.0,54.0,337.5
T002,G4-0002,G4-0001,480000.0,75.0,156.25
T002,G4-0006,G4-0005,480000.0,75.0,156.25
T002,G4-0010,G4-0009,480000.0,75.0,156.25
T002,G4-0014,G4-0013,480000.0,75.0,156.25
T002,G4-0018,G4-0017,480000.0,75.0,156.25
T002,G4-0022,G4-0021,480000.0,75.0,156.25
T002,G4-0026,G4-0025,480000.0,75.0,156.25
T002,G4-0030,G4-0029,480000.0,75.0,156.25
T002,G4-0034,G4-0033,480000.0,75.0,156.25
T002,G4-0038,G4-0037,480000.0,75.0,156.25
T002,G4-0042,G4-0041,480000.0,75.0,156.25
T002,G4-0046,G4-0045,480000.0,75.0,156.25
T002,G4-0050,G4-0049,480000.0,75.0,156.25
T002,G4-0054,G4-0053,480000.0,75.0,156.25
T002,G4-0058,G4-0057,480000.0,75.0,156.25
T002,G4-0062,G4-0061,480000.0,75.0,156.25
T002,G4-0066,G4-0065,480000.0,75.0,156.25
T002,G4-0070,G4-0069,480000.0,75.0,156.25
T002,G4-0074,G4-0073,480000.0,75.0,156.25
T002,G4-0078,G4-0077,480000.0,75.0,156.25
T002,G4-0082,G4-0081,480000.0,75.0,156.25
T002,G4-0086,G4-0085,480000.0,75.0,156.25
T002,G4-0090,G4-0089,480000.0,75.0,156.25
T002,G4-0094,G4-0093,480000.0,75.0,156.25
T002,G4-0098,G4-0097,480000.0,75.0,156.25
T002,G4-0102,G4-0101,480000.0,75.0,156.25
T002,G4-0106,G4-0105,480000.0,75.0,156.25
T002,G4-0110,G4-0109,480000.0,75.0,156.25
T002,G4-0114,G4-0113,480000.0,75.0,156.25
T002,G4-0118,G4-0117,480000.0,75.0,156.25
T002,G4-0122,G4-0121,480000.0,75.0,156.25
T002,G4-0126,G4-0125,480000.0,75.0,156.25
T002,G2-0821,G2-0820,87500.0,24.0,274.2857142857143
T003,G4-0132,G4-0131,480000.0,25.0,52.083333333333336
T003,G4-0136,G4-0135,480000.0,25.0,52.083333333333336
T003,G4-0131,G4-0130,480000.0,50.0,104.16666666666667
T003,G4-0135,G4-0134,480000.0,50.0,104.16666666666667
T003,G4-0130,G4-0129,480000.0,75.0,156.25
T003,G4-0134,G4-0133,480000.0,75.0,156.25
T004,G4-0140,G4-0139,480000.0,25.0,52.083333333333336
T004,G4-0144,G4-0143,480000.0,25.0,52.083333333333336
T004,G4-0139,G4-0138,480000.0,50.0,104.16666666666667
T004,G4-0143,G4-0142,480000.0,50.0,104.16666666666667
T004,G4-0138,G4-0137,480000.0,75.0,156.25
T004,G4-0142,G4-0141,480000.0,75.0,156.25
T005,G2-0830,G2-0829,125000.0,8.0,64.0
T005,G2-0837,G2-0836,125000.0,8.0,64.0
T005,G2-0844,G2-0843,125000.0,8.0,64.0
T005,G2-0851,G2-0850,125000.0,8.0,64.0
T005,G2-0858,G2-0857,125000.0,8.0,64.0
T005,G2-0865,G2-0864,125000.0,8.0,64.0
T005,G2-0872,G2-0871,125000.0,8.0,64.0
T005,G2-0879,G2-0878,125000.0,8.0,64.0
T005,G2-0886,G2-0885,125000.0,8.0,64.0
T005,G2-0893,G2-0892,125000.0,8.0,64.0
T005,G2-0900,G2-0899,125000.0,8.0,64.0
T005,G2-0907,G2-0906,125000.0,8.0,64.0
T005,G2-0914,G2-0913,125000.0,8.0,64.0
T005,G2-0921,G2-0920,125000.0,8.0,64.0
T005,G2-0928,G2-0927,125000.0,8.0,64.0
T005,G2-0935,G2-0934,125000.0,8.0,64.0
T005,G2-0942,G2-0941,125000.0,8.0,64.0
T005,G2-0949,G2-0948,125000.0,8.0,64.0
T005,G2-0956,G2-0955,125000.0,8.0,64.0
T005,G2-0963,G2-0962,125000.0,8.0,64.0
T005,G2-0970,G2-0969,125000.0,8.0,64.0
T005,G2-0977,G2-0976,125000.0,8.0,64.0
T005,G2-0984,G2-0983,125000.0,8.0,64.0
T005,G2-0991,G2-0990,125000.0,8.0,64.0
T005,G2-0998,G2-0997,125000.0,8.0,64.0
T005,G1-0012,G1-0011,240000.0,12.0,50.0
T005,G1-0020,G1-0019,240000.0,12.0,50.0
T005,G1-0028,G1-0027,240000.0,12.0,50.0
T005,G1-0036,G1-0035,240000.0,12.0,50.0
T005,G1-0011,G1-0010,240000.0,24.0,100.0
T005,G1-0019,G1-0018,240000.0,24.0,100.0
T005,G1-0027,G1-0026,240000.0,24.0,100.0
T005,G1-0035,G1-0034,240000.0,24.0,100.0
T005,G1-0040,G1-0039,120000.0,12.0,100.0
T005,G2-0829,G2-0828,125000.0,16.0,128.0
T005,G2-0836,G2-0835,125000.0,16.0,128.0
T005,G2-0843,G2-0842,125000.0,16.0,128.0
T005,G2-0850,G2-0849,125000.0,16.0,128.0
T005,G2-0857,G2-0856,125000.0,16.0,128.0
T005,G2-0864,G2-0863,125000.0,16.0,128.0
T005,G2-0871,G2-0870,125000.0,16.0,128.0
T005,G2-0878,G2-0877,125000.0,16.0,128.0
T005,G2-0885,G2-0884,125000.0,16.0,128.0
T005,G2-0892,G2-0891,125000.0,16.0,128.0
T005,G2-0899,G2-0898,125000.0,16.0,128.0
T005,G2-0906,G2-0905,125000.0,16.0,128.0
T005,G2-0913,G2-0912,125000.0,16.0,128.0
T005,G2-0920,G2-0919,125000.0,16.0,128.0
T005,G2-0927,G2-0926,125000.0,16.0,128.0
T005,G2-0934,G2-0933,125000.0,16.0,128.0
T005,G2-0941,G2-0940,125000.0,16.0,128.0
T005,G2-0948,G2-0947,125000.0,16.0,128.0
T005,G2-0955,G2-0954,125000.0,16.0,128.0
T005,G2-0962,G2-0961,125000.0,16.0,128.0
T005,G2-0969,G2-0968,125000.0,16.0,128.0
T005,G2-0976,G2-0975,125000.0,16.0,128.0
T005,G2-0983,G2-0982,125000.0,16.0,128.0
T005,G2-0990,G2-0989,125000.0,16.0,128.0
T005,G2-0997,G2-0996,125000.0,16.0,128.0
T005,G4-0148,G4-0147,480000.0,25.0,52.083333333333336
T005,G4-0152,G4-0151,480000.0,25.0,52.083333333333336
T005,G4-0156,G4-0155,480000.0,25.0,52.083333333333336
T005,G4-0160,G4-0159,480000.0,25.0,52.083333333333336
T005,G4-0164,G4-0163,480000.0,25.0,52.083333333333336
T005,G4-0168,G4-0167,480000.0,25.0,52.083333333333336
T005,G4-0172,G4-0171,480000.0,25.0,52.083333333333336
T005,G4-0176,G4-0175,480000.0,25.0,52.083333333333336
T005,G4-0180,G4-0179,480000.0,25.0,52.083333333333336
T005,G4-0184,G4-0183,480000.0,25.0,52.083333333333336
T005,G4-0188,G4-0187,480000.0,25.0,52.083333333333336
T005,G4-0192,G4-0191,480000.0,25.0,52.083333333333336
T005,G4-0196,G4-0195,480000.0,25.0,52.083333333333336
T005,G4-0200,G4-0199,480000.0,25.0,52.083333333333336
T005,G4-0204,G4-0203,480000.0,25.0,52.083333333333336
T005,G4-0208,G4-0207,480000.0,25.0,52.083333333333336
T005,G4-0212,G4-0211,480000.0,25.0,52.083333333333336
T005,G4-0216,G4-0215,480000.0,25.0,52.083333333333336
T005,G4-0220,G4-0219,480000.0,25.0,52.083333333333336
T005,G4-0224,G4-0223,480000.0,25.0,52.083333333333336
T005,G4-0228,G4-0227,480000.0,25.0,52.083333333333336
T005,G4-0232,G4-0231,480000.0,25.0,52.083333333333336
T005,G4-0236,G4-0235,480000.0,25.0,52.083333333333336
T005,G4-0240,G4-0239,480000.0,25.0,52.083333333333336
T005,G1-0010,G1-0009,240000.0,36.0,150.0
T005,G1-0018,G1-0017,240000.0,36.0,150.0
T005,G1-0026,G1-0025,240000.0,36.0,150.0
T005,G1-0034,G1-0033,240000.0,36.0,150.0
T005,G2-0828,G2-0827,125000.0,24.0,192.0
T005,G2-0835,G2-0834,125000.0,24.0,192.0
T005,G2-0842,G2-0841,125000.0,24.0,192.0
T005,G2-0849,G2-0848,125000.0,24.0,192.0
T005,G2-0856,G2-0855,125000.0,24.0,192.0
T005,G2-0863,G2-0862,125000.0,24.0,192.0
T005,G2-0870,G2-0869,125000.0,24.0,192.0
T005,G2-0877,G2-0876,125000.0,24.0,192.0
T005,G2-0884,G2-0883,125000.0,24.0,192.0
T005,G2-0891,G2-0890,125000.0,24.0,192.0
T005,G2-0898,G2-0897,125000.0,24.0,192.0
T005,G2-0905,G2-0904,125000.0,24.0,192.0
T005,G2-0912,G2-0911,125000.0,24.0,192.0
T005,G2-0919,G2-0918,125000.0,24.0,192.0
T005,G2-0926,G2-0925,125000.0,24.0,192.0
T005,G2-0933,G2-0932,125000.0,24.0,192.0
T005,G2-0940,G2-0939,125000.0,24.0,192.0
T005,G2-0947,G2-0946,125000.0,24.0,192.0
T005,G2-0954,G2-0953,125000.0,24.0,192.0
T005,G2-0961,G2-0960,125000.0,24.0,192.0
T005,G2-0968,G2-0967,125000.0,24.0,192.0
T005,G2-0975,G2-0974,125000.0,24.0,192.0
T005,G2-0982,G2-0981,125000.0,24.0,192.0
T005,G2-0989,G2-0988,125000.0,24.0,192.0
T005,G2-0996,G2-0995,125000.0,24.0,192.0
T005,G1-0009,G1-0008,240000.0,48.0,200.0
T005,G1-0017,G1-0016,240000.0,48.0,200.0
T005,G1-0025,G1-0024,240000.0,48.0,200.0
T005,G1-0033,G1-0032,240000.0,48.0,200.0
T005,G1-0039,G1-0038,120000.0,24.0,200.0
T005,G2-0827,G2-0826,125000.0,32.0,256.0
T005,G2-0834,G2-0833,125000.0,32.0,256.0
T005,G2-0841,G2-0840,125000.0,32.0,256.0
T005,G2-0848,G2-0847,125000.0,32.0,256.0
T005,G2-0855,G2-0854,125000.0,32.0,256.0
T005,G2-0862,G2-0861,125000.0,32.0,256.0
T005,G2-0869,G2-0868,125000.0,32.0,256.0
T005,G2-0876,G2-0875,125000.0,32.0,256.0
T005,G2-0883,G2-0882,125000.0,32.0,256.0
T005,G2-0890,G2-0889,125000.0,32.0,256.0
T005,G2-0897,G2-0896,125000.0,32.0,256.0
T005,G2-0904,G2-0903,125000.0,32.0,256.0
T005,G2-0911,G2-0910,125000.0,32.0,256.0
T005,G2-0918,G2-0917,125000.0,32.0,256.0
T005,G2-0925,G2-0924,125000.0,32.0,256.0
T005,G2-0932,G2-0931,125000.0,32.0,256.0
T005,G2-0939,G2-0938,125000.0,32.0,256.0
T005,G2-0946,G2-0945,125000.0,32.0,256.0
T005,G2-0953,G2-0952,125000.0,32.0,256.0
T005,G2-0960,G2-0959,125000.0,32.0,256.0
T005,G2-0967,G2-0966,125000.0,32.0,256.0
T005,G2-0974,G2-0973,125000.0,32.0,256.0
T005,G2-0981,G2-0980,125000.0,32.0,256.0
T005,G2-0988,G2-0987,125000.0,32.0,256.0
T005,G2-0995,G2-0994,125000.0,32.0,256.0
T005,G4-0147,G4-0146,480000.0,50.0,104.16666666666667
T005,G4-0151,G4-0150,480000.0,50.0,104.16666666666667
T005,G4-0155,G4-0154,480000.0,50.0,104.16666666666667
T005,G4-0159,G4-0158,480000.0,50.0,104.16666666666667
T005,G4-0163,G4-0162,480000.0,50.0,104.16666666666667
T005,G4-0167,G4-0166,480000.0,50.0,104.16666666666667
T005,G4-0171,G4-0170,480000.0,50.0,104.16666666666667
T005,G4-0175,G4-0174,480000.0,50.0,104.16666666666667
T005,G4-0179,G4-0178,480000.0,50.0,104.16666666666667
T005,G4-0183,G4-0182,480000.0,50.0,104.16666666666667
T005,G4-0187,G4-0186,480000.0,50.0,104.16666666666667
T005,G4-0191,G4-0190,480000.0,50.0,104.16666666666667
T005,G4-0195,G4-0194,480000.0,50.0,104.16666666666667
T005,G4-0199,G4-0198,480000.0,50.0,104.16666666666667
T005,G4-0203,G4-0202,480000.0,50.0,104.16666666666667
T005,G4-0207,G4-0206,480000.0,50.0,104.16666666666667
T005,G4-0211,G4-0210,480000.0,50.0,104.16666666666667
T005,G4-0215,G4-0214,480000.0,50.0,104.16666666666667
T005,G4-0219,G4-0218,480000.0,50.0,104.16666666666667
T005,G4-0223,G4-0222,480000.0,50.0,104.16666666666667
T005,G4-0227,G4-0226,480000.0,50.0,104.16666666666667
T005,G4-0231,G4-0230,480000.0,50.0,104.16666666666667
T005,G4-0235,G4-0234,480000.0,50.0,104.16666666666667
T005,G4-0239,G4-0238,480000.0,50.0,104.16666666666667
T005,G1-0008,G1-0007,240000.0,60.0,250.0
T005,G1-0016,G1-0015,240000.0,60.0,250.0
T005,G1-0024,G1-0023,240000.0,60.0,250.0
T005,G1-0032,G1-0031,240000.0,60.0,250.0
T005,G2-0826,G2-0825,125000.0,40.0,320.0
T005,G2-0833,G2-0832,125000.0,40.0,320.0
T005,G2-0840,G2-0839,125000.0,40.0,320.0
T005,G2-0847,G2-0846,125000.0,40.0,320.0
T005,G2-0854,G2-0853,125000.0,40.0,320.0
T005,G2-0861,G2-0860,125000.0,40.0,320.0
T005,G2-0868,G2-0867,125000.0,40.0,320.0
T005,G2-0875,G2-0874,125000.0,40.0,320.0
T005,G2-0882,G2-0881,125000.0,40.0,320.0
T005,G2-0889,G2-0888,125000.0,40.0,320.0
T005,G2-0896,G2-0895,125000.0,40.0,320.0
T005,G2-0903,G2-0902,125000.0,40.0,320.0
T005,G2-0910,G2-0909,125000.0,40.0,320.0
T005,G2-0917,G2-0916,125000.0,40.0,320.0
T005,G2-0924,G2-0923,125000.0,40.0,320.0
T005,G2-0931,G2-0930,125000.0,40.0,320.0
T005,G2-0938,G2-0937,125000.0,40.0,320.0
T005,G2-0945,G2-0944,125000.0,40.0,320.0
T005,G2-0952,G2-0951,125000.0,40.0,320.0
T005,G2-0959,G2-0958,125000.0,40.0,320.0
T005,G2-0966,G2-0965,125000.0,40.0,320.0
T005,G2-0973,G2-0972,125000.0,40.0,320.0
T005,G2-0980,G2-0979,125000.0,40.0,320.0
T005,G2-0987,G2-0986,125000.0,40.0,320.0
T005,G2-0994,G2-0993,125000.0,40.0,320.0
T005,G1-0007,G1-0006,240000.0,72.0,300.0
T005,G1-0015,G1-0014,240000.0,72.0,300.0
T005,G1-0023,G1-0022,240000.0,72.0,300.0
T005,G1-0031,G1-0030,240000.0,72.0,300.0
T005,G1-0038,G1-0037,120000.0,36.0,300.0
T005,G4-0146,G4-0145,480000.0,75.0,156.25
T005,G4-0150,G4-0149,480000.0,75.0,156.25
T005,G4-0154,G4-0153,480000.0,75.0,156.25
T005,G4-0158,G4-0157,480000.0,75.0,156.25
T005,G4-0162,G4-0161,480000.0,75.0,156.25
T005,G4-0166,G4-0165,480000.0,75.0,156.25
T005,G4-0170,G4-0169,480000.0,75.0,156.25
T005,G4-0174,G4-0173,480000.0,75.0,156.25
T005,G4-0178,G4-0177,480000.0,75.0,156.25
T005,G4-0182,G4-0181,480000.0,75.0,156.25
T005,G4-0186,G4-0185,480000.0,75.0,156.25
T005,G4-0190,G4-0189,480000.0,75.0,156.25
T005,G4-0194,G4-0193,480000.0,75.0,156.25
T005,G4-0198,G4-0197,480000.0,75.0,156.25
T005,G4-0202,G4-0201,480000.0,75.0,156.25
T005,G4-0206,G4-0205,480000.0,75.0,156.25
T005,G4-0210,G4-0209,480000.0,75.0,156.25
T005,G4-0214,G4-0213,480000.0,75.0,156.25
T005,G4-0218,G4-0217,480000.0,75.0,156.25
T005,G4-0222,G4-0221,480000.0,75.0,156.25
T005,G4-0226,G4-0225,480000.0,75.0,156.25
T005,G4-0230,G4-0229,480000.0,75.0,156.25
T005,G4-0234,G4-0233,480000.0,75.0,156.25
T005,G4-0238,G4-0237,480000.0,75.0,156.25
T005,G2-1000,G2-0999,87500.0,8.0,91.42857142857143
T005,G2-0825,G2-0824,125000.0,48.0,384.0
T005,G2-0832,G2-0831,125000.0,48.0,384.0
T005,G2-0839,G2-0838,125000.0,48.0,384.0
T005,G2-0846,G2-0845,125000.0,48.0,384.0
T005,G2-0853,G2-0852,125000.0,48.0,384.0
T005,G2-0860,G2-0859,125000.0,48.0,384.0
T005,G2-0867,G2-0866,125000.0,48.0,384.0
T005,G2-0874,G2-0873,125000.0,48.0,384.0
T005,G2-0881,G2-0880,125000.0,48.0,384.0
T005,G2-0888,G2-0887,125000.0,48.0,384.0
T005,G2-0895,G2-0894,125000.0,48.0,384.0
T005,G2-0902,G2-0901,125000.0,48.0,384.0
T005,G2-0909,G2-0908,125000.0,48.0,384.0
T005,G2-0916,G2-0915,125000.0,48.0,384.0
T005,G2-0923,G2-0922,125000.0,48.0,384.0
T005,G2-0930,G2-0929,125000.0,48.0,384.0
T005,G2-0937,G2-0936,125000.0,48.0,384.0
T005,G2-0944,G2-0943,125000.0,48.0,384.0
T005,G2-0951,G2-0950,125000.0,48.0,384.0
T005,G2-0958,G2-0957,125000.0,48.0,384.0
T005,G2-0965,G2-0964,125000.0,48.0,384.0
T005,G2-0972,G2-0971,125000.0,48.0,384.0
T005,G2-0979,G2-0978,125000.0,48.0,384.0
T005,G2-0986,G2-0985,125000.0,48.0,384.0
T005,G2-0993,G2-0992,125000.0,48.0,384.0
T005,G1-0006,G1-0005,240000.0,84.0,350.0
T005,G1-0014,G1-0013,240000.0,84.0,350.0
T005,G1-0022,G1-0021,240000.0,84.0,350.0
T005,G1-0030,G1-0029,240000.0,84.0,350.0
T006,G1-0048,G1-0047,240000.0,12.0,50.0
T006,G1-0056,G1-0055,240000.0,12.0,50.0
T006,G1-0064,G1-0063,240000.0,12.0,50.0
T006,G1-0072,G1-0071,240000.0,12.0,50.0
T006,G1-0080,G1-0079,240000.0,12.0,50.0
T006,G1-0088,G1-0087,240000.0,12.0,50.0
T006,G1-0096,G1-0095,240000.0,12.0,50.0
T006,G1-0104,G1-0103,240000.0,12.0,50.0
T006,G1-0112,G1-0111,240000.0,12.0,50.0
T006,G1-0120,G1-0119,240000.0,12.0,50.0
T006,G1-0128,G1-0127,240000.0,12.0,50.0
T006,G1-0136,G1-0135,240000.0,12.0,50.0
T006,G1-0144,G1-0143,240000.0,12.0,50.0
T006,G1-0152,G1-0151,240000.0,12.0,50.0
T006,G1-0160,G1-0159,240000.0,12.0,50.0
T006,G1-0168,G1-0167,240000.0,12.0,50.0
T006,G1-0176,G1-0175,240000.0,12.0,50.0
T006,G1-0184,G1-0183,240000.0,12.0,50.0
T006,G1-0192,G1-0191,240000.0,12.0,50.0
T006,G1-0200,G1-0199,240000.0,12.0,50.0
T006,G1-0208,G1-0207,240000.0,12.0,50.0
T006,G1-0216,G1-0215,240000.0,12.0,50.0
T006,G1-0224,G1-0223,240000.0,12.0,50.0
T006,G1-0232,G1-0231,240000.0,12.0,50.0
T006,G1-0240,G1-0239,240000.0,12.0,50.0
T006,G1-0248,G1-0247,240000.0,12.0,50.0
T006,G1-0256,G1-0255,240000.0,12.0,50.0
T006,G1-0264,G1-0263,240000.0,12.0,50.0
T006,G1-0272,G1-0271,240000.0,12.0,50.0
T006,G1-0280,G1-0279,240000.0,12.0,50.0
T006,G1-0288,G1-0287,240000.0,12.0,50.0
T006,G1-0296,G1-0295,240000.0,12.0,50.0
T006,G1-0304,G1-0303,240000.0,12.0,50.0
T006,G1-0312,G1-0311,240000.0,12.0,50.0
T006,G1-0320,G1-0319,240000.0,12.0,50.0
T006,G1-0328,G1-0327,240000.0,12.0,50.0
T006,G1-0336,G1-0335,240000.0,12.0,50.0
T006,G1-0344,G1-0343,240000.0,12.0,50.0
T006,G1-0352,G1-0351,240000.0,12.0,50.0
T006,G1-0360,G1-0359,240000.0,12.0,50.0
T006,G1-0368,G1-0367,240000.0,12.0,50.0
T006,G1-0376,G1-0375,240000.0,12.0,50.0
T006,G1-0047,G1-0046,240000.0,24.0,100.0
T006,G1-0055,G1-0054,240000.0,24.0,100.0
T006,G1-0063,G1-0062,240000.0,24.0,100.0
T006,G1-0071,G1-0070,240000.0,24.0,100.0
T006,G1-0079,G1-0078,240000.0,24.0,100.0
T006,G1-0087,G1-0086,240000.0,24.0,100.0
T006,G1-0095,G1-0094,240000.0,24.0,100.0
T006,G1-0103,G1-0102,240000.0,24.0,100.0
T006,G1-0111,G1-0110,240000.0,24.0,100.0
T006,G1-0119,G1-0118,240000.0,24.0,100.0
T006,G1-0127,G1-0126,240000.0,24.0,100.0
T006,G1-0135,G1-0134,240000.0,24.0,100.0
T006,G1-0143,G1-0142,240000.0,24.0,100.0
T006,G1-0151,G1-0150,240000.0,24.0,100.0
T006,G1-0159,G1-0158,240000.0,24.0,100.0
T006,G1-0167,G1-0166,240000.0,24.0,100.0
T006,G1-0175,G1-0174,240000.0,24.0,100.0
T006,G1-0183,G1-0182,240000.0,24.0,100.0
T006,G1-0191,G1-0190,240000.0,24.0,100.0
T006,G1-0199,G1-0198,240000.0,24.0,100.0
T006,G1-0207,G1-0206,240000.0,24.0,100.0
T006,G1-0215,G1-0214,240000.0,24.0,100.0
T006,G1-0223,G1-0222,240000.0,24.0,100.0
T006,G1-0231,G1-0230,240000.0,24.0,100.0
T006,G1-0239,G1-0238,240000.0,24.0,100.0
T006,G1-0247,G1-0246,240000.0,24.0,100.0
T006,G1-0255,G1-0254,240000.0,24.0,100.0
T006,G1-0263,G1-0262,240000.0,24.0,100.0
T006,G1-0271,G1-0270,240000.0,24.0,100.0
T006,G1-0279,G1-0278,240000.0,24.0,100.0
T006,G1-0287,G1-0286,240000.0,24.0,100.0
T006,G1-0295,G1-0294,240000.0,24.0,100.0
T006,G1-0303,G1-0302,240000.0,24.0,100.0
T006,G1-0311,G1-0310,240000.0,24.0,100.0
T006,G1-0319,G1-0318,240000.0,24.0,100.0
T006,G1-0327,G1-0326,240000.0,24.0,100.0
T006,G1-0335,G1-0334,240000.0,24.0,100.0
T006,G1-0343,G1-0342,240000.0,24.0,100.0
T006,G1-0351,G1-0350,240000.0,24.0,100.0
T006,G1-0359,G1-0358,240000.0,24.0,100.0
T006,G1-0367,G1-0366,240000.0,24.0,100.0
T006,G1-0375,G1-0374,240000.0,24.0,100.0
T006,G4-0244,G4-0243,480000.0,25.0,52.083333333333336
T006,G4-0248,G4-0247,480000.0,25.0,52.083333333333336
T006,G4-0252,G4-0251,480000.0,25.0,52.083333333333336
T006,G4-0256,G4-0255,480000.0,25.0,52.083333333333336
T006,G4-0260,G4-0259,480000.0,25.0,52.083333333333336
T006,G4-0264,G4-0263,480000.0,25.0,52.083333333333336
T006,G4-0268,G4-0267,480000.0,25.0,52.083333333333336
T006,G4-0272,G4-0271,480000.0,25.0,52.083333333333336
T006,G4-0276,G4-0275,480000.0,25.0,52.083333333333336
T006,G4-0280,G4-0279,480000.0,25.0,52.083333333333336
T006,G4-0284,G4-0283,480000.0,25.0,52.083333333333336
T006,G4-0288,G4-0287,480000.0,25.0,52.083333333333336
T006,G1-0046,G1-0045,240000.0,36.0,150.0
T006,G1-0054,G1-0053,240000.0,36.0,150.0
T006,G1-0062,G1-0061,240000.0,36.0,150.0
T006,G1-0070,G1-0069,240000.0,36.0,150.0
T006,G1-0078,G1-0077,240000.0,36.0,150.0
T006,G1-0086,G1-0085,240000.0,36.0,150.0
T006,G1-0094,G1-0093,240000.0,36.0,150.0
T006,G1-0102,G1-0101,240000.0,36.0,150.0
T006,G1-0110,G1-0109,240000.0,36.0,150.0
T006,G1-0118,G1-0117,240000.0,36.0,150.0
T006,G1-0126,G1-0125,240000.0,36.0,150.0
T006,G1-0134,G1-0133,240000.0,36.0,150.0
T006,G1-0142,G1-0141,240000.0,36.0,150.0
T006,G1-0150,G1-0149,240000.0,36.0,150.0
T006,G1-0158,G1-0157,240000.0,36.0,150.0
T006,G1-0166,G1-0165,240000.0,36.0,150.0
T006,G1-0174,G1-0173,240000.0,36.0,150.0
T006,G1-0182,G1-0181,240000.0,36.0,150.0
T006,G1-0190,G1-0189,240000.0,36.0,150.0
T006,G1-0198,G1-0197,240000.0,36.0,150.0
T006,G1-0206,G1-0205,240000.0,36.0,150.0
T006,G1-0214,G1-0213,240000.0,36.0,150.0
T006,G1-0222,G1-0221,240000.0,36.0,150.0
T006,G1-0230,G1-0229,240000.0,36.0,150.0
T006,G1-0238,G1-0237,240000.0,36.0,150.0
T006,G1-0246,G1-0245,240000.0,36.0,150.0
T006,G1-0254,G1-0253,240000.0,36.0,150.0
T006,G1-0262,G1-0261,240000.0,36.0,150.0
T006,G1-0270,G1-0269,240000.0,36.0,150.0
T006,G1-0278,G1-0277,240000.0,36.0,150.0
T006,G1-0286,G1-0285,240000.0,36.0,150.0
T006,G1-0294,G1-0293,240000.0,36.0,150.0
T006,G1-0302,G1-0301,240000.0,36.0,150.0
T006,G1-0310,G1-0309,240000.0,36.0,150.0
T006,G1-0318,G1-0317,240000.0,36.0,150.0
T006,G1-0326,G1-0325,240000.0,36.0,150.0
T006,G1-0334,G1-0333,240000.0,36.0,150.0
T006,G1-0342,G1-0341,240000.0,36.0,150.0
T006,G1-0350,G1-0349,240000.0,36.0,150.0
T006,G1-0358,G1-0357,240000.0,36.0,150.0
T006,G1-0366,G1-0365,240000.0,36.0,150.0
T006,G1-0374,G1-0373,240000.0,36.0,150.0
T006,G1-0045,G1-0044,240000.0,48.0,200.0
T006,G1-0053,G1-0052,240000.0,48.0,200.0
T006,G1-0061,G1-0060,240000.0,48.0,200.0
T006,G1-0069,G1-0068,240000.0,48.0,200.0
T006,G1-0077,G1-0076,240000.0,48.0,200.0
T006,G1-0085,G1-0084,240000.0,48.0,200.0
T006,G1-0093,G1-0092,240000.0,48.0,200.0
T006,G1-0101,G1-0100,240000.0,48.0,200.0
T006,G1-0109,G1-0108,240000.0,48.0,200.0
T006,G1-0117,G1-0116,240000.0,48.0,200.0
T006,G1-0125,G1-0124,240000.0,48.0,200.0
T006,G1-0133,G1-0132,240000.0,48.0,200.0
T006,G1-0141,G1-0140,240000.0,48.0,200.0
T006,G1-0149,G1-0148,240000.0,48.0,200.0
T006,G1-0157,G1-0156,240000.0,48.0,200.0
T006,G1-0165,G1-0164,240000.0,48.0,200.0
T006,G1-0173,G1-0172,240000.0,48.0,200.0
T006,G1-0181,G1-0180,240000.0,48.0,200.0
T006,G1-0189,G1-0188,240000.0,48.0,200.0
T006,G1-0197,G1-0196,240000.0,48.0,200.0
T006,G1-0205,G1-0204,240000.0,48.0,200.0
T006,G1-0213,G1-0212,240000.0,48.0,200.0
T006,G1-0221,G1-0220,240000.0,48.0,200.0
T006,G1-0229,G1-0228,240000.0,48.0,200.0
T006,G1-0237,G1-0236,240000.0,48.0,200.0
T006,G1-0245,G1-0244,240000.0,48.0,200.0
T006,G1-0253,G1-0252,240000.0,48.0,200.0
T006,G1-0261,G1-0260,240000.0,48.0,200.0
T006,G1-0269,G1-0268,240000.0,48.0,200.0
T006,G1-0277,G1-0276,240000.0,48.0,200.0
T006,G1-0285,G1-0284,240000.0,48.0,200.0
T006,G1-0293,G1-0292,240000.0,48.0,200.0
T006,G1-0301,G1-0300,240000.0,48.0,200.0
T006,G1-0309,G1-0308,240000.0,48.0,200.0
T006,G1-0317,G1-0316,240000.0,48.0,200.0
T006,G1-0325,G1-0324,240000.0,48.0,200.0
T006,G1-0333,G1-0332,240000.0,48.0,200.0
T006,G1-0341,G1-0340,240000.0,48.0,200.0
T006,G1-0349,G1-0348,240000.0,48.0,200.0
T006,G1-0357,G1-0356,240000.0,48.0,200.0
T006,G1-0365,G1-0364,240000.0,48.0,200.0
T006,G1-0373,G1-0372,240000.0,48.0,200.0
T006,G4-0243,G4-0242,480000.0,50.0,104.16666666666667
T006,G4-0247,G4-0246,480000.0,50.0,104.16666666666667
T006,G4-0251,G4-0250,480000.0,50.0,104.16666666666667
T006,G4-0255,G4-0254,480000.0,50.0,104.16666666666667
T006,G4-0259,G4-0258,480000.0,50.0,104.16666666666667
T006,G4-0263,G4-0262,480000.0,50.0,104.16666666666667
T006,G4-0267,G4-0266,480000.0,50.0,104.16666666666667
T006,G4-0271,G4-0270,480000.0,50.0,104.16666666666667
T006,G4-0275,G4-0274,480000.0,50.0,104.16666666666667
T006,G4-0279,G4-0278,480000.0,50.0,104.16666666666667
T006,G4-0283,G4-0282,480000.0,50.0,104.16666666666667
T006,G4-0287,G4-0286,480000.0,50.0,104.16666666666667
T006,G1-0044,G1-0043,240000.0,60.0,250.0
T006,G1-0052,G1-0051,240000.0,60.0,250.0
T006,G1-0060,G1-0059,240000.0,60.0,250.0
T006,G1-0068,G1-0067,240000.0,60.0,250.0
T006,G1-0076,G1-0075,240000.0,60.0,250.0
T006,G1-0084,G1-0083,240000.0,60.0,250.0
T006,G1-0092,G1-0091,240000.0,60.0,250.0
T006,G1-0100,G1-0099,240000.0,60.0,250.0
T006,G1-0108,G1-0107,240000.0,60.0,250.0
T006,G1-0116,G1-0115,240000.0,60.0,250.0
T006,G1-0124,G1-0123,240000.0,60.0,250.0
T006,G1-0132,G1-0131,240000.0,60.0,250.0
T006,G1-0140,G1-0139,240000.0,60.0,250.0
T006,G1-0148,G1-0147,240000.0,60.0,250.0
T006,G1-0156,G1-0155,240000.0,60.0,250.0
T006,G1-0164,G1-0163,240000.0,60.0,250.0
T006,G1-0172,G1-0171,240000.0,60.0,250.0
T006,G1-0180,G1-0179,240000.0,60.0,250.0
T006,G1-0188,G1-0187,240000.0,60.0,250.0
T006,G1-0196,G1-0195,240000.0,60.0,250.0
T006,G1-0204,G1-0203,240000.0,60.0,250.0
T006,G1-0212,G1-0211,240000.0,60.0,250.0
T006,G1-0220,G1-0219,240000.0,60.0,250.0
T006,G1-0228,G1-0227,240000.0,60.0,250.0
T006,G1-0236,G1-0235,240000.0,60.0,250.0
T006,G1-0244,G1-0243,240000.0,60.0,250.0
T006,G1-0252,G1-0251,240000.0,60.0,250.0
T006,G1-0260,G1-0259,240000.0,60.0,250.0
T006,G1-0268,G1-0267,240000.0,60.0,250.0
T006,G1-0276,G1-0275,240000.0,60.0,250.0
T006,G1-0284,G1-0283,240000.0,60.0,250.0
T006,G1-0292,G1-0291,240000.0,60.0,250.0
T006,G1-0300,G1-0299,240000.0,60.0,250.0
T006,G1-0308,G1-0307,240000.0,60.0,250.0
T006,G1-0316,G1-0315,240000.0,60.0,250.0
T006,G1-0324,G1-0323,240000.0,60.0,250.0
T006,G1-0332,G1-0331,240000.0,60.0,250.0
T006,G1-0340,G1-0339,240000.0,60.0,250.0
T006,G1-0348,G1-0347,240000.0,60.0,250.0
T006,G1-0356,G1-0355,240000.0,60.0,250.0
T006,G1-0364,G1-0363,240000.0,60.0,250.0
T006,G1-0372,G1-0371,240000.0,60.0,250.0
T006,G1-0043,G1-0042,240000.0,72.0,300.0
T006,G1-0051,G1-0050,240000.0,72.0,300.0
T006,G1-0059,G1-0058,240000.0,72.0,300.0
T006,G1-0067,G1-0066,240000.0,72.0,300.0
T006,G1-0075,G1-0074,240000.0,72.0,300.0
T006,G1-0083,G1-0082,240000.0,72.0,300.0
T006,G1-0091,G1-0090,240000.0,72.0,300.0
T006,G1-0099,G1-0098,240000.0,72.0,300.0
T006,G1-0107,G1-0106,240000.0,72.0,300.0
T006,G1-0115,G1-0114,240000.0,72.0,300.0
T006,G1-0123,G1-0122,240000.0,72.0,300.0
T006,G1-0131,G1-0130,240000.0,72.0,300.0
T006,G1-0139,G1-0138,240000.0,72.0,300.0
T006,G1-0147,G1-0146,240000.0,72.0,300.0
T006,G1-0155,G1-0154,240000.0,72.0,300.0
T006,G1-0163,G1-0162,240000.0,72.0,300.0
T006,G1-0171,G1-0170,240000.0,72.0,300.0
T006,G1-0179,G1-0178,240000.0,72.0,300.0
T006,G1-0187,G1-0186,240000.0,72.0,300.0
T006,G1-0195,G1-0194,240000.0,72.0,300.0
T006,G1-0203,G1-0202,240000.0,72.0,300.0
T006,G1-0211,G1-0210,240000.0,72.0,300.0
T006,G1-0219,G1-0218,240000.0,72.0,300.0
T006,G1-0227,G1-0226,240000.0,72.0,300.0
T006,G1-0235,G1-0234,240000.0,72.0,300.0
T006,G1-0243,G1-0242,240000.0,72.0,300.0
T006,G1-0251,G1-0250,240000.0,72.0,300.0
T006,G1-0259,G1-0258,240000.0,72.0,300.0
T006,G1-0267,G1-0266,240000.0,72.0,300.0
T006,G1-0275,G1-0274,240000.0,72.0,300.0
T006,G1-0283,G1-0282,240000.0,72.0,300.0
T006,G1-0291,G1-0290,240000.0,72.0,300.0
T006,G1-0299,G1-0298,240000.0,72.0,300.0
T006,G1-0307,G1-0306,240000.0,72.0,300.0
T006,G1-0315,G1-0314,240000.0,72.0,300.0
T006,G1-0323,G1-0322,240000.0,72.0,300.0
T006,G1-0331,G1-0330,240000.0,72.0,300.0
T006,G1-0339,G1-0338,240000.0,72.0,300.0
T006,G1-0347,G1-0346,240000.0,72.0,300.0
T006,G1-0355,G1-0354,240000.0,72.0,300.0
T006,G1-0363,G1-0362,240000.0,72.0,300.0
T006,G1-0371,G1-0370,240000.0,72.0,300.0
T006,G4-0242,G4-0241,480000.0,75.0,156.25
T006,G4-0246,G4-0245,480000.0,75.0,156.25
T006,G4-0250,G4-0249,480000.0,75.0,156.25
T006,G4-0254,G4-0253,480000.0,75.0,156.25
T006,G4-0258,G4-0257,480000.0,75.0,156.25
T006,G4-0262,G4-0261,480000.0,75.0,156.25
T006,G4-0266,G4-0265,480000.0,75.0,156.25
T006,G4-0270,G4-0269,480000.0,75.0,156.25
T006,G4-0274,G4-0273,480000.0,75.0,156.25
T006,G4-0278,G4-0277,480000.0,75.0,156.25
T006,G4-0282,G4-0281,480000.0,75.0,156.25
T006,G4-0286,G4-0285,480000.0,75.0,156.25
T006,G1-0042,G1-0041,240000.0,84.0,350.0
T006,G1-0050,G1-0049,240000.0,84.0,350.0
T006,G1-0058,G1-0057,240000.0,84.0,350.0
T006,G1-0066,G1-0065,240000.0,84.0,350.0
T006,G1-0074,G1-0073,240000.0,84.0,350.0
T006,G1-0082,G1-0081,240000.0,84.0,350.0
T006,G1-0090,G1-0089,240000.0,84.0,350.0
T006,G1-0098,G1-0097,240000.0,84.0,350.0
T006,G1-0106,G1-0105,240000.0,84.0,350.0
T006,G1-0114,G1-0113,240000.0,84.0,350.0
T006,G1-0122,G1-0121,240000.0,84.0,350.0
T006,G1-0130,G1-0129,240000.0,84.0,350.0
T006,G1-0138,G1-0137,240000.0,84.0,350.0
T006,G1-0146,G1-0145,240000.0,84.0,350.0
T006,G1-0154,G1-0153,240000.0,84.0,350.0
T006,G1-0162,G1-0161,240000.0,84.0,350.0
T006,G1-0170,G1-0169,240000.0,84.0,350.0
T006,G1-0178,G1-0177,240000.0,84.0,350.0
T006,G1-0186,G1-0185,240000.0,84.0,350.0
T006,G1-0194,G1-0193,240000.0,84.0,350.0
T006,G1-0202,G1-0201,240000.0,84.0,350.0
T006,G1-0210,G1-0209,240000.0,84.0,350.0
T006,G1-0218,G1-0217,240000.0,84.0,350.0
T006,G1-0226,G1-0225,240000.0,84.0,350.0
T006,G1-0234,G1-0233,240000.0,84.0,350.0
T006,G1-0242,G1-0241,240000.0,84.0,350.0
T006,G1-0250,G1-0249,240000.0,84.0,350.0
T006,G1-0258,G1-0257,240000.0,84.0,350.0
T006,G1-0266,G1-0265,240000.0,84.0,350.0
T006,G1-0274,G1-0273,240000.0,84.0,350.0
T006,G1-0282,G1-0281,240000.0,84.0,350.0
T006,G1-0290,G1-0289,240000.0,84.0,350.0
T006,G1-0298,G1-0297,240000.0,84.0,350.0
T006,G1-0306,G1-0305,240000.0,84.0,350.0
T006,G1-0314,G1-0313,240000.0,84.0,350.0
T006,G1-0322,G1-0321,240000.0,84.0,350.0
T006,G1-0330,G1-0329,240000.0,84.0,350.0
T006,G1-0338,G1-0337,240000.0,84.0,350.0
T006,G1-0346,G1-0345,240000.0,84.0,350.0
T006,G1-0354,G1-0353,240000.0,84.0,350.0
T006,G1-0362,G1-0361,240000.0,84.0,350.0
T006,G1-0370,G1-0369,240000.0,84.0,350.0
T007,G1-0384,G1-0383,240000.0,12.0,50.0
T007,G1-0392,G1-0391,240000.0,12.0,50.0
T007,G1-0400,G1-0399,240000.0,12.0,50.0
T007,G1-0408,G1-0407,240000.0,12.0,50.0
T007,G1-0416,G1-0415,240000.0,12.0,50.0
T007,G5-0020,G5-0019,160000.0,18.0,112.5
T007,G5-0024,G5-0023,160000.0,18.0,112.5
T007,G5-0028,G5-0027,160000.0,18.0,112.5
T007,G5-0032,G5-0031,160000.0,18.0,112.5
T007,G5-0036,G5-0035,160000.0,18.0,112.5
T007,G5-0040,G5-0039,160000.0,18.0,112.5
T007,G5-0044,G5-0043,160000.0,18.0,112.5
T007,G5-0048,G5-0047,160000.0,18.0,112.5
T007,G5-0052,G5-0051,160000.0,18.0,112.5
T007,G5-0056,G5-0055,160000.0,18.0,112.5
T007,G5-0060,G5-0059,160000.0,18.0,112.5
T007,G5-0064,G5-0063,160000.0,18.0,112.5
T007,G5-0068,G5-0067,160000.0,18.0,112.5
T007,G5-0072,G5-0071,160000.0,18.0,112.5
T007,G5-0076,G5-0075,160000.0,18.0,112.5
T007,G5-0080,G5-0079,160000.0,18.0,112.5
T007,G5-0084,G5-0083,160000.0,18.0,112.5
T007,G5-0088,G5-0087,160000.0,18.0,112.5
T007,G5-0092,G5-0091,160000.0,18.0,112.5
T007,G5-0096,G5-0095,160000.0,18.0,112.5
T007,G5-0100,G5-0099,160000.0,18.0,112.5
T007,G5-0104,G5-0103,160000.0,18.0,112.5
T007,G5-0108,G5-0107,160000.0,18.0,112.5
T007,G5-0112,G5-0111,160000.0,18.0,112.5
T007,G5-0116,G5-0115,160000.0,18.0,112.5
T007,G5-0120,G5-0119,160000.0,18.0,112.5
T007,G5-0124,G5-0123,160000.0,18.0,112.5
T007,G5-0128,G5-0127,160000.0,18.0,112.5
T007,G5-0132,G5-0131,160000.0,18.0,112.5
T007,G5-0136,G5-0135,160000.0,18.0,112.5
T007,G5-0140,G5-0139,160000.0,18.0,112.5
T007,G5-0144,G5-0143,160000.0,18.0,112.5
T007,G5-0148,G5-0147,160000.0,18.0,112.5
T007,G5-0152,G5-0151,160000.0,18.0,112.5
T007,G5-0156,G5-0155,160000.0,18.0,112.5
T007,G5-0160,G5-0159,160000.0,18.0,112.5
T007,G5-0164,G5-0163,160000.0,18.0,112.5
T007,G5-0168,G5-0167,160000.0,18.0,112.5
T007,G5-0172,G5-0171,160000.0,18.0,112.5
T007,G5-0176,G5-0175,160000.0,18.0,112.5
T007,G5-0180,G5-0179,160000.0,18.0,112.5
T007,G5-0184,G5-0183,160000.0,18.0,112.5
T007,G5-0188,G5-0187,160000.0,18.0,112.5
T007,G5-0192,G5-0191,160000.0,18.0,112.5
T007,G5-0196,G5-0195,160000.0,18.0,112.5
T007,G5-0200,G5-0199,160000.0,18.0,112.5
T007,G1-0383,G1-0382,240000.0,24.0,100.0
T007,G1-0391,G1-0390,240000.0,24.0,100.0
T007,G1-0399,G1-0398,240000.0,24.0,100.0
T007,G1-0407,G1-0406,240000.0,24.0,100.0
T007,G1-0415,G1-0414,240000.0,24.0,100.0
T007,G4-0292,G4-0291,480000.0,25.0,52.083333333333336
T007,G4-0296,G4-0295,480000.0,25.0,52.083333333333336
T007,G4-0300,G4-0299,480000.0,25.0,52.083333333333336
T007,G4-0304,G4-0303,480000.0,25.0,52.083333333333336
T007,G4-0308,G4-0307,480000.0,25.0,52.083333333333336
T007,G4-0312,G4-0311,480000.0,25.0,52.083333333333336
T007,G4-0316,G4-0315,480000.0,25.0,52.083333333333336
T007,G4-0320,G4-0319,480000.0,25.0,52.083333333333336
T007,G4-0324,G4-0323,480000.0,25.0,52.083333333333336
T007,G4-0328,G4-0327,480000.0,25.0,52.083333333333336
T007,G4-0332,G4-0331,480000.0,25.0,52.083333333333336
T007,G4-0336,G4-0335,480000.0,25.0,52.083333333333336
T007,G4-0340,G4-0339,480000.0,25.0,52.083333333333336
T007,G4-0344,G4-0343,480000.0,25.0,52.083333333333336
T007,G4-0348,G4-0347,480000.0,25.0,52.083333333333336
T007,G4-0352,G4-0351,480000.0,25.0,52.083333333333336
T007,G1-0382,G1-0381,240000.0,36.0,150.0
T007,G1-0390,G1-0389,240000.0,36.0,150.0
T007,G1-0398,G1-0397,240000.0,36.0,150.0
T007,G1-0406,G1-0405,240000.0,36.0,150.0
T007,G1-0414,G1-0413,240000.0,36.0,150.0
T007,G5-0019,G5-0018,160000.0,36.0,225.0
T007,G5-0023,G5-0022,160000.0,36.0,225.0
T007,G5-0027,G5-0026,160000.0,36.0,225.0
T007,G5-0031,G5-0030,160000.0,36.0,225.0
T007,G5-0035,G5-0034,160000.0,36.0,225.0
T007,G5-0039,G5-0038,160000.0,36.0,225.0
T007,G5-0043,G5-0042,160000.0,36.0,225.0
T007,G5-0047,G5-0046,160000.0,36.0,225.0
T007,G5-0051,G5-0050,160000.0,36.0,225.0
T007,G5-0055,G5-0054,160000.0,36.0,225.0
T007,G5-0059,G5-0058,160000.0,36.0,225.0
T007,G5-0063,G5-0062,160000.0,36.0,225.0
T007,G5-0067,G5-0066,160000.0,36.0,225.0
T007,G5-0071,G5-0070,160000.0,36.0,225.0
T007,G5-0075,G5-0074,160000.0,36.0,225.0
T007,G5-0079,G5-0078,160000.0,36.0,225.0
T007,G5-0083,G5-0082,160000.0,36.0,225.0
T007,G5-0087,G5-0086,160000.0,36.0,225.0
T007,G5-0091,G5-0090,160000.0,36.0,225.0
T007,G5-0095,G5-0094,160000.0,36.0,225.0
T007,G5-0099,G5-0098,160000.0,36.0,225.0
T007,G5-0103,G5-0102,160000.0,36.0,225.0
T007,G5-0107,G5-0106,160000.0,36.0,225.0
T007,G5-0111,G5-0110,160000.0,36.0,225.0
T007,G5-0115,G5-0114,160000.0,36.0,225.0
T007,G5-0119,G5-0118,160000.0,36.0,225.0
T007,G5-0123,G5-0122,160000.0,36.0,225.0
T007,G5-0127,G5-0126,160000.0,36.0,225.0
T007,G5-0131,G5-0130,160000.0,36.0,225.0
T007,G5-0135,G5-0134,160000.0,36.0,225.0
T007,G5-0139,G5-0138,160000.0,36.0,225.0
T007,G5-0143,G5-0142,160000.0,36.0,225.0
T007,G5-0147,G5-0146,160000.0,36.0,225.0
T007,G5-0151,G5-0150,160000.0,36.0,225.0
T007,G5-0155,G5-0154,160000.0,36.0,225.0
T007,G5-0159,G5-0158,160000.0,36.0,225.0
T007,G5-0163,G5-0162,160000.0,36.0,225.0
T007,G5-0167,G5-0166,160000.0,36.0,225.0
T007,G5-0171,G5-0170,160000.0,36.0,225.0
T007,G5-0175,G5-0174,160000.0,36.0,225.0
T007,G5-0179,G5-0178,160000.0,36.0,225.0
T007,G5-0183,G5-0182,160000.0,36.0,225.0
T007,G5-0187,G5-0186,160000.0,36.0,225.0
T007,G5-0191,G5-0190,160000.0,36.0,225.0
T007,G5-0195,G5-0194,160000.0,36.0,225.0
T007,G5-0199,G5-0198,160000.0,36.0,225.0
T007,G1-0381,G1-0380,240000.0,48.0,200.0
T007,G1-0389,G1-0388,240000.0,48.0,200.0
T007,G1-0397,G1-0396,240000.0,48.0,200.0
T007,G1-0405,G1-0404,240000.0,48.0,200.0
T007,G1-0413,G1-0412,240000.0,48.0,200.0
T007,G4-0291,G4-0290,480000.0,50.0,104.16666666666667
T007,G4-0295,G4-0294,480000.0,50.0,104.16666666666667
T007,G4-0299,G4-0298,480000.0,50.0,104.16666666666667
T007,G4-0303,G4-0302,480000.0,50.0,104.16666666666667
T007,G4-0307,G4-0306,480000.0,50.0,104.16666666666667
T007,G4-0311,G4-0310,480000.0,50.0,104.16666666666667
T007,G4-0315,G4-0314,480000.0,50.0,104.16666666666667
T007,G4-0319,G4-0318,480000.0,50.0,104.16666666666667
T007,G4-0323,G4-0322,480000.0,50.0,104.16666666666667
T007,G4-0327,G4-0326,480000.0,50.0,104.16666666666667
T007,G4-0331,G4-0330,480000.0,50.0,104.16666666666667
T007,G4-0335,G4-0334,480000.0,50.0,104.16666666666667
T007,G4-0339,G4-0338,480000.0,50.0,104.16666666666667
T007,G4-0343,G4-0342,480000.0,50.0,104.16666666666667
T007,G4-0347,G4-0346,480000.0,50.0,104.16666666666667
T007,G4-0351,G4-0350,480000.0,50.0,104.16666666666667
T007,G1-0380,G1-0379,240000.0,60.0,250.0
T007,G1-0388,G1-0387,240000.0,60.0,250.0
T007,G1-0396,G1-0395,240000.0,60.0,250.0
T007,G1-0404,G1-0403,240000.0,60.0,250.0
T007,G1-0412,G1-0411,240000.0,60.0,250.0
T007,G5-0018,G5-0017,160000.0,54.0,337.5
T007,G5-0022,G5-0021,160000.0,54.0,337.5
T007,G5-0026,G5-0025,160000.0,54.0,337.5
T007,G5-0030,G5-0029,160000.0,54.0,337.5
T007,G5-0034,G5-0033,160000.0,54.0,337.5
T007,G5-0038,G5-0037,160000.0,54.0,337.5
T007,G5-0042,G5-0041,160000.0,54.0,337.5
T007,G5-0046,G5-0045,160000.0,54.0,337.5
T007,G5-0050,G5-0049,160000.0,54.0,337.5
T007,G5-0054,G5-0053,160000.0,54.0,337.5
T007,G5-0058,G5-0057,160000.0,54.0,337.5
T007,G5-0062,G5-0061,160000.0,54.0,337.5
T007,G5-0066,G5-0065,160000.0,54.0,337.5
T007,G5-0070,G5-0069,160000.0,54.0,337.5
T007,G5-0074,G5-0073,160000.0,54.0,337.5
T007,G5-0078,G5-0077,160000.0,54.0,337.5
T007,G5-0082,G5-0081,160000.0,54.0,337.5
T007,G5-0086,G5-0085,160000.0,54.0,337.5
T007,G5-0090,G5-0089,160000.0,54.0,337.5
T007,G5-0094,G5-0093,160000.0,54.0,337.5
T007,G5-0098,G5-0097,160000.0,54.0,337.5
T007,G5-0102,G5-0101,160000.0,54.0,337.5
T007,G5-0106,G5-0105,160000.0,54.0,337.5
T007,G5-0110,G5-0109,160000.0,54.0,337.5
T007,G5-0114,G5-0113,160000.0,54.0,337.5
T007,G5-0118,G5-0117,160000.0,54.0,337.5
T007,G5-0122,G5-0121,160000.0,54.0,337.5
T007,G5-0126,G5-0125,160000.0,54.0,337.5
T007,G5-0130,G5-0129,160000.0,54.0,337.5
T007,G5-0134,G5-0133,160000.0,54.0,337.5
T007,G5-0138,G5-0137,160000.0,54.0,337.5
T007,G5-0142,G5-0141,160000.0,54.0,337.5
T007,G5-0146,G5-0145,160000.0,54.0,337.5
T007,G5-0150,G5-0149,160000.0,54.0,337.5
T007,G5-0154,G5-0153,160000.0,54.0,337.5
T007,G5-0158,G5-0157,160000.0,54.0,337.5
T007,G5-0162,G5-0161,160000.0,54.0,337.5
T007,G5-0166,G5-0165,160000.0,54.0,337.5
T007,G5-0170,G5-0169,160000.0,54.0,337.5
T007,G5-0174,G5-0173,160000.0,54.0,337.5
T007,G5-0178,G5-0177,160000.0,54.0,337.5
T007,G5-0182,G5-0181,160000.0,54.0,337.5
T007,G5-0186,G5-0185,160000.0,54.0,337.5
T007,G5-0190,G5-0189,160000.0,54.0,337.5
T007,G5-0194,G5-0193,160000.0,54.0,337.5
T007,G5-0198,G5-0197,160000.0,54.0,337.5
T007,G1-0379,G1-0378,240000.0,72.0,300.0
T007,G1-0387,G1-0386,240000.0,72.0,300.0
T007,G1-0395,G1-0394,240000.0,72.0,300.0
T007,G1-0403,G1-0402,240000.0,72.0,300.0
T007,G1-0411,G1-0410,240000.0,72.0,300.0
T007,G4-0290,G4-0289,480000.0,75.0,156.25
T007,G4-0294,G4-0293,480000.0,75.0,156.25
T007,G4-0298,G4-0297,480000.0,75.0,156.25
T007,G4-0302,G4-0301,480000.0,75.0,156.25
T007,G4-0306,G4-0305,480000.0,75.0,156.25
T007,G4-0310,G4-0309,480000.0,75.0,156.25
T007,G4-0314,G4-0313,480000.0,75.0,156.25
T007,G4-0318,G4-0317,480000.0,75.0,156.25
T007,G4-0322,G4-0321,480000.0,75.0,156.25
T007,G4-0326,G4-0325,480000.0,75.0,156.25
T007,G4-0330,G4-0329,480000.0,75.0,156.25
T007,G4-0334,G4-0333,480000.0,75.0,156.25
T007,G4-0338,G4-0337,480000.0,75.0,156.25
T007,G4-0342,G4-0341,480000.0,75.0,156.25
T007,G4-0346,G4-0345,480000.0,75.0,156.25
T007,G4-0350,G4-0349,480000.0,75.0,156.25
T007,G1-0378,G1-0377,240000.0,84.0,350.0
T007,G1-0386,G1-0385,240000.0,84.0,350.0
T007,G1-0394,G1-0393,240000.0,84.0,350.0
T007,G1-0402,G1-0401,240000.0,84.0,350.0
T007,G1-0410,G1-0409,240000.0,84.0,350.0
T008,G5-0204,G5-0203,160000.0,18.0,112.5
T008,G5-0208,G5-0207,160000.0,18.0,112.5
T008,G5-0212,G5-0211,160000.0,18.0,112.5
T008,G5-0216,G5-0215,160000.0,18.0,112.5
T008,G5-0220,G5-0219,160000.0,18.0,112.5
T008,G5-0224,G5-0223,160000.0,18.0,112.5
T008,G5-0228,G5-0227,160000.0,18.0,112.5
T008,G5-0232,G5-0231,160000.0,18.0,112.5
T008,G5-0236,G5-0235,160000.0,18.0,112.5
T008,G5-0240,G5-0239,160000.0,18.0,112.5
T008,G5-0244,G5-0243,160000.0,18.0,112.5
T008,G5-0248,G5-0247,160000.0,18.0,112.5
T008,G5-0203,G5-0202,160000.0,36.0,225.0
T008,G5-0207,G5-0206,160000.0,36.0,225.0
T008,G5-0211,G5-0210,160000.0,36.0,225.0
T008,G5-0215,G5-0214,160000.0,36.0,225.0
T008,G5-0219,G5-0218,160000.0,36.0,225.0
T008,G5-0223,G5-0222,160000.0,36.0,225.0
T008,G5-0227,G5-0226,160000.0,36.0,225.0
T008,G5-0231,G5-0230,160000.0,36.0,225.0
T008,G5-0235,G5-0234,160000.0,36.0,225.0
T008,G5-0239,G5-0238,160000.0,36.0,225.0
T008,G5-0243,G5-0242,160000.0,36.0,225.0
T008,G5-0247,G5-0246,160000.0,36.0,225.0
T008,G5-0202,G5-0201,160000.0,54.0,337.5
T008,G5-0206,G5-0205,160000.0,54.0,337.5
T008,G5-0210,G5-0209,160000.0,54.0,337.5
T008,G5-0214,G5-0213,160000.0,54.0,337.5
T008,G5-0218,G5-0217,160000.0,54.0,337.5
T008,G5-0222,G5-0221,160000.0,54.0,337.5
T008,G5-0226,G5-0225,160000.0,54.0,337.5
T008,G5-0230,G5-0229,160000.0,54.0,337.5
T008,G5-0234,G5-0233,160000.0,54.0,337.5
T008,G5-0238,G5-0237,160000.0,54.0,337.5
T008,G5-0242,G5-0241,160000.0,54.0,337.5
T008,G5-0246,G5-0245,160000.0,54.0,337.5
T009,G5-0252,G5-0251,160000.0,18.0,112.5
T009,G5-0256,G5-0255,160000.0,18.0,112.5
T009,G5-0260,G5-0259,160000.0,18.0,112.5
T009,G5-0264,G5-0263,160000.0,18.0,112.5
T009,G5-0268,G5-0267,160000.0,18.0,112.5
T009,G5-0272,G5-0271,160000.0,18.0,112.5
T009,G5-0276,G5-0275,160000.0,18.0,112.5
T009,G5-0280,G5-0279,160000.0,18.0,112.5
T009,G5-0284,G5-0283,160000.0,18.0,112.5
T009,G5-0288,G5-0287,160000.0,18.0,112.5
T009,G5-0292,G5-0291,160000.0,18.0,112.5
T009,G5-0296,G5-0295,160000.0,18.0,112.5
T009,G5-0251,G5-0250,160000.0,36.0,225.0
T009,G5-0255,G5-0254,160000.0,36.0,225.0
T009,G5-0259,G5-0258,160000.0,36.0,225.0
T009,G5-0263,G5-0262,160000.0,36.0,225.0
T009,G5-0267,G5-0266,160000.0,36.0,225.0
T009,G5-0271,G5-0270,160000.0,36.0,225.0
T009,G5-0275,G5-0274,160000.0,36.0,225.0
T009,G5-0279,G5-0278,160000.0,36.0,225.0
T009,G5-0283,G5-0282,160000.0,36.0,225.0
T009,G5-0287,G5-0286,160000.0,36.0,225.0
T009,G5-0291,G5-0290,160000.0,36.0,225.0
T009,G5-0295,G5-0294,160000.0,36.0,225.0
T009,G5-0250,G5-0249,160000.0,54.0,337.5
T009,G5-0254,G5-0253,160000.0,54.0,337.5
T009,G5-0258,G5-0257,160000.0,54.0,337.5
T009,G5-0262,G5-0261,160000.0,54.0,337.5
T009,G5-0266,G5-0265,160000.0,54.0,337.5
T009,G5-0270,G5-0269,160000.0,54.0,337.5
T009,G5-0274,G5-0273,160000.0,54.0,337.5
T009,G5-0278,G5-0277,160000.0,54.0,337.5
T009,G5-0282,G5-0281,160000.0,54.0,337.5
T009,G5-0286,G5-0285,160000.0,54.0,337.5
T009,G5-0290,G5-0289,160000.0,54.0,337.5
T009,G5-0294,G5-0293,160000.0,54.0,337.5
T010,G5-0300,G5-0299,160000.0,18.0,112.5
T010,G5-0304,G5-0303,160000.0,18.0,112.5
T010,G5-0308,G5-0307,160000.0,18.0,112.5
T010,G5-0312,G5-0311,160000.0,18.0,112.5
T010,G5-0316,G5-0315,160000.0,18.0,112.5
T010,G5-0320,G5-0319,160000.0,18.0,112.5
T010,G5-0324,G5-0323,160000.0,18.0,112.5
T010,G5-0328,G5-0327,160000.0,18.0,112.5
T010,G5-0332,G5-0331,160000.0,18.0,112.5
T010,G5-0336,G5-0335,160000.0,18.0,112.5
T010,G5-0340,G5-0339,160000.0,18.0,112.5
T010,G5-0344,G5-0343,160000.0,18.0,112.5
T010,G5-0299,G5-0298,160000.0,36.0,225.0
T010,G5-0303,G5-0302,160000.0,36.0,225.0
T010,G5-0307,G5-0306,160000.0,36.0,225.0
T010,G5-0311,G5-0310,160000.0,36.0,225.0
T010,G5-0315,G5-0314,160000.0,36.0,225.0
T010,G5-0319,G5-0318,160000.0,36.0,225.0
T010,G5-0323,G5-0322,160000.0,36.0,225.0
T010,G5-0327,G5-0326,160000.0,36.0,225.0
T010,G5-0331,G5-0330,160000.0,36.0,225.0
T010,G5-0335,G5-0334,160000.0,36.0,225.0
T010,G5-0339,G5-0338,160000.0,36.0,225.0
T010,G5-0343,G5-0342,160000.0,36.0,225.0
T010,G5-0298,G5-0297,160000.0,54.0,337.5
T010,G5-0302,G5-0301,160000.0,54.0,337.5
T010,G5-0306,G5-0305,160000.0,54.0,337.5
T010,G5-0310,G5-0309,160000.0,54.0,337.5
T010,G5-0314,G5-0313,160000.0,54.0,337.5
T010,G5-0318,G5-0317,160000.0,54.0,337.5
T010,G5-0322,G5-0321,160000.0,54.0,337.5
T010,G5-0326,G5-0325,160000.0,54.0,337.5
T010,G5-0330,G5-0329,160000.0,54.0,337.5
T010,G5-0334,G5-0333,160000.0,54.0,337.5
T010,G5-0338,G5-0337,160000.0,54.0,337.5
T010,G5-0342,G5-0341,160000.0,54.0,337.5
T011,G5-0348,G5-0347,160000.0,18.0,112.5
T011,G5-0352,G5-0351,160000.0,18.0,112.5
T011,G5-0356,G5-0355,160000.0,18.0,112.5
T011,G5-0360,G5-0359,160000.0,18.0,112.5
T011,G5-0364,G5-0363,160000.0,18.0,112.5
T011,G5-0368,G5-0367,160000.0,18.0,112.5
T011,G5-0372,G5-0371,160000.0,18.0,112.5
T011,G5-0376,G5-0375,160000.0,18.0,112.5
T011,G5-0380,G5-0379,160000.0,18.0,112.5
T011,G5-0384,G5-0383,160000.0,18.0,112.5
T011,G5-0388,G5-0387,160000.0,18.0,112.5
T011,G5-0392,G5-0391,160000.0,18.0,112.5
T011,G5-0347,G5-0346,160000.0,36.0,225.0
T011,G5-0351,G5-0350,160000.0,36.0,225.0
T011,G5-0355,G5-0354,160000.0,36.0,225.0
T011,G5-0359,G5-0358,160000.0,36.0,225.0
T011,G5-0363,G5-0362,160000.0,36.0,225.0
T011,G5-0367,G5-0366,160000.0,36.0,225.0
T011,G5-0371,G5-0370,160000.0,36.0,225.0
T011,G5-0375,G5-0374,160000.0,36.0,225.0
T011,G5-0379,G5-0378,160000.0,36.0,225.0
T011,G5-0383,G5-0382,160000.0,36.0,225.0
T011,G5-0387,G5-0386,160000.0,36.0,225.0
T011,G5-0391,G5-0390,160000.0,36.0,225.0
T011,G5-0346,G5-0345,160000.0,54.0,337.5
T011,G5-0350,G5-0349,160000.0,54.0,337.5
T011,G5-0354,G5-0353,160000.0,54.0,337.5
T011,G5-0358,G5-0357,160000.0,54.0,337.5
T011,G5-0362,G5-0361,160000.0,54.0,337.5
T011,G5-0366,G5-0365,160000.0,54.0,337.5
T011,G5-0370,G5-0369,160000.0,54.0,337.5
T011,G5-0374,G5-0373,160000.0,54.0,337.5
T011,G5-0378,G5-0377,160000.0,54.0,337.5
T011,G5-0382,G5-0381,160000.0,54.0,337.5
T011,G5-0386,G5-0385,160000.0,54.0,337.5
T011,G5-0390,G5-0389,160000.0,54.0,337.5
T012,G5-0396,G5-0395,160000.0,18.0,112.5
T012,G5-0400,G5-0399,160000.0,18.0,112.5
T012,G5-0404,G5-0403,160000.0,18.0,112.5
T012,G5-0408,G5-0407,160000.0,18.0,112.5
T012,G5-0412,G5-0411,160000.0,18.0,112.5
T012,G5-0416,G5-0415,160000.0,18.0,112.5
T012,G5-0420,G5-0419,160000.0,18.0,112.5
T012,G5-0424,G5-0423,160000.0,18.0,112.5
T012,G5-0428,G5-0427,160000.0,18.0,112.5
T012,G5-0432,G5-0431,160000.0,18.0,112.5
T012,G5-0436,G5-0435,160000.0,18.0,112.5
T012,G5-0440,G5-0439,160000.0,18.0,112.5
T012,G5-0395,G5-0394,160000.0,36.0,225.0
T012,G5-0399,G5-0398,160000.0,36.0,225.0
T012,G5-0403,G5-0402,160000.0,36.0,225.0
T012,G5-0407,G5-0406,160000.0,36.0,225.0
T012,G5-0411,G5-0410,160000.0,36.0,225.0
T012,G5-0415,G5-0414,160000.0,36.0,225.0
T012,G5-0419,G5-0418,160000.0,36.0,225.0
T012,G5-0423,G5-0422,160000.0,36.0,225.0
T012,G5-0427,G5-0426,160000.0,36.0,225.0
T012,G5-0431,G5-0430,160000.0,36.0,225.0
T012,G5-0435,G5-0434,160000.0,36.0,225.0
T012,G5-0439,G5-0438,160000.0,36.0,225.0
T012,G5-0394,G5-0393,160000.0,54.0,337.5
T012,G5-0398,G5-0397,160000.0,54.0,337.5
T012,G5-0402,G5-0401,160000.0,54.0,337.5
T012,G5-0406,G5-0405,160000.0,54.0,337.5
T012,G5-0410,G5-0409,160000.0,54.0,337.5
T012,G5-0414,G5-0413,160000.0,54.0,337.5
T012,G5-0418,G5-0417,160000.0,54.0,337.5
T012,G5-0422,G5-0421,160000.0,54.0,337.5
T012,G5-0426,G5-0425,160000.0,54.0,337.5
T012,G5-0430,G5-0429,160000.0,54.0,337.5
T012,G5-0434,G5-0433,160000.0,54.0,337.5
T012,G5-0438,G5-0437,160000.0,54.0,337.5
T013,G5-0444,G5-0443,160000.0,18.0,112.5
T013,G5-0448,G5-0447,160000.0,18.0,112.5
T013,G5-0452,G5-0451,160000.0,18.0,112.5
T013,G5-0456,G5-0455,160000.0,18.0,112.5
T013,G5-0460,G5-0459,160000.0,18.0,112.5
T013,G5-0464,G5-0463,160000.0,18.0,112.5
T013,G5-0468,G5-0467,160000.0,18.0,112.5
T013,G5-0472,G5-0471,160000.0,18.0,112.5
T013,G5-0476,G5-0475,160000.0,18.0,112.5
T013,G5-0480,G5-0479,160000.0,18.0,112.5
T013,G5-0484,G5-0483,160000.0,18.0,112.5
T013,G5-0488,G5-0487,160000.0,18.0,112.5
T013,G5-0443,G5-0442,160000.0,36.0,225.0
T013,G5-0447,G5-0446,160000.0,36.0,225.0
T013,G5-0451,G5-0450,160000.0,36.0,225.0
T013,G5-0455,G5-0454,160000.0,36.0,225.0
T013,G5-0459,G5-0458,160000.0,36.0,225.0
T013,G5-0463,G5-0462,160000.0,36.0,225.0
T013,G5-0467,G5-0466,160000.0,36.0,225.0
T013,G5-0471,G5-0470,160000.0,36.0,225.0
T013,G5-0475,G5-0474,160000.0,36.0,225.0
T013,G5-0479,G5-0478,160000.0,36.0,225.0
T013,G5-0483,G5-0482,160000.0,36.0,225.0
T013,G5-0487,G5-0486,160000.0,36.0,225.0
T013,G5-0442,G5-0441,160000.0,54.0,337.5
T013,G5-0446,G5-0445,160000.0,54.0,337.5
T013,G5-0450,G5-0449,160000.0,54.0,337.5
T013,G5-0454,G5-0453,160000.0,54.0,337.5
T013,G5-0458,G5-0457,160000.0,54.0,337.5
T013,G5-0462,G5-0461,160000.0,54.0,337.5
T013,G5-0466,G5-0465,160000.0,54.0,337.5
T013,G5-0470,G5-0469,160000.0,54.0,337.5
T013,G5-0474,G5-0473,160000.0,54.0,337.5
T013,G5-0478,G5-0477,160000.0,54.0,337.5
T013,G5-0482,G5-0481,160000.0,54.0,337.5
T013,G5-0486,G5-0485,160000.0,54.0,337.5
T014,G1-0424,G1-0423,240000.0,12.0,50.0
T014,G1-0432,G1-0431,240000.0,12.0,50.0
T014,G1-0440,G1-0439,240000.0,12.0,50.0
T014,G1-0448,G1-0447,240000.0,12.0,50.0
T014,G1-0456,G1-0455,240000.0,12.0,50.0
T014,G1-0464,G1-0463,240000.0,12.0,50.0
T014,G1-0472,G1-0471,240000.0,12.0,50.0
T014,G1-0480,G1-0479,240000.0,12.0,50.0
T014,G1-0488,G1-0487,240000.0,12.0,50.0
T014,G1-0496,G1-0495,240000.0,12.0,50.0
T014,G1-0504,G1-0503,240000.0,12.0,50.0
T014,G1-0512,G1-0511,240000.0,12.0,50.0
T014,G1-0520,G1-0519,240000.0,12.0,50.0
T014,G1-0528,G1-0527,240000.0,12.0,50.0
T014,G1-0536,G1-0535,240000.0,12.0,50.0
T014,G1-0544,G1-0543,240000.0,12.0,50.0
T014,G1-0552,G1-0551,240000.0,12.0,50.0
T014,G1-0560,G1-0559,240000.0,12.0,50.0
T014,G1-0568,G1-0567,240000.0,12.0,50.0
T014,G1-0576,G1-0575,240000.0,12.0,50.0
T014,G1-0584,G1-0583,240000.0,12.0,50.0
T014,G1-0592,G1-0591,240000.0,12.0,50.0
T014,G1-0600,G1-0599,240000.0,12.0,50.0
T014,G1-0608,G1-0607,240000.0,12.0,50.0
T014,G1-0616,G1-0615,240000.0,12.0,50.0
T014,G1-0624,G1-0623,240000.0,12.0,50.0
T014,G1-0632,G1-0631,240000.0,12.0,50.0
T014,G1-0640,G1-0639,240000.0,12.0,50.0
T014,G1-0648,G1-0647,240000.0,12.0,50.0
T014,G1-0656,G1-0655,240000.0,12.0,50.0
T014,G1-0664,G1-0663,240000.0,12.0,50.0
T014,G1-0672,G1-0671,240000.0,12.0,50.0
T014,G1-0680,G1-0679,240000.0,12.0,50.0
T014,G1-0688,G1-0687,240000.0,12.0,50.0
T014,G1-0696,G1-0695,240000.0,12.0,50.0
T014,G1-0704,G1-0703,240000.0,12.0,50.0
T014,G1-0712,G1-0711,240000.0,12.0,50.0
T014,G1-0720,G1-0719,240000.0,12.0,50.0
T014,G1-0728,G1-0727,240000.0,12.0,50.0
T014,G1-0736,G1-0735,240000.0,12.0,50.0
T014,G1-0744,G1-0743,240000.0,12.0,50.0
T014,G1-0752,G1-0751,240000.0,12.0,50.0
T014,G1-0760,G1-0759,240000.0,12.0,50.0
T014,G1-0768,G1-0767,240000.0,12.0,50.0
T014,G1-0776,G1-0775,240000.0,12.0,50.0
T014,G1-0784,G1-0783,240000.0,12.0,50.0
T014,G1-0792,G1-0791,240000.0,12.0,50.0
T014,G1-0800,G1-0799,240000.0,12.0,50.0
T014,G1-0423,G1-0422,240000.0,24.0,100.0
T014,G1-0431,G1-0430,240000.0,24.0,100.0
T014,G1-0439,G1-0438,240000.0,24.0,100.0
T014,G1-0447,G1-0446,240000.0,24.0,100.0
T014,G1-0455,G1-0454,240000.0,24.0,100.0
T014,G1-0463,G1-0462,240000.0,24.0,100.0
T014,G1-0471,G1-0470,240000.0,24.0,100.0
T014,G1-0479,G1-0478,240000.0,24.0,100.0
T014,G1-0487,G1-0486,240000.0,24.0,100.0
T014,G1-0495,G1-0494,240000.0,24.0,100.0
T014,G1-0503,G1-0502,240000.0,24.0,100.0
T014,G1-0511,G1-0510,240000.0,24.0,100.0
T014,G1-0519,G1-0518,240000.0,24.0,100.0
T014,G1-0527,G1-0526,240000.0,24.0,100.0
T014,G1-0535,G1-0534,240000.0,24.0,100.0
T014,G1-0543,G1-0542,240000.0,24.0,100.0
T014,G1-0551,G1-0550,240000.0,24.0,100.0
T014,G1-0559,G1-0558,240000.0,24.0,100.0
T014,G1-0567,G1-0566,240000.0,24.0,100.0
T014,G1-0575,G1-0574,240000.0,24.0,100.0
T014,G1-0583,G1-0582,240000.0,24.0,100.0
T014,G1-0591,G1-0590,240000.0,24.0,100.0
T014,G1-0599,G1-0598,240000.0,24.0,100.0
T014,G1-0607,G1-0606,240000.0,24.0,100.0
T014,G1-0615,G1-0614,240000.0,24.0,100.0
T014,G1-0623,G1-0622,240000.0,24.0,100.0
T014,G1-0631,G1-0630,240000.0,24.0,100.0
T014,G1-0639,G1-0638,240000.0,24.0,100.0
T014,G1-0647,G1-0646,240000.0,24.0,100.0
T014,G1-0655,G1-0654,240000.0,24.0,100.0
T014,G1-0663,G1-0662,240000.0,24.0,100.0
T014,G1-0671,G1-0670,240000.0,24.0,100.0
T014,G1-0679,G1-0678,240000.0,24.0,100.0
T014,G1-0687,G1-0686,240000.0,24.0,100.0
T014,G1-0695,G1-0694,240000.0,24.0,100.0
T014,G1-0703,G1-0702,240000.0,24.0,100.0
T014,G1-0711,G1-0710,240000.0,24.0,100.0
T014,G1-0719,G1-0718,240000.0,24.0,100.0
T014,G1-0727,G1-0726,240000.0,24.0,100.0
T014,G1-0735,G1-0734,240000.0,24.0,100.0
T014,G1-0743,G1-0742,240000.0,24.0,100.0
T014,G1-0751,G1-0750,240000.0,24.0,100.0
T014,G1-0759,G1-0758,240000.0,24.0,100.0
T014,G1-0767,G1-0766,240000.0,24.0,100.0
T014,G1-0775,G1-0774,240000.0,24.0,100.0
T014,G1-0783,G1-0782,240000.0,24.0,100.0
T014,G1-0791,G1-0790,240000.0,24.0,100.0
T014,G1-0799,G1-0798,240000.0,24.0,100.0
T014,G5-0492,G5-0491,160000.0,18.0,112.5
T014,G5-0496,G5-0495,160000.0,18.0,112.5
T014,G5-0500,G5-0499,160000.0,18.0,112.5
T014,G1-0422,G1-0421,240000.0,36.0,150.0
T014,G1-0430,G1-0429,240000.0,36.0,150.0
T014,G1-0438,G1-0437,240000.0,36.0,150.0
T014,G1-0446,G1-0445,240000.0,36.0,150.0
T014,G1-0454,G1-0453,240000.0,36.0,150.0
T014,G1-0462,G1-0461,240000.0,36.0,150.0
T014,G1-0470,G1-0469,240000.0,36.0,150.0
T014,G1-0478,G1-0477,240000.0,36.0,150.0
T014,G1-0486,G1-0485,240000.0,36.0,150.0
T014,G1-0494,G1-0493,240000.0,36.0,150.0
T014,G1-0502,G1-0501,240000.0,36.0,150.0
T014,G1-0510,G1-0509,240000.0,36.0,150.0
T014,G1-0518,G1-0517,240000.0,36.0,150.0
T014,G1-0526,G1-0525,240000.0,36.0,150.0
T014,G1-0534,G1-0533,240000.0,36.0,150.0
T014,G1-0542,G1-0541,240000.0,36.0,150.0
T014,G1-0550,G1-0549,240000.0,36.0,150.0
T014,G1-0558,G1-0557,240000.0,36.0,150.0
T014,G1-0566,G1-0565,240000.0,36.0,150.0
T014,G1-0574,G1-0573,240000.0,36.0,150.0
T014,G1-0582,G1-0581,240000.0,36.0,150.0
T014,G1-0590,G1-0589,240000.0,36.0,150.0
T014,G1-0598,G1-0597,240000.0,36.0,150.0
T014,G1-0606,G1-0605,240000.0,36.0,150.0
T014,G1-0614,G1-0613,240000.0,36.0,150.0
T014,G1-0622,G1-0621,240000.0,36.0,150.0
T014,G1-0630,G1-0629,240000.0,36.0,150.0
T014,G1-0638,G1-0637,240000.0,36.0,150.0
T014,G1-0646,G1-0645,240000.0,36.0,150.0
T014,G1-0654,G1-0653,240000.0,36.0,150.0
T014,G1-0662,G1-0661,240000.0,36.0,150.0
T014,G1-0670,G1-0669,240000.0,36.0,150.0
T014,G1-0678,G1-0677,240000.0,36.0,150.0
T014,G1-0686,G1-0685,240000.0,36.0,150.0
T014,G1-0694,G1-0693,240000.0,36.0,150.0
T014,G1-0702,G1-0701,240000.0,36.0,150.0
T014,G1-0710,G1-0709,240000.0,36.0,150.0
T014,G1-0718,G1-0717,240000.0,36.0,150.0
T014,G1-0726,G1-0725,240000.0,36.0,150.0
T014,G1-0734,G1-0733,240000.0,36.0,150.0
T014,G1-0742,G1-0741,240000.0,36.0,150.0
T014,G1-0750,G1-0749,240000.0,36.0,150.0
T014,G1-0758,G1-0757,240000.0,36.0,150.0
T014,G1-0766,G1-0765,240000.0,36.0,150.0
T014,G1-0774,G1-0773,240000.0,36.0,150.0
T014,G1-0782,G1-0781,240000.0,36.0,150.0
T014,G1-0790,G1-0789,240000.0,36.0,150.0
T014,G1-0798,G1-0797,240000.0,36.0,150.0
T014,G1-0421,G1-0420,240000.0,48.0,200.0
T014,G1-0429,G1-0428,240000.0,48.0,200.0
T014,G1-0437,G1-0436,240000.0,48.0,200.0
T014,G1-0445,G1-0444,240000.0,48.0,200.0
T014,G1-0453,G1-0452,240000.0,48.0,200.0
T014,G1-0461,G1-0460,240000.0,48.0,200.0
T014,G1-0469,G1-0468,240000.0,48.0,200.0
T014,G1-0477,G1-0476,240000.0,48.0,200.0
T014,G1-0485,G1-0484,240000.0,48.0,200.0
T014,G1-0493,G1-0492,240000.0,48.0,200.0
T014,G1-0501,G1-0500,240000.0,48.0,200.0
T014,G1-0509,G1-0508,240000.0,48.0,200.0
T014,G1-0517,G1-0516,240000.0,48.0,200.0
T014,G1-0525,G1-0524,240000.0,48.0,200.0
T014,G1-0533,G1-0532,240000.0,48.0,200.0
T014,G1-0541,G1-0540,240000.0,48.0,200.0
T014,G1-0549,G1-0548,240000.0,48.0,200.0
T014,G1-0557,G1-0556,240000.0,48.0,200.0
T014,G1-0565,G1-0564,240000.0,48.0,200.0
T014,G1-0573,G1-0572,240000.0,48.0,200.0
T014,G1-0581,G1-0580,240000.0,48.0,200.0
T014,G1-0589,G1-0588,240000.0,48.0,200.0
T014,G1-0597,G1-0596,240000.0,48.0,200.0
T014,G1-0605,G1-0604,240000.0,48.0,200.0
T014,G1-0613,G1-0612,240000.0,48.0,200.0
T014,G1-0621,G1-0620,240000.0,48.0,200.0
T014,G1-0629,G1-0628,240000.0,48.0,200.0
T014,G1-0637,G1-0636,240000.0,48.0,200.0
T014,G1-0645,G1-0644,240000.0,48.0,200.0
T014,G1-0653,G1-0652,240000.0,48.0,200.0
T014,G1-0661,G1-0660,240000.0,48.0,200.0
T014,G1-0669,G1-0668,240000.0,48.0,200.0
T014,G1-0677,G1-0676,240000.0,48.0,200.0
T014,G1-0685,G1-0684,240000.0,48.0,200.0
T014,G1-0693,G1-0692,240000.0,48.0,200.0
T014,G1-0701,G1-0700,240000.0,48.0,200.0
T014,G1-0709,G1-0708,240000.0,48.0,200.0
T014,G1-0717,G1-0716,240000.0,48.0,200.0
T014,G1-0725,G1-0724,240000.0,48.0,200.0
T014,G1-0733,G1-0732,240000.0,48.0,200.0
T014,G1-0741,G1-0740,240000.0,48.0,200.0
T014,G1-0749,G1-0748,240000.0,48.0,200.0
T014,G1-0757,G1-0756,240000.0,48.0,200.0
T014,G1-0765,G1-0764,240000.0,48.0,200.0
T014,G1-0773,G1-0772,240000.0,48.0,200.0
T014,G1-0781,G1-0780,240000.0,48.0,200.0
T014,G1-0789,G1-0788,240000.0,48.0,200.0
T014,G1-0797,G1-0796,240000.0,48.0,200.0
T014,G5-0491,G5-0490,160000.0,36.0,225.0
T014,G5-0495,G5-0494,160000.0,36.0,225.0
T014,G5-0499,G5-0498,160000.0,36.0,225.0
T014,G1-0420,G1-0419,240000.0,60.0,250.0
T014,G1-0428,G1-0427,240000.0,60.0,250.0
T014,G1-0436,G1-0435,240000.0,60.0,250.0
T014,G1-0444,G1-0443,240000.0,60.0,250.0
T014,G1-0452,G1-0451,240000.0,60.0,250.0
T014,G1-0460,G1-0459,240000.0,60.0,250.0
T014,G1-0468,G1-0467,240000.0,60.0,250.0
T014,G1-0476,G1-0475,240000.0,60.0,250.0
T014,G1-0484,G1-0483,240000.0,60.0,250.0
T014,G1-0492,G1-0491,240000.0,60.0,250.0
T014,G1-0500,G1-0499,240000.0,60.0,250.0
T014,G1-0508,G1-0507,240000.0,60.0,250.0
T014,G1-0516,G1-0515,240000.0,60.0,250.0
T014,G1-0524,G1-0523,240000.0,60.0,250.0
T014,G1-0532,G1-0531,240000.0,60.0,250.0
T014,G1-0540,G1-0539,240000.0,60.0,250.0
T014,G1-0548,G1-0547,240000.0,60.0,250.0
T014,G1-0556,G1-0555,240000.0,60.0,250.0
T014,G1-0564,G1-0563,240000.0,60.0,250.0
T014,G1-0572,G1-0571,240000.0,60.0,250.0
T014,G1-0580,G1-0579,240000.0,60.0,250.0
T014,G1-0588,G1-0587,240000.0,60.0,250.0
T014,G1-0596,G1-0595,240000.0,60.0,250.0
T014,G1-0604,G1-0603,240000.0,60.0,250.0
T014,G1-0612,G1-0611,240000.0,60.0,250.0
T014,G1-0620,G1-0619,240000.0,60.0,250.0
T014,G1-0628,G1-0627,240000.0,60.0,250.0
T014,G1-0636,G1-0635,240000.0,60.0,250.0
T014,G1-0644,G1-0643,240000.0,60.0,250.0
T014,G1-0652,G1-0651,240000.0,60.0,250.0
T014,G1-0660,G1-0659,240000.0,60.0,250.0
T014,G1-0668,G1-0667,240000.0,60.0,250.0
T014,G1-0676,G1-0675,240000.0,60.0,250.0
T014,G1-0684,G1-0683,240000.0,60.0,250.0
T014,G1-0692,G1-0691,240000.0,60.0,250.0
T014,G1-0700,G1-0699,240000.0,60.0,250.0
T014,G1-0708,G1-0707,240000.0,60.0,250.0
T014,G1-0716,G1-0715,240000.0,60.0,250.0
T014,G1-0724,G1-0723,240000.0,60.0,250.0
T014,G1-0732,G1-0731,240000.0,60.0,250.0
T014,G1-0740,G1-0739,240000.0,60.0,250.0
T014,G1-0748,G1-0747,240000.0,60.0,250.0
T014,G1-0756,G1-0755,240000.0,60.0,250.0
T014,G1-0764,G1-0763,240000.0,60.0,250.0
T014,G1-0772,G1-0771,240000.0,60.0,250.0
T014,G1-0780,G1-0779,240000.0,60.0,250.0
T014,G1-0788,G1-0787,240000.0,60.0,250.0
T014,G1-0796,G1-0795,240000.0,60.0,250.0
T014,G1-0419,G1-0418,240000.0,72.0,300.0
T014,G1-0427,G1-0426,240000.0,72.0,300.0
T014,G1-0435,G1-0434,240000.0,72.0,300.0
T014,G1-0443,G1-0442,240000.0,72.0,300.0
T014,G1-0451,G1-0450,240000.0,72.0,300.0
T014,G1-0459,G1-0458,240000.0,72.0,300.0
T014,G1-0467,G1-0466,240000.0,72.0,300.0
T014,G1-0475,G1-0474,240000.0,72.0,300.0
T014,G1-0483,G1-0482,240000.0,72.0,300.0
T014,G1-0491,G1-0490,240000.0,72.0,300.0
T014,G1-0499,G1-0498,240000.0,72.0,300.0
T014,G1-0507,G1-0506,240000.0,72.0,300.0
T014,G1-0515,G1-0514,240000.0,72.0,300.0
T014,G1-0523,G1-0522,240000.0,72.0,300.0
T014,G1-0531,G1-0530,240000.0,72.0,300.0
T014,G1-0539,G1-0538,240000.0,72.0,300.0
T014,G1-0547,G1-0546,240000.0,72.0,300.0
T014,G1-0555,G1-0554,240000.0,72.0,300.0
T014,G1-0563,G1-0562,240000.0,72.0,300.0
T014,G1-0571,G1-0570,240000.0,72.0,300.0
T014,G1-0579,G1-0578,240000.0,72.0,300.0
T014,G1-0587,G1-0586,240000.0,72.0,300.0
T014,G1-0595,G1-0594,240000.0,72.0,300.0
T014,G1-0603,G1-0602,240000.0,72.0,300.0
T014,G1-0611,G1-0610,240000.0,72.0,300.0
T014,G1-0619,G1-0618,240000.0,72.0,300.0
T014,G1-0627,G1-0626,240000.0,72.0,300.0
T014,G1-0635,G1-0634,240000.0,72.0,300.0
T014,G1-0643,G1-0642,240000.0,72.0,300.0
T014,G1-0651,G1-0650,240000.0,72.0,300.0
T014,G1-0659,G1-0658,240000.0,72.0,300.0
T014,G1-0667,G1-0666,240000.0,72.0,300.0
T014,G1-0675,G1-0674,240000.0,72.0,300.0
T014,G1-0683,G1-0682,240000.0,72.0,300.0
T014,G1-0691,G1-0690,240000.0,72.0,300.0
T014,G1-0699,G1-0698,240000.0,72.0,300.0
T014,G1-0707,G1-0706,240000.0,72.0,300.0
T014,G1-0715,G1-0714,240000.0,72.0,300.0
T014,G1-0723,G1-0722,240000.0,72.0,300.0
T014,G1-0731,G1-0730,240000.0,72.0,300.0
T014,G1-0739,G1-0738,240000.0,72.0,300.0
T014,G1-0747,G1-0746,240000.0,72.0,300.0
T014,G1-0755,G1-0754,240000.0,72.0,300.0
T014,G1-0763,G1-0762,240000.0,72.0,300.0
T014,G1-0771,G1-0770,240000.0,72.0,300.0
T014,G1-0779,G1-0778,240000.0,72.0,300.0
T014,G1-0787,G1-0786,240000.0,72.0,300.0
T014,G1-0795,G1-0794,240000.0,72.0,300.0
T014,G5-0490,G5-0489,160000.0,54.0,337.5
T014,G5-0494,G5-0493,160000.0,54.0,337.5
T014,G5-0498,G5-0497,160000.0,54.0,337.5
T014,G1-0418,G1-0417,240000.0,84.0,350.0
T014,G1-0426,G1-0425,240000.0,84.0,350.0
T014,G1-0434,G1-0433,240000.0,84.0,350.0
T014,G1-0442,G1-0441,240000.0,84.0,350.0
T014,G1-0450,G1-0449,240000.0,84.0,350.0
T014,G1-0458,G1-0457,240000.0,84.0,350.0
T014,G1-0466,G1-0465,240000.0,84.0,350.0
T014,G1-0474,G1-0473,240000.0,84.0,350.0
T014,G1-0482,G1-0481,240000.0,84.0,350.0
T014,G1-0490,G1-0489,240000.0,84.0,350.0
T014,G1-0498,G1-0497,240000.0,84.0,350.0
T014,G1-0506,G1-0505,240000.0,84.0,350.0
T014,G1-0514,G1-0513,240000.0,84.0,350.0
T014,G1-0522,G1-0521,240000.0,84.0,350.0
T014,G1-0530,G1-0529,240000.0,84.0,350.0
T014,G1-0538,G1-0537,240000.0,84.0,350.0
T014,G1-0546,G1-0545,240000.0,84.0,350.0
T014,G1-0554,G1-0553,240000.0,84.0,350.0
T014,G1-0562,G1-0561,240000.0,84.0,350.0
T014,G1-0570,G1-0569,240000.0,84.0,350.0
T014,G1-0578,G1-0577,240000.0,84.0,350.0
T014,G1-0586,G1-0585,240000.0,84.0,350.0
T014,G1-0594,G1-0593,240000.0,84.0,350.0
T014,G1-0602,G1-0601,240000.0,84.0,350.0
T014,G1-0610,G1-0609,240000.0,84.0,350.0
T014,G1-0618,G1-0617,240000.0,84.0,350.0
T014,G1-0626,G1-0625,240000.0,84.0,350.0
T014,G1-0634,G1-0633,240000.0,84.0,350.0
T014,G1-0642,G1-0641,240000.0,84.0,350.0
T014,G1-0650,G1-0649,240000.0,84.0,350.0
T014,G1-0658,G1-0657,240000.0,84.0,350.0
T014,G1-0666,G1-0665,240000.0,84.0,350.0
T014,G1-0674,G1-0673,240000.0,84.0,350.0
T014,G1-0682,G1-0681,240000.0,84.0,350.0
T014,G1-0690,G1-0689,240000.0,84.0,350.0
T014,G1-0698,G1-0697,240000.0,84.0,350.0
T014,G1-0706,G1-0705,240000.0,84.0,350.0
T014,G1-0714,G1-0713,240000.0,84.0,350.0
T014,G1-0722,G1-0721,240000.0,84.0,350.0
T014,G1-0730,G1-0729,240000.0,84.0,350.0
T014,G1-0738,G1-0737,240000.0,84.0,350.0
T014,G1-0746,G1-0745,240000.0,84.0,350.0
T014,G1-0754,G1-0753,240000.0,84.0,350.0
T014,G1-0762,G1-0761,240000.0,84.0,350.0
T014,G1-0770,G1-0769,240000.0,84.0,350.0
T014,G1-0778,G1-0777,240000.0,84.0,350.0
T014,G1-0786,G1-0785,240000.0,84.0,350.0
T014,G1-0794,G1-0793,240000.0,84.0,350.0
T015,G4-0356,G4-0355,480000.0,25.0,52.083333333333336
T015,G4-0360,G4-0359,480000.0,25.0,52.083333333333336
T015,G4-0364,G4-0363,480000.0,25.0,52.083333333333336
T015,G4-0368,G4-0367,480000.0,25.0,52.083333333333336
T015,G4-0372,G4-0371,480000.0,25.0,52.083333333333336
T015,G4-0376,G4-0375,480000.0,25.0,52.083333333333336
T015,G4-0380,G4-0379,480000.0,25.0,52.083333333333336
T015,G4-0384,G4-0383,480000.0,25.0,52.083333333333336
T015,G4-0388,G4-0387,480000.0,25.0,52.083333333333336
T015,G4-0392,G4-0391,480000.0,25.0,52.083333333333336
T015,G4-0396,G4-0395,480000.0,25.0,52.083333333333336
T015,G4-0400,G4-0399,480000.0,25.0,52.083333333333336
T015,G4-0355,G4-0354,480000.0,50.0,104.16666666666667
T015,G4-0359,G4-0358,480000.0,50.0,104.16666666666667
T015,G4-0363,G4-0362,480000.0,50.0,104.16666666666667
T015,G4-0367,G4-0366,480000.0,50.0,104.16666666666667
T015,G4-0371,G4-0370,480000.0,50.0,104.16666666666667
T015,G4-0375,G4-0374,480000.0,50.0,104.16666666666667
T015,G4-0379,G4-0378,480000.0,50.0,104.16666666666667
T015,G4-0383,G4-0382,480000.0,50.0,104.16666666666667
T015,G4-0387,G4-0386,480000.0,50.0,104.16666666666667
T015,G4-0391,G4-0390,480000.0,50.0,104.16666666666667
T015,G4-0395,G4-0394,480000.0,50.0,104.16666666666667
T015,G4-0399,G4-0398,480000.0,50.0,104.16666666666667
T015,G4-0354,G4-0353,480000.0,75.0,156.25
T015,G4-0358,G4-0357,480000.0,75.0,156.25
T015,G4-0362,G4-0361,480000.0,75.0,156.25
T015,G4-0366,G4-0365,480000.0,75.0,156.25
T015,G4-0370,G4-0369,480000.0,75.0,156.25
T015,G4-0374,G4-0373,480000.0,75.0,156.25
T015,G4-0378,G4-0377,480000.0,75.0,156.25
T015,G4-0382,G4-0381,480000.0,75.0,156.25
T015,G4-0386,G4-0385,480000.0,75.0,156.25
T015,G4-0390,G4-0389,480000.0,75.0,156.25
T015,G4-0394,G4-0393,480000.0,75.0,156.25
T015,G4-0398,G4-0397,480000.0,75.0,156.25
