vehicle_id,vehicle_type,item_count,G1,G2,G3,G4,G5,weight_kg,volume_mm3,volume_utilization,weight_utilization,cost_yuan,floor_load_kg
T001,V2,445,60,364,21,0,0,3947.0,23185000000.0,0.5566626650660265,0.3947,700,3947.0
T002,V2,121,84,0,37,0,0,1563.0,11228000000.0,0.26957983193277313,0.1563,700,1563.0
T003,V2,121,84,0,37,0,0,1563.0,11228000000.0,0.26957983193277313,0.1563,700,1563.0
T004,V2,501,500,0,1,0,0,6015.0,36140000000.0,0.8677070828331332,0.6015,700,6015.0
T005,V2,156,0,28,0,128,0,3424.0,31945000000.0,0.7669867947178871,0.3424,700,3424.0
T006,V2,144,0,0,0,128,16,3488.0,32256000000.0,0.774453781512605,0.3488,700,3488.0
T007,V2,288,40,0,0,64,184,5392.0,35904000000.0,0.8620408163265306,0.5392,700,5392.0
T008,V2,633,0,608,9,0,16,5287.0,29396000000.0,0.7057863145258103,0.5287,700,5287.0
T009,V2,85,0,0,37,0,48,1419.0,9788000000.0,0.2350060024009604,0.1419,700,1419.0
T010,V2,85,0,0,37,0,48,1419.0,9788000000.0,0.2350060024009604,0.1419,700,1419.0
T011,V2,85,0,0,37,0,48,1419.0,9788000000.0,0.2350060024009604,0.1419,700,1419.0
T012,V2,85,0,0,37,0,48,1419.0,9788000000.0,0.2350060024009604,0.1419,700,1419.0
T013,V2,128,32,0,16,80,0,2624.0,23744000000.0,0.5700840336134454,0.2624,700,2624.0
T014,V2,123,0,0,31,0,92,2121.0,13172000000.0,0.3162545018007203,0.2121,700,2121.0
