scenario,group,description,task,seed,N,n1,n2,C,Uv,Uw,volume_m3,weight_kg,max_pressure,path,feasible,optimality,source_task,selection_scope
base,baseline,"same fixed scenario comparison; alpha=.2 and three seeds, not selected search above",Q2-C,0,10,0,10,7000,0.6899159663865547,0.411,287.35,41100,384.0,sensitivity\base\Q2-C\shared_selected,True,"heuristic candidate, no global claim",Q2-N,"shared feasible pool of both objectives, six seed runs total"
vehicle_l_0.9,geometry,"both vehicle l lengths x0.9; scenario, cost unchanged",Q2-C,0,12,1,11,8150,0.6685689529933323,0.3543103448275862,287.35,41100,384.0,sensitivity\vehicle_l_0.9\Q2-C\shared_selected,True,"heuristic candidate, no global claim",Q2-N,"shared feasible pool of both objectives, six seed runs total"
vehicle_l_1.1,geometry,"both vehicle l lengths x1.1; scenario, cost unchanged",Q2-C,0,10,1,9,6750,0.6625862330560317,0.428125,287.35,41100,384.0,sensitivity\vehicle_l_1.1\Q2-C\shared_selected,True,"heuristic candidate, no global claim",Q2-N,"shared feasible pool of both objectives, six seed runs total"
vehicle_w_0.9,geometry,"both vehicle w lengths x0.9; scenario, cost unchanged",Q2-C,0,13,3,10,8350,0.6725715334303279,0.3483050847457627,287.35,41100,384.0,sensitivity\vehicle_w_0.9\Q2-C\shared_selected,True,"heuristic candidate, no global claim",Q2-C,"shared feasible pool of both objectives, six seed runs total"
vehicle_w_1.1,geometry,"both vehicle w lengths x1.1; scenario, cost unchanged",Q2-C,0,10,1,9,6750,0.6625862330560318,0.428125,287.35,41100,384.0,sensitivity\vehicle_w_1.1\Q2-C\shared_selected,True,"heuristic candidate, no global claim",Q2-N,"shared feasible pool of both objectives, six seed runs total"
vehicle_h_0.9,geometry,"both vehicle h lengths x0.9; scenario, cost unchanged",Q2-C,0,11,1,10,7450,0.7324497544821287,0.3877358490566038,287.35,41100,320.0,sensitivity\vehicle_h_0.9\Q2-C\shared_selected,True,"heuristic candidate, no global claim",Q2-N,"shared feasible pool of both objectives, six seed runs total"
vehicle_h_1.1,geometry,"both vehicle h lengths x1.1; scenario, cost unchanged",Q2-C,0,10,1,9,6750,0.6625862330560318,0.428125,287.35,41100,411.42857142857144,sensitivity\vehicle_h_1.1\Q2-C\shared_selected,True,"heuristic candidate, no global claim",Q2-N,"shared feasible pool of both objectives, six seed runs total"
gap_0,geometry,scenario safe gap cm,Q2-C,0,10,1,9,6750,0.728844856361635,0.428125,287.35,41100,411.42857142857144,sensitivity\gap_0\Q2-C\shared_selected,True,"heuristic candidate, no global claim",Q2-N,"shared feasible pool of both objectives, six seed runs total"
gap_6,geometry,scenario safe gap cm,Q2-C,0,10,0,10,7000,0.6899159663865547,0.411,287.35,41100,365.7142857142857,sensitivity\gap_6\Q2-C\shared_selected,True,"heuristic candidate, no global claim",Q2-N,"shared feasible pool of both objectives, six seed runs total"
gap_10,geometry,scenario safe gap cm,Q2-C,0,10,0,10,7000,0.6899159663865547,0.411,287.35,41100,365.7142857142857,sensitivity\gap_10\Q2-C\shared_selected,True,"heuristic candidate, no global claim",Q2-N,"shared feasible pool of both objectives, six seed runs total"
capacity_0.5,load,rated payload independently scaled,Q2-C,0,11,0,11,7700,0.627196333078686,0.7472727272727273,287.35,41100,384.0,sensitivity\capacity_0.5\Q2-C\shared_selected,True,"heuristic candidate, no global claim",Q2-N,"shared feasible pool of both objectives, six seed runs total"
capacity_1.5,load,rated payload independently scaled,Q2-C,0,10,0,10,7000,0.6899159663865547,0.274,287.35,41100,384.0,sensitivity\capacity_1.5\Q2-C\shared_selected,True,"heuristic candidate, no global claim",Q2-N,"shared feasible pool of both objectives, six seed runs total"
item_mass_0.8,load,"fixed geometry, independent mass scenario",Q2-C,0,10,0,10,7000,0.6899159663865547,0.3288,287.35,32880.0,307.2,sensitivity\item_mass_0.8\Q2-C\shared_selected,True,"heuristic candidate, no global claim",Q2-N,"shared feasible pool of both objectives, six seed runs total"
item_mass_1.2,load,"fixed geometry, independent mass scenario",Q2-C,0,10,0,10,7000,0.6899159663865547,0.4932,287.35,49320.0,460.8,sensitivity\item_mass_1.2\Q2-C\shared_selected,True,"heuristic candidate, no global claim",Q2-N,"shared feasible pool of both objectives, six seed runs total"
pressure_300,load,stack pressure threshold kg/m²; reoptimize,Q2-C,0,11,1,10,7450,0.6592047790339158,0.3877358490566038,287.35,41100,297.14285714285717,sensitivity\pressure_300\Q2-C\shared_selected,True,"heuristic candidate, no global claim",Q2-N,"shared feasible pool of both objectives, six seed runs total"
pressure_700,load,stack pressure threshold kg/m²; reoptimize,Q2-C,0,10,0,10,7000,0.6899159663865547,0.411,287.35,41100,384.0,sensitivity\pressure_700\Q2-C\shared_selected,True,"heuristic candidate, no global claim",Q2-N,"shared feasible pool of both objectives, six seed runs total"
cargo_dimension_0.9,cargo_geometry,"all box dimensions scaled, mass held independently",Q2-C,0,8,0,8,5600,0.6286859243697479,0.51375,209.47815,41100,474.074074074074,sensitivity\cargo_dimension_0.9\Q2-C\shared_selected,True,"heuristic candidate, no global claim",Q2-N,"shared feasible pool of both objectives, six seed runs total"
fixed_density_0.9,cargo_geometry,"all dimensions xfactor and mass xfactor³, constant density",Q2-C,0,8,0,8,5600,0.6286859243697479,0.37452375000000004,209.47815,29961.900000000005,370.2857142857144,sensitivity\fixed_density_0.9\Q2-C\shared_selected,True,"heuristic candidate, no global claim",Q2-N,"shared feasible pool of both objectives, six seed runs total"
cargo_dimension_1.1,cargo_geometry,"all box dimensions scaled, mass held independently",Q2-C,11,13,0,13,9100,0.7063678086619265,0.3161538461538462,382.46285000000006,41100,264.4628099173553,sensitivity\cargo_dimension_1.1\Q2-C\shared_selected,True,"heuristic candidate, no global claim",Q2-N,"shared feasible pool of both objectives, six seed runs total"
fixed_density_1.1,cargo_geometry,"all dimensions xfactor and mass xfactor³, constant density",Q2-C,11,13,0,13,9100,0.7063678086619265,0.4208007692307693,382.46285000000006,54704.10000000001,352.00000000000006,sensitivity\fixed_density_1.1\Q2-C\shared_selected,True,"heuristic candidate, no global claim",Q2-N,"shared feasible pool of both objectives, six seed runs total"
demand_0.5,demand,all counts scaled,Q2-C,0,5,0,5,3500,0.6899159663865547,0.411,143.675,20550,384.0,sensitivity\demand_0.5\Q2-C\shared_selected,True,"heuristic candidate, no global claim",Q2-N,"shared feasible pool of both objectives, six seed runs total"
demand_1.5,demand,all counts scaled,Q2-C,0,15,0,15,10500,0.6899159663865546,0.411,431.025,61650,384.0,sensitivity\demand_1.5\Q2-C\shared_selected,True,"heuristic candidate, no global claim",Q2-N,"shared feasible pool of both objectives, six seed runs total"
fragile_count_0.5,demand,fragile demand changes; other types fixed,Q2-C,0,8,0,8,5600,0.7993697478991597,0.485625,266.35,38850,384.0,sensitivity\fragile_count_0.5\Q2-C\shared_selected,True,"heuristic candidate, no global claim",Q2-N,"shared feasible pool of both objectives, six seed runs total"
fragile_count_1.5,demand,fragile demand changes; other types fixed,Q2-C,11,12,0,12,8400,0.6169467787114846,0.36125,308.34999999999997,43350,384.0,sensitivity\fragile_count_1.5\Q2-C\shared_selected,True,"heuristic candidate, no global claim",Q2-N,"shared feasible pool of both objectives, six seed runs total"
T2_cost_450,cost,T1 cost450 fixed; T2 cost scenario,Q2-C,0,10,0,10,4500,0.6899159663865547,0.411,287.35,41100,384.0,sensitivity\T2_cost_450\Q2-C\shared_selected,True,"heuristic candidate, no global claim",Q2-N,"shared feasible pool of both objectives, six seed runs total"
T2_cost_1000,cost,T1 cost450 fixed; T2 cost scenario,Q2-C,11,16,12,4,9400,0.7193677274639003,0.3669642857142857,287.35,41100,384.0,sensitivity\T2_cost_1000\Q2-C\shared_selected,True,"heuristic candidate, no global claim",Q2-C,"shared feasible pool of both objectives, six seed runs total"
fragile_upright,interpretation,G3 original height40; only floor legal with one-standard full support,Q2-C,0,15,1,14,10250,0.47692629426526634,0.2815068493150685,287.35,41100,384.0,sensitivity\fragile_upright\Q2-C\shared_selected,True,"heuristic candidate, no global claim",Q2-N,"shared feasible pool of both objectives, six seed runs total"
fragile_floor,interpretation,stricter no-elevation scenario,Q2-C,0,11,0,11,7700,0.627196333078686,0.37363636363636366,287.35,41100,384.0,sensitivity\fragile_floor\Q2-C\shared_selected,True,"heuristic candidate, no global claim",Q2-N,"shared feasible pool of both objectives, six seed runs total"
own_mass_pressure,interpretation,include parent own mass in each contact pressure,Q2-C,0,10,0,10,7000,0.6899159663865547,0.411,287.35,41100,450.0,sensitivity\own_mass_pressure\Q2-C\shared_selected,True,"heuristic candidate, no global claim",Q2-N,"shared feasible pool of both objectives, six seed runs total"
