truck_id,vehicle_type,item_id,cargo_type,x,y,z,l,w,h,orientation,support_ids,column_id
TR0001,T2,G2-0001,G2,0.0,0.0,0,25,50,35,HLW,FLOOR,0
TR0001,T2,G2-0002,G2,0.0,0.0,35,25,50,35,HLW,G2-0001,0
TR0001,T2,G2-0003,G2,0.0,0.0,70,25,50,35,HLW,G2-0002,0
TR0001,T2,G2-0004,G2,0.0,0.0,105,25,50,35,HLW,G2-0003,0
TR0001,T2,G2-0005,G2,0.0,0.0,140,25,50,35,HLW,G2-0004,0
TR0001,T2,G2-0006,G2,0.0,0.0,175,25,50,35,HLW,G2-0005,0
TR0001,T2,G2-0007,G2,0.0,0.0,210,25,50,35,HLW,G2-0006,0
TR0001,T2,G2-0008,G2,0.0,50.0,0,25,50,35,HLW,FLOOR,1
TR0001,T2,G2-0009,G2,0.0,50.0,35,25,50,35,HLW,G2-0008,1
TR0001,T2,G2-0010,G2,0.0,50.0,70,25,50,35,HLW,G2-0009,1
TR0001,T2,G2-0011,G2,0.0,50.0,105,25,50,35,HLW,G2-0010,1
TR0001,T2,G2-0012,G2,0.0,50.0,140,25,50,35,HLW,G2-0011,1
TR0001,T2,G2-0013,G2,0.0,50.0,175,25,50,35,HLW,G2-0012,1
TR0001,T2,G2-0014,G2,0.0,50.0,210,25,50,35,HLW,G2-0013,1
TR0001,T2,G2-0015,G2,0.0,100.0,0,25,50,35,HLW,FLOOR,2
TR0001,T2,G2-0016,G2,0.0,100.0,35,25,50,35,HLW,G2-0015,2
TR0001,T2,G2-0017,G2,0.0,100.0,70,25,50,35,HLW,G2-0016,2
TR0001,T2,G2-0018,G2,0.0,100.0,105,25,50,35,HLW,G2-0017,2
TR0001,T2,G2-0019,G2,0.0,100.0,140,25,50,35,HLW,G2-0018,2
TR0001,T2,G2-0020,G2,0.0,100.0,175,25,50,35,HLW,G2-0019,2
TR0001,T2,G2-0021,G2,0.0,100.0,210,25,50,35,HLW,G2-0020,2
TR0001,T2,G2-0022,G2,0.0,150.0,0,25,50,35,HLW,FLOOR,3
TR0001,T2,G2-0023,G2,0.0,150.0,35,25,50,35,HLW,G2-0022,3
TR0001,T2,G2-0024,G2,0.0,150.0,70,25,50,35,HLW,G2-0023,3
TR0001,T2,G2-0025,G2,0.0,150.0,105,25,50,35,HLW,G2-0024,3
TR0001,T2,G2-0026,G2,0.0,150.0,140,25,50,35,HLW,G2-0025,3
TR0001,T2,G2-0027,G2,0.0,150.0,175,25,50,35,HLW,G2-0026,3
TR0001,T2,G2-0028,G2,0.0,150.0,210,25,50,35,HLW,G2-0027,3
TR0001,T2,G5-0001,G5,0.0,200.0,0,40,40,60,LWH,FLOOR,4
TR0001,T2,G5-0002,G5,0.0,200.0,60,40,40,60,LWH,G5-0001,4
TR0001,T2,G5-0003,G5,0.0,200.0,120,40,40,60,LWH,G5-0002,4
TR0001,T2,G5-0004,G5,0.0,200.0,180,40,40,60,LWH,G5-0003,4
TR0001,T2,G2-0029,G2,25.0,0.0,0,25,50,35,HLW,FLOOR,5
TR0001,T2,G2-0030,G2,25.0,0.0,35,25,50,35,HLW,G2-0029,5
TR0001,T2,G2-0031,G2,25.0,0.0,70,25,50,35,HLW,G2-0030,5
TR0001,T2,G2-0032,G2,25.0,0.0,105,25,50,35,HLW,G2-0031,5
TR0001,T2,G2-0033,G2,25.0,0.0,140,25,50,35,HLW,G2-0032,5
TR0001,T2,G2-0034,G2,25.0,0.0,175,25,50,35,HLW,G2-0033,5
TR0001,T2,G2-0035,G2,25.0,0.0,210,25,50,35,HLW,G2-0034,5
TR0001,T2,G2-0036,G2,25.0,50.0,0,25,50,35,HLW,FLOOR,6
TR0001,T2,G2-0037,G2,25.0,50.0,35,25,50,35,HLW,G2-0036,6
TR0001,T2,G2-0038,G2,25.0,50.0,70,25,50,35,HLW,G2-0037,6
TR0001,T2,G2-0039,G2,25.0,50.0,105,25,50,35,HLW,G2-0038,6
TR0001,T2,G2-0040,G2,25.0,50.0,140,25,50,35,HLW,G2-0039,6
TR0001,T2,G2-0041,G2,25.0,50.0,175,25,50,35,HLW,G2-0040,6
TR0001,T2,G2-0042,G2,25.0,50.0,210,25,50,35,HLW,G2-0041,6
TR0001,T2,G2-0043,G2,25.0,100.0,0,25,50,35,HLW,FLOOR,7
TR0001,T2,G2-0044,G2,25.0,100.0,35,25,50,35,HLW,G2-0043,7
TR0001,T2,G2-0045,G2,25.0,100.0,70,25,50,35,HLW,G2-0044,7
TR0001,T2,G2-0046,G2,25.0,100.0,105,25,50,35,HLW,G2-0045,7
TR0001,T2,G2-0047,G2,25.0,100.0,140,25,50,35,HLW,G2-0046,7
TR0001,T2,G2-0048,G2,25.0,100.0,175,25,50,35,HLW,G2-0047,7
TR0001,T2,G2-0049,G2,25.0,100.0,210,25,50,35,HLW,G2-0048,7
TR0001,T2,G2-0050,G2,25.0,150.0,0,25,50,35,HLW,FLOOR,8
TR0001,T2,G2-0051,G2,25.0,150.0,35,25,50,35,HLW,G2-0050,8
TR0001,T2,G2-0052,G2,25.0,150.0,70,25,50,35,HLW,G2-0051,8
TR0001,T2,G2-0053,G2,25.0,150.0,105,25,50,35,HLW,G2-0052,8
TR0001,T2,G2-0054,G2,25.0,150.0,140,25,50,35,HLW,G2-0053,8
TR0001,T2,G2-0055,G2,25.0,150.0,175,25,50,35,HLW,G2-0054,8
TR0001,T2,G2-0056,G2,25.0,150.0,210,25,50,35,HLW,G2-0055,8
TR0001,T2,G5-0005,G5,40.0,200.0,0,40,40,60,LWH,FLOOR,9
TR0001,T2,G5-0006,G5,40.0,200.0,60,40,40,60,LWH,G5-0005,9
TR0001,T2,G5-0007,G5,40.0,200.0,120,40,40,60,LWH,G5-0006,9
TR0001,T2,G5-0008,G5,40.0,200.0,180,40,40,60,LWH,G5-0007,9
TR0001,T2,G2-0057,G2,50.0,0.0,0,25,50,35,HLW,FLOOR,10
TR0001,T2,G2-0058,G2,50.0,0.0,35,25,50,35,HLW,G2-0057,10
TR0001,T2,G2-0059,G2,50.0,0.0,70,25,50,35,HLW,G2-0058,10
TR0001,T2,G2-0060,G2,50.0,0.0,105,25,50,35,HLW,G2-0059,10
TR0001,T2,G2-0061,G2,50.0,0.0,140,25,50,35,HLW,G2-0060,10
TR0001,T2,G2-0062,G2,50.0,0.0,175,25,50,35,HLW,G2-0061,10
TR0001,T2,G2-0063,G2,50.0,0.0,210,25,50,35,HLW,G2-0062,10
TR0001,T2,G2-0064,G2,50.0,50.0,0,25,50,35,HLW,FLOOR,11
TR0001,T2,G2-0065,G2,50.0,50.0,35,25,50,35,HLW,G2-0064,11
TR0001,T2,G2-0066,G2,50.0,50.0,70,25,50,35,HLW,G2-0065,11
TR0001,T2,G2-0067,G2,50.0,50.0,105,25,50,35,HLW,G2-0066,11
TR0001,T2,G2-0068,G2,50.0,50.0,140,25,50,35,HLW,G2-0067,11
TR0001,T2,G2-0069,G2,50.0,50.0,175,25,50,35,HLW,G2-0068,11
TR0001,T2,G2-0070,G2,50.0,50.0,210,25,50,35,HLW,G2-0069,11
TR0001,T2,G2-0071,G2,50.0,100.0,0,25,50,35,HLW,FLOOR,12
TR0001,T2,G2-0072,G2,50.0,100.0,35,25,50,35,HLW,G2-0071,12
TR0001,T2,G2-0073,G2,50.0,100.0,70,25,50,35,HLW,G2-0072,12
TR0001,T2,G2-0074,G2,50.0,100.0,105,25,50,35,HLW,G2-0073,12
TR0001,T2,G2-0075,G2,50.0,100.0,140,25,50,35,HLW,G2-0074,12
TR0001,T2,G2-0076,G2,50.0,100.0,175,25,50,35,HLW,G2-0075,12
TR0001,T2,G2-0077,G2,50.0,100.0,210,25,50,35,HLW,G2-0076,12
TR0001,T2,G2-0078,G2,50.0,150.0,0,25,50,35,HLW,FLOOR,13
TR0001,T2,G2-0079,G2,50.0,150.0,35,25,50,35,HLW,G2-0078,13
TR0001,T2,G2-0080,G2,50.0,150.0,70,25,50,35,HLW,G2-0079,13
TR0001,T2,G2-0081,G2,50.0,150.0,105,25,50,35,HLW,G2-0080,13
TR0001,T2,G2-0082,G2,50.0,150.0,140,25,50,35,HLW,G2-0081,13
TR0001,T2,G2-0083,G2,50.0,150.0,175,25,50,35,HLW,G2-0082,13
TR0001,T2,G2-0084,G2,50.0,150.0,210,25,50,35,HLW,G2-0083,13
TR0001,T2,G2-0085,G2,75.0,0.0,0,25,50,35,HLW,FLOOR,14
TR0001,T2,G2-0086,G2,75.0,0.0,35,25,50,35,HLW,G2-0085,14
TR0001,T2,G2-0087,G2,75.0,0.0,70,25,50,35,HLW,G2-0086,14
TR0001,T2,G2-0088,G2,75.0,0.0,105,25,50,35,HLW,G2-0087,14
TR0001,T2,G2-0089,G2,75.0,0.0,140,25,50,35,HLW,G2-0088,14
TR0001,T2,G2-0090,G2,75.0,0.0,175,25,50,35,HLW,G2-0089,14
TR0001,T2,G2-0091,G2,75.0,0.0,210,25,50,35,HLW,G2-0090,14
TR0001,T2,G2-0092,G2,75.0,50.0,0,25,50,35,HLW,FLOOR,15
TR0001,T2,G2-0093,G2,75.0,50.0,35,25,50,35,HLW,G2-0092,15
TR0001,T2,G2-0094,G2,75.0,50.0,70,25,50,35,HLW,G2-0093,15
TR0001,T2,G2-0095,G2,75.0,50.0,105,25,50,35,HLW,G2-0094,15
TR0001,T2,G2-0096,G2,75.0,50.0,140,25,50,35,HLW,G2-0095,15
TR0001,T2,G2-0097,G2,75.0,50.0,175,25,50,35,HLW,G2-0096,15
TR0001,T2,G2-0098,G2,75.0,50.0,210,25,50,35,HLW,G2-0097,15
TR0001,T2,G2-0099,G2,75.0,100.0,0,25,50,35,HLW,FLOOR,16
TR0001,T2,G2-0100,G2,75.0,100.0,35,25,50,35,HLW,G2-0099,16
TR0001,T2,G2-0101,G2,75.0,100.0,70,25,50,35,HLW,G2-0100,16
TR0001,T2,G2-0102,G2,75.0,100.0,105,25,50,35,HLW,G2-0101,16
TR0001,T2,G2-0103,G2,75.0,100.0,140,25,50,35,HLW,G2-0102,16
TR0001,T2,G2-0104,G2,75.0,100.0,175,25,50,35,HLW,G2-0103,16
TR0001,T2,G2-0105,G2,75.0,100.0,210,25,50,35,HLW,G2-0104,16
TR0001,T2,G2-0106,G2,75.0,150.0,0,25,50,35,HLW,FLOOR,17
TR0001,T2,G2-0107,G2,75.0,150.0,35,25,50,35,HLW,G2-0106,17
TR0001,T2,G2-0108,G2,75.0,150.0,70,25,50,35,HLW,G2-0107,17
TR0001,T2,G2-0109,G2,75.0,150.0,105,25,50,35,HLW,G2-0108,17
TR0001,T2,G2-0110,G2,75.0,150.0,140,25,50,35,HLW,G2-0109,17
TR0001,T2,G2-0111,G2,75.0,150.0,175,25,50,35,HLW,G2-0110,17
TR0001,T2,G2-0112,G2,75.0,150.0,210,25,50,35,HLW,G2-0111,17
TR0001,T2,G5-0009,G5,80.0,200.0,0,40,40,60,LWH,FLOOR,18
TR0001,T2,G5-0010,G5,80.0,200.0,60,40,40,60,LWH,G5-0009,18
TR0001,T2,G5-0011,G5,80.0,200.0,120,40,40,60,LWH,G5-0010,18
TR0001,T2,G5-0012,G5,80.0,200.0,180,40,40,60,LWH,G5-0011,18
TR0001,T2,G2-0113,G2,100.0,0.0,0,25,50,35,HLW,FLOOR,19
TR0001,T2,G2-0114,G2,100.0,0.0,35,25,50,35,HLW,G2-0113,19
TR0001,T2,G2-0115,G2,100.0,0.0,70,25,50,35,HLW,G2-0114,19
TR0001,T2,G2-0116,G2,100.0,0.0,105,25,50,35,HLW,G2-0115,19
TR0001,T2,G2-0117,G2,100.0,0.0,140,25,50,35,HLW,G2-0116,19
TR0001,T2,G2-0118,G2,100.0,0.0,175,25,50,35,HLW,G2-0117,19
TR0001,T2,G2-0119,G2,100.0,0.0,210,25,50,35,HLW,G2-0118,19
TR0001,T2,G2-0120,G2,100.0,50.0,0,25,50,35,HLW,FLOOR,20
TR0001,T2,G2-0121,G2,100.0,50.0,35,25,50,35,HLW,G2-0120,20
TR0001,T2,G2-0122,G2,100.0,50.0,70,25,50,35,HLW,G2-0121,20
TR0001,T2,G2-0123,G2,100.0,50.0,105,25,50,35,HLW,G2-0122,20
TR0001,T2,G2-0124,G2,100.0,50.0,140,25,50,35,HLW,G2-0123,20
TR0001,T2,G2-0125,G2,100.0,50.0,175,25,50,35,HLW,G2-0124,20
TR0001,T2,G2-0126,G2,100.0,50.0,210,25,50,35,HLW,G2-0125,20
TR0001,T2,G2-0127,G2,100.0,100.0,0,25,50,35,HLW,FLOOR,21
TR0001,T2,G2-0128,G2,100.0,100.0,35,25,50,35,HLW,G2-0127,21
TR0001,T2,G2-0129,G2,100.0,100.0,70,25,50,35,HLW,G2-0128,21
TR0001,T2,G2-0130,G2,100.0,100.0,105,25,50,35,HLW,G2-0129,21
TR0001,T2,G2-0131,G2,100.0,100.0,140,25,50,35,HLW,G2-0130,21
TR0001,T2,G2-0132,G2,100.0,100.0,175,25,50,35,HLW,G2-0131,21
TR0001,T2,G2-0133,G2,100.0,100.0,210,25,50,35,HLW,G2-0132,21
TR0001,T2,G2-0134,G2,100.0,150.0,0,25,50,35,HLW,FLOOR,22
TR0001,T2,G2-0135,G2,100.0,150.0,35,25,50,35,HLW,G2-0134,22
TR0001,T2,G2-0136,G2,100.0,150.0,70,25,50,35,HLW,G2-0135,22
TR0001,T2,G2-0137,G2,100.0,150.0,105,25,50,35,HLW,G2-0136,22
TR0001,T2,G2-0138,G2,100.0,150.0,140,25,50,35,HLW,G2-0137,22
TR0001,T2,G2-0139,G2,100.0,150.0,175,25,50,35,HLW,G2-0138,22
TR0001,T2,G2-0140,G2,100.0,150.0,210,25,50,35,HLW,G2-0139,22
TR0001,T2,G5-0013,G5,120.0,200.0,0,40,40,60,LWH,FLOOR,23
TR0001,T2,G5-0014,G5,120.0,200.0,60,40,40,60,LWH,G5-0013,23
TR0001,T2,G5-0015,G5,120.0,200.0,120,40,40,60,LWH,G5-0014,23
TR0001,T2,G5-0016,G5,120.0,200.0,180,40,40,60,LWH,G5-0015,23
TR0001,T2,G2-0141,G2,125.0,0.0,0,25,50,35,HLW,FLOOR,24
TR0001,T2,G2-0142,G2,125.0,0.0,35,25,50,35,HLW,G2-0141,24
TR0001,T2,G2-0143,G2,125.0,0.0,70,25,50,35,HLW,G2-0142,24
TR0001,T2,G2-0144,G2,125.0,0.0,105,25,50,35,HLW,G2-0143,24
TR0001,T2,G2-0145,G2,125.0,0.0,140,25,50,35,HLW,G2-0144,24
TR0001,T2,G2-0146,G2,125.0,0.0,175,25,50,35,HLW,G2-0145,24
TR0001,T2,G2-0147,G2,125.0,0.0,210,25,50,35,HLW,G2-0146,24
TR0001,T2,G2-0148,G2,125.0,50.0,0,25,50,35,HLW,FLOOR,25
TR0001,T2,G2-0149,G2,125.0,50.0,35,25,50,35,HLW,G2-0148,25
TR0001,T2,G2-0150,G2,125.0,50.0,70,25,50,35,HLW,G2-0149,25
TR0001,T2,G2-0151,G2,125.0,50.0,105,25,50,35,HLW,G2-0150,25
TR0001,T2,G2-0152,G2,125.0,50.0,140,25,50,35,HLW,G2-0151,25
TR0001,T2,G2-0153,G2,125.0,50.0,175,25,50,35,HLW,G2-0152,25
TR0001,T2,G2-0154,G2,125.0,50.0,210,25,50,35,HLW,G2-0153,25
TR0001,T2,G2-0155,G2,125.0,100.0,0,25,50,35,HLW,FLOOR,26
TR0001,T2,G2-0156,G2,125.0,100.0,35,25,50,35,HLW,G2-0155,26
TR0001,T2,G2-0157,G2,125.0,100.0,70,25,50,35,HLW,G2-0156,26
TR0001,T2,G2-0158,G2,125.0,100.0,105,25,50,35,HLW,G2-0157,26
TR0001,T2,G2-0159,G2,125.0,100.0,140,25,50,35,HLW,G2-0158,26
TR0001,T2,G2-0160,G2,125.0,100.0,175,25,50,35,HLW,G2-0159,26
TR0001,T2,G2-0161,G2,125.0,100.0,210,25,50,35,HLW,G2-0160,26
TR0001,T2,G2-0162,G2,125.0,150.0,0,25,50,35,HLW,FLOOR,27
TR0001,T2,G2-0163,G2,125.0,150.0,35,25,50,35,HLW,G2-0162,27
TR0001,T2,G2-0164,G2,125.0,150.0,70,25,50,35,HLW,G2-0163,27
TR0001,T2,G2-0165,G2,125.0,150.0,105,25,50,35,HLW,G2-0164,27
TR0001,T2,G2-0166,G2,125.0,150.0,140,25,50,35,HLW,G2-0165,27
TR0001,T2,G2-0167,G2,125.0,150.0,175,25,50,35,HLW,G2-0166,27
TR0001,T2,G2-0168,G2,125.0,150.0,210,25,50,35,HLW,G2-0167,27
TR0001,T2,G2-0169,G2,150.0,0.0,0,25,50,35,HLW,FLOOR,28
TR0001,T2,G2-0170,G2,150.0,0.0,35,25,50,35,HLW,G2-0169,28
TR0001,T2,G2-0171,G2,150.0,0.0,70,25,50,35,HLW,G2-0170,28
TR0001,T2,G2-0172,G2,150.0,0.0,105,25,50,35,HLW,G2-0171,28
TR0001,T2,G2-0173,G2,150.0,0.0,140,25,50,35,HLW,G2-0172,28
TR0001,T2,G2-0174,G2,150.0,0.0,175,25,50,35,HLW,G2-0173,28
TR0001,T2,G2-0175,G2,150.0,0.0,210,25,50,35,HLW,G2-0174,28
TR0001,T2,G2-0176,G2,150.0,50.0,0,25,50,35,HLW,FLOOR,29
TR0001,T2,G2-0177,G2,150.0,50.0,35,25,50,35,HLW,G2-0176,29
TR0001,T2,G2-0178,G2,150.0,50.0,70,25,50,35,HLW,G2-0177,29
TR0001,T2,G2-0179,G2,150.0,50.0,105,25,50,35,HLW,G2-0178,29
TR0001,T2,G2-0180,G2,150.0,50.0,140,25,50,35,HLW,G2-0179,29
TR0001,T2,G2-0181,G2,150.0,50.0,175,25,50,35,HLW,G2-0180,29
TR0001,T2,G2-0182,G2,150.0,50.0,210,25,50,35,HLW,G2-0181,29
TR0001,T2,G2-0183,G2,150.0,100.0,0,25,50,35,HLW,FLOOR,30
TR0001,T2,G2-0184,G2,150.0,100.0,35,25,50,35,HLW,G2-0183,30
TR0001,T2,G2-0185,G2,150.0,100.0,70,25,50,35,HLW,G2-0184,30
TR0001,T2,G2-0186,G2,150.0,100.0,105,25,50,35,HLW,G2-0185,30
TR0001,T2,G2-0187,G2,150.0,100.0,140,25,50,35,HLW,G2-0186,30
TR0001,T2,G2-0188,G2,150.0,100.0,175,25,50,35,HLW,G2-0187,30
TR0001,T2,G2-0189,G2,150.0,100.0,210,25,50,35,HLW,G2-0188,30
TR0001,T2,G2-0190,G2,150.0,150.0,0,25,50,35,HLW,FLOOR,31
TR0001,T2,G2-0191,G2,150.0,150.0,35,25,50,35,HLW,G2-0190,31
TR0001,T2,G2-0192,G2,150.0,150.0,70,25,50,35,HLW,G2-0191,31
TR0001,T2,G2-0193,G2,150.0,150.0,105,25,50,35,HLW,G2-0192,31
TR0001,T2,G2-0194,G2,150.0,150.0,140,25,50,35,HLW,G2-0193,31
TR0001,T2,G2-0195,G2,150.0,150.0,175,25,50,35,HLW,G2-0194,31
TR0001,T2,G2-0196,G2,150.0,150.0,210,25,50,35,HLW,G2-0195,31
TR0001,T2,G5-0017,G5,160.0,200.0,0,40,40,60,LWH,FLOOR,32
TR0001,T2,G5-0018,G5,160.0,200.0,60,40,40,60,LWH,G5-0017,32
TR0001,T2,G5-0019,G5,160.0,200.0,120,40,40,60,LWH,G5-0018,32
TR0001,T2,G5-0020,G5,160.0,200.0,180,40,40,60,LWH,G5-0019,32
TR0001,T2,G2-0197,G2,175.0,0.0,0,25,50,35,HLW,FLOOR,33
TR0001,T2,G2-0198,G2,175.0,0.0,35,25,50,35,HLW,G2-0197,33
TR0001,T2,G2-0199,G2,175.0,0.0,70,25,50,35,HLW,G2-0198,33
TR0001,T2,G2-0200,G2,175.0,0.0,105,25,50,35,HLW,G2-0199,33
TR0001,T2,G2-0201,G2,175.0,0.0,140,25,50,35,HLW,G2-0200,33
TR0001,T2,G2-0202,G2,175.0,0.0,175,25,50,35,HLW,G2-0201,33
TR0001,T2,G2-0203,G2,175.0,0.0,210,25,50,35,HLW,G2-0202,33
TR0001,T2,G2-0204,G2,175.0,50.0,0,25,50,35,HLW,FLOOR,34
TR0001,T2,G2-0205,G2,175.0,50.0,35,25,50,35,HLW,G2-0204,34
TR0001,T2,G2-0206,G2,175.0,50.0,70,25,50,35,HLW,G2-0205,34
TR0001,T2,G2-0207,G2,175.0,50.0,105,25,50,35,HLW,G2-0206,34
TR0001,T2,G2-0208,G2,175.0,50.0,140,25,50,35,HLW,G2-0207,34
TR0001,T2,G2-0209,G2,175.0,50.0,175,25,50,35,HLW,G2-0208,34
TR0001,T2,G2-0210,G2,175.0,50.0,210,25,50,35,HLW,G2-0209,34
TR0001,T2,G2-0211,G2,175.0,100.0,0,25,50,35,HLW,FLOOR,35
TR0001,T2,G2-0212,G2,175.0,100.0,35,25,50,35,HLW,G2-0211,35
TR0001,T2,G2-0213,G2,175.0,100.0,70,25,50,35,HLW,G2-0212,35
TR0001,T2,G2-0214,G2,175.0,100.0,105,25,50,35,HLW,G2-0213,35
TR0001,T2,G2-0215,G2,175.0,100.0,140,25,50,35,HLW,G2-0214,35
TR0001,T2,G2-0216,G2,175.0,100.0,175,25,50,35,HLW,G2-0215,35
TR0001,T2,G2-0217,G2,175.0,100.0,210,25,50,35,HLW,G2-0216,35
TR0001,T2,G2-0218,G2,175.0,150.0,0,25,50,35,HLW,FLOOR,36
TR0001,T2,G2-0219,G2,175.0,150.0,35,25,50,35,HLW,G2-0218,36
TR0001,T2,G2-0220,G2,175.0,150.0,70,25,50,35,HLW,G2-0219,36
TR0001,T2,G2-0221,G2,175.0,150.0,105,25,50,35,HLW,G2-0220,36
TR0001,T2,G2-0222,G2,175.0,150.0,140,25,50,35,HLW,G2-0221,36
TR0001,T2,G2-0223,G2,175.0,150.0,175,25,50,35,HLW,G2-0222,36
TR0001,T2,G2-0224,G2,175.0,150.0,210,25,50,35,HLW,G2-0223,36
TR0001,T2,G2-0225,G2,200.0,0.0,0,25,50,35,HLW,FLOOR,37
TR0001,T2,G2-0226,G2,200.0,0.0,35,25,50,35,HLW,G2-0225,37
TR0001,T2,G2-0227,G2,200.0,0.0,70,25,50,35,HLW,G2-0226,37
TR0001,T2,G2-0228,G2,200.0,0.0,105,25,50,35,HLW,G2-0227,37
TR0001,T2,G2-0229,G2,200.0,0.0,140,25,50,35,HLW,G2-0228,37
TR0001,T2,G2-0230,G2,200.0,0.0,175,25,50,35,HLW,G2-0229,37
TR0001,T2,G2-0231,G2,200.0,0.0,210,25,50,35,HLW,G2-0230,37
TR0001,T2,G2-0232,G2,200.0,50.0,0,25,50,35,HLW,FLOOR,38
TR0001,T2,G2-0233,G2,200.0,50.0,35,25,50,35,HLW,G2-0232,38
TR0001,T2,G2-0234,G2,200.0,50.0,70,25,50,35,HLW,G2-0233,38
TR0001,T2,G2-0235,G2,200.0,50.0,105,25,50,35,HLW,G2-0234,38
TR0001,T2,G2-0236,G2,200.0,50.0,140,25,50,35,HLW,G2-0235,38
TR0001,T2,G2-0237,G2,200.0,50.0,175,25,50,35,HLW,G2-0236,38
TR0001,T2,G2-0238,G2,200.0,50.0,210,25,50,35,HLW,G2-0237,38
TR0001,T2,G2-0239,G2,200.0,100.0,0,25,50,35,HLW,FLOOR,39
TR0001,T2,G2-0240,G2,200.0,100.0,35,25,50,35,HLW,G2-0239,39
TR0001,T2,G2-0241,G2,200.0,100.0,70,25,50,35,HLW,G2-0240,39
TR0001,T2,G2-0242,G2,200.0,100.0,105,25,50,35,HLW,G2-0241,39
TR0001,T2,G2-0243,G2,200.0,100.0,140,25,50,35,HLW,G2-0242,39
TR0001,T2,G2-0244,G2,200.0,100.0,175,25,50,35,HLW,G2-0243,39
TR0001,T2,G2-0245,G2,200.0,100.0,210,25,50,35,HLW,G2-0244,39
TR0001,T2,G5-0021,G5,200.0,150.0,0,40,40,60,LWH,FLOOR,40
TR0001,T2,G5-0022,G5,200.0,150.0,60,40,40,60,LWH,G5-0021,40
TR0001,T2,G5-0023,G5,200.0,150.0,120,40,40,60,LWH,G5-0022,40
TR0001,T2,G5-0024,G5,200.0,150.0,180,40,40,60,LWH,G5-0023,40
TR0001,T2,G5-0025,G5,200.0,190.0,0,40,40,60,LWH,FLOOR,41
TR0001,T2,G5-0026,G5,200.0,190.0,60,40,40,60,LWH,G5-0025,41
TR0001,T2,G5-0027,G5,200.0,190.0,120,40,40,60,LWH,G5-0026,41
TR0001,T2,G5-0028,G5,200.0,190.0,180,40,40,60,LWH,G5-0027,41
TR0001,T2,G5-0029,G5,225.0,0.0,0,40,40,60,LWH,FLOOR,42
TR0001,T2,G5-0030,G5,225.0,0.0,60,40,40,60,LWH,G5-0029,42
TR0001,T2,G5-0031,G5,225.0,0.0,120,40,40,60,LWH,G5-0030,42
TR0001,T2,G5-0032,G5,225.0,0.0,180,40,40,60,LWH,G5-0031,42
TR0001,T2,G5-0033,G5,225.0,40.0,0,40,40,60,LWH,FLOOR,43
TR0001,T2,G5-0034,G5,225.0,40.0,60,40,40,60,LWH,G5-0033,43
TR0001,T2,G5-0035,G5,225.0,40.0,120,40,40,60,LWH,G5-0034,43
TR0001,T2,G5-0036,G5,225.0,40.0,180,40,40,60,LWH,G5-0035,43
TR0001,T2,G5-0037,G5,225.0,80.0,0,40,40,60,LWH,FLOOR,44
TR0001,T2,G5-0038,G5,225.0,80.0,60,40,40,60,LWH,G5-0037,44
TR0001,T2,G5-0039,G5,225.0,80.0,120,40,40,60,LWH,G5-0038,44
TR0001,T2,G5-0040,G5,225.0,80.0,180,40,40,60,LWH,G5-0039,44
TR0001,T2,G5-0041,G5,240.0,120.0,0,40,40,60,LWH,FLOOR,45
TR0001,T2,G5-0042,G5,240.0,120.0,60,40,40,60,LWH,G5-0041,45
TR0001,T2,G5-0043,G5,240.0,120.0,120,40,40,60,LWH,G5-0042,45
TR0001,T2,G5-0044,G5,240.0,120.0,180,40,40,60,LWH,G5-0043,45
TR0001,T2,G5-0045,G5,240.0,160.0,0,40,40,60,LWH,FLOOR,46
TR0001,T2,G5-0046,G5,240.0,160.0,60,40,40,60,LWH,G5-0045,46
TR0001,T2,G5-0047,G5,240.0,160.0,120,40,40,60,LWH,G5-0046,46
TR0001,T2,G5-0048,G5,240.0,160.0,180,40,40,60,LWH,G5-0047,46
TR0001,T2,G5-0049,G5,240.0,200.0,0,40,40,60,LWH,FLOOR,47
TR0001,T2,G5-0050,G5,240.0,200.0,60,40,40,60,LWH,G5-0049,47
TR0001,T2,G5-0051,G5,240.0,200.0,120,40,40,60,LWH,G5-0050,47
TR0001,T2,G5-0052,G5,240.0,200.0,180,40,40,60,LWH,G5-0051,47
TR0001,T2,G5-0053,G5,265.0,0.0,0,40,40,60,LWH,FLOOR,48
TR0001,T2,G5-0054,G5,265.0,0.0,60,40,40,60,LWH,G5-0053,48
TR0001,T2,G5-0055,G5,265.0,0.0,120,40,40,60,LWH,G5-0054,48
TR0001,T2,G5-0056,G5,265.0,0.0,180,40,40,60,LWH,G5-0055,48
TR0001,T2,G5-0057,G5,265.0,40.0,0,40,40,60,LWH,FLOOR,49
TR0001,T2,G5-0058,G5,265.0,40.0,60,40,40,60,LWH,G5-0057,49
TR0001,T2,G5-0059,G5,265.0,40.0,120,40,40,60,LWH,G5-0058,49
TR0001,T2,G5-0060,G5,265.0,40.0,180,40,40,60,LWH,G5-0059,49
TR0001,T2,G5-0061,G5,265.0,80.0,0,40,40,60,LWH,FLOOR,50
TR0001,T2,G5-0062,G5,265.0,80.0,60,40,40,60,LWH,G5-0061,50
TR0001,T2,G5-0063,G5,265.0,80.0,120,40,40,60,LWH,G5-0062,50
TR0001,T2,G5-0064,G5,265.0,80.0,180,40,40,60,LWH,G5-0063,50
TR0001,T2,G5-0065,G5,280.0,120.0,0,40,40,60,LWH,FLOOR,51
TR0001,T2,G5-0066,G5,280.0,120.0,60,40,40,60,LWH,G5-0065,51
TR0001,T2,G5-0067,G5,280.0,120.0,120,40,40,60,LWH,G5-0066,51
TR0001,T2,G5-0068,G5,280.0,120.0,180,40,40,60,LWH,G5-0067,51
TR0001,T2,G5-0069,G5,280.0,160.0,0,40,40,60,LWH,FLOOR,52
TR0001,T2,G5-0070,G5,280.0,160.0,60,40,40,60,LWH,G5-0069,52
TR0001,T2,G5-0071,G5,280.0,160.0,120,40,40,60,LWH,G5-0070,52
TR0001,T2,G5-0072,G5,280.0,160.0,180,40,40,60,LWH,G5-0071,52
TR0001,T2,G5-0073,G5,280.0,200.0,0,40,40,60,LWH,FLOOR,53
TR0001,T2,G5-0074,G5,280.0,200.0,60,40,40,60,LWH,G5-0073,53
TR0001,T2,G5-0075,G5,280.0,200.0,120,40,40,60,LWH,G5-0074,53
TR0001,T2,G5-0076,G5,280.0,200.0,180,40,40,60,LWH,G5-0075,53
TR0001,T2,G5-0077,G5,305.0,0.0,0,40,40,60,LWH,FLOOR,54
TR0001,T2,G5-0078,G5,305.0,0.0,60,40,40,60,LWH,G5-0077,54
TR0001,T2,G5-0079,G5,305.0,0.0,120,40,40,60,LWH,G5-0078,54
TR0001,T2,G5-0080,G5,305.0,0.0,180,40,40,60,LWH,G5-0079,54
TR0001,T2,G5-0081,G5,305.0,40.0,0,40,40,60,LWH,FLOOR,55
TR0001,T2,G5-0082,G5,305.0,40.0,60,40,40,60,LWH,G5-0081,55
TR0001,T2,G5-0083,G5,305.0,40.0,120,40,40,60,LWH,G5-0082,55
TR0001,T2,G5-0084,G5,305.0,40.0,180,40,40,60,LWH,G5-0083,55
TR0001,T2,G5-0085,G5,305.0,80.0,0,40,40,60,LWH,FLOOR,56
TR0001,T2,G5-0086,G5,305.0,80.0,60,40,40,60,LWH,G5-0085,56
TR0001,T2,G5-0087,G5,305.0,80.0,120,40,40,60,LWH,G5-0086,56
TR0001,T2,G5-0088,G5,305.0,80.0,180,40,40,60,LWH,G5-0087,56
TR0001,T2,G5-0089,G5,320.0,120.0,0,40,40,60,LWH,FLOOR,57
TR0001,T2,G5-0090,G5,320.0,120.0,60,40,40,60,LWH,G5-0089,57
TR0001,T2,G5-0091,G5,320.0,120.0,120,40,40,60,LWH,G5-0090,57
TR0001,T2,G5-0092,G5,320.0,120.0,180,40,40,60,LWH,G5-0091,57
TR0001,T2,G5-0093,G5,320.0,160.0,0,40,40,60,LWH,FLOOR,58
TR0001,T2,G5-0094,G5,320.0,160.0,60,40,40,60,LWH,G5-0093,58
TR0001,T2,G5-0095,G5,320.0,160.0,120,40,40,60,LWH,G5-0094,58
TR0001,T2,G5-0096,G5,320.0,160.0,180,40,40,60,LWH,G5-0095,58
TR0001,T2,G5-0097,G5,320.0,200.0,0,40,40,60,LWH,FLOOR,59
TR0001,T2,G5-0098,G5,320.0,200.0,60,40,40,60,LWH,G5-0097,59
TR0001,T2,G5-0099,G5,320.0,200.0,120,40,40,60,LWH,G5-0098,59
TR0001,T2,G5-0100,G5,320.0,200.0,180,40,40,60,LWH,G5-0099,59
TR0001,T2,G5-0101,G5,345.0,0.0,0,40,40,60,LWH,FLOOR,60
TR0001,T2,G5-0102,G5,345.0,0.0,60,40,40,60,LWH,G5-0101,60
TR0001,T2,G5-0103,G5,345.0,0.0,120,40,40,60,LWH,G5-0102,60
TR0001,T2,G5-0104,G5,345.0,0.0,180,40,40,60,LWH,G5-0103,60
TR0001,T2,G5-0105,G5,345.0,40.0,0,40,40,60,LWH,FLOOR,61
TR0001,T2,G5-0106,G5,345.0,40.0,60,40,40,60,LWH,G5-0105,61
TR0001,T2,G5-0107,G5,345.0,40.0,120,40,40,60,LWH,G5-0106,61
TR0001,T2,G5-0108,G5,345.0,40.0,180,40,40,60,LWH,G5-0107,61
TR0001,T2,G5-0109,G5,345.0,80.0,0,40,40,60,LWH,FLOOR,62
TR0001,T2,G5-0110,G5,345.0,80.0,60,40,40,60,LWH,G5-0109,62
TR0001,T2,G5-0111,G5,345.0,80.0,120,40,40,60,LWH,G5-0110,62
TR0001,T2,G5-0112,G5,345.0,80.0,180,40,40,60,LWH,G5-0111,62
TR0001,T2,G5-0113,G5,360.0,120.0,0,40,40,60,LWH,FLOOR,63
TR0001,T2,G5-0114,G5,360.0,120.0,60,40,40,60,LWH,G5-0113,63
TR0001,T2,G5-0115,G5,360.0,120.0,120,40,40,60,LWH,G5-0114,63
TR0001,T2,G5-0116,G5,360.0,120.0,180,40,40,60,LWH,G5-0115,63
TR0001,T2,G5-0117,G5,360.0,160.0,0,40,40,60,LWH,FLOOR,64
TR0001,T2,G5-0118,G5,360.0,160.0,60,40,40,60,LWH,G5-0117,64
TR0001,T2,G5-0119,G5,360.0,160.0,120,40,40,60,LWH,G5-0118,64
TR0001,T2,G5-0120,G5,360.0,160.0,180,40,40,60,LWH,G5-0119,64
TR0001,T2,G5-0121,G5,360.0,200.0,0,40,40,60,LWH,FLOOR,65
TR0001,T2,G5-0122,G5,360.0,200.0,60,40,40,60,LWH,G5-0121,65
TR0001,T2,G5-0123,G5,360.0,200.0,120,40,40,60,LWH,G5-0122,65
TR0001,T2,G5-0124,G5,360.0,200.0,180,40,40,60,LWH,G5-0123,65
TR0001,T2,G1-0001,G1,385.0,0.0,0,40,60,30,WLH,FLOOR,66
TR0001,T2,G1-0002,G1,385.0,0.0,30,40,60,30,WLH,G1-0001,66
TR0001,T2,G1-0003,G1,385.0,0.0,60,40,60,30,WLH,G1-0002,66
TR0001,T2,G1-0004,G1,385.0,0.0,90,40,60,30,WLH,G1-0003,66
TR0001,T2,G1-0005,G1,385.0,0.0,120,40,60,30,WLH,G1-0004,66
TR0001,T2,G1-0006,G1,385.0,0.0,150,40,60,30,WLH,G1-0005,66
TR0001,T2,G1-0007,G1,385.0,0.0,180,40,60,30,WLH,G1-0006,66
TR0001,T2,G1-0008,G1,385.0,0.0,210,40,60,30,WLH,G1-0007,66
TR0001,T2,G1-0009,G1,385.0,60.0,0,40,60,30,WLH,FLOOR,67
TR0001,T2,G1-0010,G1,385.0,60.0,30,40,60,30,WLH,G1-0009,67
TR0001,T2,G1-0011,G1,385.0,60.0,60,40,60,30,WLH,G1-0010,67
TR0001,T2,G1-0012,G1,385.0,60.0,90,40,60,30,WLH,G1-0011,67
TR0001,T2,G1-0013,G1,385.0,60.0,120,40,60,30,WLH,G1-0012,67
TR0001,T2,G1-0014,G1,385.0,60.0,150,40,60,30,WLH,G1-0013,67
TR0001,T2,G1-0015,G1,385.0,60.0,180,40,60,30,WLH,G1-0014,67
TR0001,T2,G1-0016,G1,385.0,60.0,210,40,60,30,WLH,G1-0015,67
TR0001,T2,G1-0017,G1,400.0,120.0,0,40,60,30,WLH,FLOOR,68
TR0001,T2,G1-0018,G1,400.0,120.0,30,40,60,30,WLH,G1-0017,68
TR0001,T2,G1-0019,G1,400.0,120.0,60,40,60,30,WLH,G1-0018,68
TR0001,T2,G1-0020,G1,400.0,120.0,90,40,60,30,WLH,G1-0019,68
TR0001,T2,G1-0021,G1,400.0,120.0,120,40,60,30,WLH,G1-0020,68
TR0001,T2,G1-0022,G1,400.0,120.0,150,40,60,30,WLH,G1-0021,68
TR0001,T2,G1-0023,G1,400.0,120.0,180,40,60,30,WLH,G1-0022,68
TR0001,T2,G1-0024,G1,400.0,120.0,210,40,60,30,WLH,G1-0023,68
TR0001,T2,G1-0025,G1,400.0,180.0,0,40,60,30,WLH,FLOOR,69
TR0001,T2,G1-0026,G1,400.0,180.0,30,40,60,30,WLH,G1-0025,69
TR0001,T2,G1-0027,G1,400.0,180.0,60,40,60,30,WLH,G1-0026,69
TR0001,T2,G1-0028,G1,400.0,180.0,90,40,60,30,WLH,G1-0027,69
TR0001,T2,G1-0029,G1,400.0,180.0,120,40,60,30,WLH,G1-0028,69
TR0001,T2,G1-0030,G1,400.0,180.0,150,40,60,30,WLH,G1-0029,69
TR0001,T2,G1-0031,G1,400.0,180.0,180,40,60,30,WLH,G1-0030,69
TR0001,T2,G1-0032,G1,400.0,180.0,210,40,60,30,WLH,G1-0031,69
TR0001,T2,G1-0033,G1,425.0,0.0,0,40,60,30,WLH,FLOOR,70
TR0001,T2,G1-0034,G1,425.0,0.0,30,40,60,30,WLH,G1-0033,70
TR0001,T2,G1-0035,G1,425.0,0.0,60,40,60,30,WLH,G1-0034,70
TR0001,T2,G1-0036,G1,425.0,0.0,90,40,60,30,WLH,G1-0035,70
TR0001,T2,G1-0037,G1,425.0,0.0,120,40,60,30,WLH,G1-0036,70
TR0001,T2,G1-0038,G1,425.0,0.0,150,40,60,30,WLH,G1-0037,70
TR0001,T2,G1-0039,G1,425.0,0.0,180,40,60,30,WLH,G1-0038,70
TR0001,T2,G1-0040,G1,425.0,0.0,210,40,60,30,WLH,G1-0039,70
TR0001,T2,G1-0041,G1,425.0,60.0,0,40,60,30,WLH,FLOOR,71
TR0001,T2,G1-0042,G1,425.0,60.0,30,40,60,30,WLH,G1-0041,71
TR0001,T2,G1-0043,G1,425.0,60.0,60,40,60,30,WLH,G1-0042,71
TR0001,T2,G1-0044,G1,425.0,60.0,90,40,60,30,WLH,G1-0043,71
TR0001,T2,G1-0045,G1,425.0,60.0,120,40,60,30,WLH,G1-0044,71
TR0001,T2,G1-0046,G1,425.0,60.0,150,40,60,30,WLH,G1-0045,71
TR0001,T2,G1-0047,G1,425.0,60.0,180,40,60,30,WLH,G1-0046,71
TR0001,T2,G1-0048,G1,425.0,60.0,210,40,60,30,WLH,G1-0047,71
TR0001,T2,G1-0049,G1,440.0,120.0,0,40,60,30,WLH,FLOOR,72
TR0001,T2,G1-0050,G1,440.0,120.0,30,40,60,30,WLH,G1-0049,72
TR0001,T2,G1-0051,G1,440.0,120.0,60,40,60,30,WLH,G1-0050,72
TR0001,T2,G1-0052,G1,440.0,120.0,90,40,60,30,WLH,G1-0051,72
TR0001,T2,G1-0053,G1,440.0,120.0,120,40,60,30,WLH,G1-0052,72
TR0001,T2,G1-0054,G1,440.0,120.0,150,40,60,30,WLH,G1-0053,72
TR0001,T2,G1-0055,G1,440.0,120.0,180,40,60,30,WLH,G1-0054,72
TR0001,T2,G1-0056,G1,440.0,120.0,210,40,60,30,WLH,G1-0055,72
TR0001,T2,G1-0057,G1,440.0,180.0,0,40,60,30,WLH,FLOOR,73
TR0001,T2,G1-0058,G1,440.0,180.0,30,40,60,30,WLH,G1-0057,73
TR0001,T2,G1-0059,G1,440.0,180.0,60,40,60,30,WLH,G1-0058,73
TR0001,T2,G1-0060,G1,440.0,180.0,90,40,60,30,WLH,G1-0059,73
TR0001,T2,G1-0061,G1,440.0,180.0,120,40,60,30,WLH,G1-0060,73
TR0001,T2,G1-0062,G1,440.0,180.0,150,40,60,30,WLH,G1-0061,73
TR0001,T2,G1-0063,G1,440.0,180.0,180,40,60,30,WLH,G1-0062,73
TR0001,T2,G1-0064,G1,440.0,180.0,210,40,60,30,WLH,G1-0063,73
TR0001,T2,G1-0065,G1,465.0,0.0,0,40,60,30,WLH,FLOOR,74
TR0001,T2,G1-0066,G1,465.0,0.0,30,40,60,30,WLH,G1-0065,74
TR0001,T2,G1-0067,G1,465.0,0.0,60,40,60,30,WLH,G1-0066,74
TR0001,T2,G1-0068,G1,465.0,0.0,90,40,60,30,WLH,G1-0067,74
TR0001,T2,G1-0069,G1,465.0,0.0,120,40,60,30,WLH,G1-0068,74
TR0001,T2,G1-0070,G1,465.0,0.0,150,40,60,30,WLH,G1-0069,74
TR0001,T2,G1-0071,G1,465.0,0.0,180,40,60,30,WLH,G1-0070,74
TR0001,T2,G1-0072,G1,465.0,0.0,210,40,60,30,WLH,G1-0071,74
TR0001,T2,G1-0073,G1,465.0,60.0,0,40,60,30,WLH,FLOOR,75
TR0001,T2,G1-0074,G1,465.0,60.0,30,40,60,30,WLH,G1-0073,75
TR0001,T2,G1-0075,G1,465.0,60.0,60,40,60,30,WLH,G1-0074,75
TR0001,T2,G1-0076,G1,465.0,60.0,90,40,60,30,WLH,G1-0075,75
TR0001,T2,G1-0077,G1,465.0,60.0,120,40,60,30,WLH,G1-0076,75
TR0001,T2,G1-0078,G1,465.0,60.0,150,40,60,30,WLH,G1-0077,75
TR0001,T2,G1-0079,G1,465.0,60.0,180,40,60,30,WLH,G1-0078,75
TR0001,T2,G1-0080,G1,465.0,60.0,210,40,60,30,WLH,G1-0079,75
TR0001,T2,G1-0081,G1,480.0,120.0,0,40,60,30,WLH,FLOOR,76
TR0001,T2,G1-0082,G1,480.0,120.0,30,40,60,30,WLH,G1-0081,76
TR0001,T2,G1-0083,G1,480.0,120.0,60,40,60,30,WLH,G1-0082,76
TR0001,T2,G1-0084,G1,480.0,120.0,90,40,60,30,WLH,G1-0083,76
TR0001,T2,G1-0085,G1,480.0,120.0,120,40,60,30,WLH,G1-0084,76
TR0001,T2,G1-0086,G1,480.0,120.0,150,40,60,30,WLH,G1-0085,76
TR0001,T2,G1-0087,G1,480.0,120.0,180,40,60,30,WLH,G1-0086,76
TR0001,T2,G1-0088,G1,480.0,120.0,210,40,60,30,WLH,G1-0087,76
TR0001,T2,G1-0089,G1,480.0,180.0,0,40,60,30,WLH,FLOOR,77
TR0001,T2,G1-0090,G1,480.0,180.0,30,40,60,30,WLH,G1-0089,77
TR0001,T2,G1-0091,G1,480.0,180.0,60,40,60,30,WLH,G1-0090,77
TR0001,T2,G1-0092,G1,480.0,180.0,90,40,60,30,WLH,G1-0091,77
TR0001,T2,G1-0093,G1,480.0,180.0,120,40,60,30,WLH,G1-0092,77
TR0001,T2,G1-0094,G1,480.0,180.0,150,40,60,30,WLH,G1-0093,77
TR0001,T2,G1-0095,G1,480.0,180.0,180,40,60,30,WLH,G1-0094,77
TR0001,T2,G1-0096,G1,480.0,180.0,210,40,60,30,WLH,G1-0095,77
TR0001,T2,G1-0097,G1,505.0,0.0,0,40,60,30,WLH,FLOOR,78
TR0001,T2,G1-0098,G1,505.0,0.0,30,40,60,30,WLH,G1-0097,78
TR0001,T2,G1-0099,G1,505.0,0.0,60,40,60,30,WLH,G1-0098,78
TR0001,T2,G1-0100,G1,505.0,0.0,90,40,60,30,WLH,G1-0099,78
TR0001,T2,G1-0101,G1,505.0,0.0,120,40,60,30,WLH,G1-0100,78
TR0001,T2,G1-0102,G1,505.0,0.0,150,40,60,30,WLH,G1-0101,78
TR0001,T2,G1-0103,G1,505.0,0.0,180,40,60,30,WLH,G1-0102,78
TR0001,T2,G1-0104,G1,505.0,0.0,210,40,60,30,WLH,G1-0103,78
TR0001,T2,G1-0105,G1,505.0,60.0,0,40,60,30,WLH,FLOOR,79
TR0001,T2,G1-0106,G1,505.0,60.0,30,40,60,30,WLH,G1-0105,79
TR0001,T2,G1-0107,G1,505.0,60.0,60,40,60,30,WLH,G1-0106,79
TR0001,T2,G1-0108,G1,505.0,60.0,90,40,60,30,WLH,G1-0107,79
TR0001,T2,G1-0109,G1,505.0,60.0,120,40,60,30,WLH,G1-0108,79
TR0001,T2,G1-0110,G1,505.0,60.0,150,40,60,30,WLH,G1-0109,79
TR0001,T2,G1-0111,G1,505.0,60.0,180,40,60,30,WLH,G1-0110,79
TR0001,T2,G1-0112,G1,505.0,60.0,210,40,60,30,WLH,G1-0111,79
TR0001,T2,G1-0113,G1,520.0,120.0,0,40,60,30,WLH,FLOOR,80
TR0001,T2,G1-0114,G1,520.0,120.0,30,40,60,30,WLH,G1-0113,80
TR0001,T2,G1-0115,G1,520.0,120.0,60,40,60,30,WLH,G1-0114,80
TR0001,T2,G1-0116,G1,520.0,120.0,90,40,60,30,WLH,G1-0115,80
TR0001,T2,G1-0117,G1,520.0,120.0,120,40,60,30,WLH,G1-0116,80
TR0001,T2,G1-0118,G1,520.0,120.0,150,40,60,30,WLH,G1-0117,80
TR0001,T2,G1-0119,G1,520.0,120.0,180,40,60,30,WLH,G1-0118,80
TR0001,T2,G1-0120,G1,520.0,120.0,210,40,60,30,WLH,G1-0119,80
TR0001,T2,G1-0121,G1,520.0,180.0,0,40,60,30,WLH,FLOOR,81
TR0001,T2,G1-0122,G1,520.0,180.0,30,40,60,30,WLH,G1-0121,81
TR0001,T2,G1-0123,G1,520.0,180.0,60,40,60,30,WLH,G1-0122,81
TR0001,T2,G1-0124,G1,520.0,180.0,90,40,60,30,WLH,G1-0123,81
TR0001,T2,G1-0125,G1,520.0,180.0,120,40,60,30,WLH,G1-0124,81
TR0001,T2,G1-0126,G1,520.0,180.0,150,40,60,30,WLH,G1-0125,81
TR0001,T2,G1-0127,G1,520.0,180.0,180,40,60,30,WLH,G1-0126,81
TR0001,T2,G1-0128,G1,520.0,180.0,210,40,60,30,WLH,G1-0127,81
TR0001,T2,G1-0129,G1,545.0,0.0,0,40,60,30,WLH,FLOOR,82
TR0001,T2,G1-0130,G1,545.0,0.0,30,40,60,30,WLH,G1-0129,82
TR0001,T2,G1-0131,G1,545.0,0.0,60,40,60,30,WLH,G1-0130,82
TR0001,T2,G1-0132,G1,545.0,0.0,90,40,60,30,WLH,G1-0131,82
TR0001,T2,G1-0133,G1,545.0,0.0,120,40,60,30,WLH,G1-0132,82
TR0001,T2,G1-0134,G1,545.0,0.0,150,40,60,30,WLH,G1-0133,82
TR0001,T2,G1-0135,G1,545.0,0.0,180,40,60,30,WLH,G1-0134,82
TR0001,T2,G1-0136,G1,545.0,0.0,210,40,60,30,WLH,G1-0135,82
TR0001,T2,G1-0137,G1,545.0,60.0,0,40,60,30,WLH,FLOOR,83
TR0001,T2,G1-0138,G1,545.0,60.0,30,40,60,30,WLH,G1-0137,83
TR0001,T2,G1-0139,G1,545.0,60.0,60,40,60,30,WLH,G1-0138,83
TR0001,T2,G1-0140,G1,545.0,60.0,90,40,60,30,WLH,G1-0139,83
TR0001,T2,G1-0141,G1,545.0,60.0,120,40,60,30,WLH,G1-0140,83
TR0001,T2,G1-0142,G1,545.0,60.0,150,40,60,30,WLH,G1-0141,83
TR0001,T2,G1-0143,G1,545.0,60.0,180,40,60,30,WLH,G1-0142,83
TR0001,T2,G1-0144,G1,545.0,60.0,210,40,60,30,WLH,G1-0143,83
TR0001,T2,G1-0145,G1,560.0,120.0,0,60,40,30,LWH,FLOOR,84
TR0001,T2,G1-0146,G1,560.0,120.0,30,60,40,30,LWH,G1-0145,84
TR0001,T2,G1-0147,G1,560.0,120.0,60,60,40,30,LWH,G1-0146,84
TR0001,T2,G1-0148,G1,560.0,120.0,90,60,40,30,LWH,G1-0147,84
TR0001,T2,G1-0149,G1,560.0,120.0,120,60,40,30,LWH,G1-0148,84
TR0001,T2,G1-0150,G1,560.0,120.0,150,60,40,30,LWH,G1-0149,84
TR0001,T2,G1-0151,G1,560.0,120.0,180,60,40,30,LWH,G1-0150,84
TR0001,T2,G1-0152,G1,560.0,120.0,210,60,40,30,LWH,G1-0151,84
TR0001,T2,G1-0153,G1,620.0,0.0,0,60,40,30,LWH,FLOOR,85
TR0001,T2,G1-0154,G1,620.0,0.0,30,60,40,30,LWH,G1-0153,85
TR0001,T2,G1-0155,G1,620.0,0.0,60,60,40,30,LWH,G1-0154,85
TR0001,T2,G1-0156,G1,620.0,0.0,90,60,40,30,LWH,G1-0155,85
TR0001,T2,G1-0157,G1,620.0,0.0,120,60,40,30,LWH,G1-0156,85
TR0001,T2,G1-0158,G1,620.0,0.0,150,60,40,30,LWH,G1-0157,85
TR0001,T2,G1-0159,G1,620.0,0.0,180,60,40,30,LWH,G1-0158,85
TR0001,T2,G1-0160,G1,620.0,0.0,210,60,40,30,LWH,G1-0159,85
TR0001,T2,G1-0161,G1,585.0,0.0,0,30,60,40,HLW,FLOOR,86
TR0001,T2,G1-0162,G1,585.0,0.0,40,30,60,40,HLW,G1-0161,86
TR0001,T2,G1-0163,G1,585.0,0.0,80,30,60,40,HLW,G1-0162,86
TR0001,T2,G1-0164,G1,585.0,0.0,120,30,60,40,HLW,G1-0163,86
TR0001,T2,G1-0165,G1,585.0,0.0,160,30,60,40,HLW,G1-0164,86
TR0001,T2,G1-0166,G1,585.0,0.0,200,30,60,40,HLW,G1-0165,86
TR0001,T2,G1-0167,G1,615.0,40.0,0,60,40,30,LWH,FLOOR,87
TR0001,T2,G1-0168,G1,615.0,40.0,30,60,40,30,LWH,G1-0167,87
TR0001,T2,G1-0169,G1,615.0,40.0,60,60,40,30,LWH,G1-0168,87
TR0001,T2,G1-0170,G1,615.0,40.0,90,60,40,30,LWH,G1-0169,87
TR0001,T2,G1-0171,G1,615.0,40.0,120,60,40,30,LWH,G1-0170,87
TR0001,T2,G1-0172,G1,615.0,40.0,150,60,40,30,LWH,G1-0171,87
TR0001,T2,G1-0173,G1,615.0,40.0,180,60,40,30,LWH,G1-0172,87
TR0001,T2,G1-0174,G1,615.0,40.0,210,60,40,30,LWH,G1-0173,87
TR0001,T2,G1-0175,G1,585.0,60.0,0,30,60,40,HLW,FLOOR,88
TR0001,T2,G1-0176,G1,585.0,60.0,40,30,60,40,HLW,G1-0175,88
TR0001,T2,G1-0177,G1,585.0,60.0,80,30,60,40,HLW,G1-0176,88
TR0001,T2,G1-0178,G1,585.0,60.0,120,30,60,40,HLW,G1-0177,88
TR0001,T2,G1-0179,G1,585.0,60.0,160,30,60,40,HLW,G1-0178,88
TR0001,T2,G1-0180,G1,585.0,60.0,200,30,60,40,HLW,G1-0179,88
TR0001,T2,G1-0181,G1,615.0,80.0,0,60,40,30,LWH,FLOOR,89
TR0001,T2,G1-0182,G1,615.0,80.0,30,60,40,30,LWH,G1-0181,89
TR0001,T2,G1-0183,G1,615.0,80.0,60,60,40,30,LWH,G1-0182,89
TR0001,T2,G1-0184,G1,615.0,80.0,90,60,40,30,LWH,G1-0183,89
TR0001,T2,G1-0185,G1,615.0,80.0,120,60,40,30,LWH,G1-0184,89
TR0001,T2,G1-0186,G1,615.0,80.0,150,60,40,30,LWH,G1-0185,89
TR0001,T2,G1-0187,G1,615.0,80.0,180,60,40,30,LWH,G1-0186,89
TR0001,T2,G1-0188,G1,615.0,80.0,210,60,40,30,LWH,G1-0187,89
TR0001,T2,G1-0189,G1,620.0,120.0,0,60,40,30,LWH,FLOOR,90
TR0001,T2,G1-0190,G1,620.0,120.0,30,60,40,30,LWH,G1-0189,90
TR0001,T2,G1-0191,G1,620.0,120.0,60,60,40,30,LWH,G1-0190,90
TR0001,T2,G1-0192,G1,620.0,120.0,90,60,40,30,LWH,G1-0191,90
TR0001,T2,G1-0193,G1,620.0,120.0,120,60,40,30,LWH,G1-0192,90
TR0001,T2,G1-0194,G1,620.0,120.0,150,60,40,30,LWH,G1-0193,90
TR0001,T2,G1-0195,G1,620.0,120.0,180,60,40,30,LWH,G1-0194,90
TR0001,T2,G1-0196,G1,620.0,120.0,210,60,40,30,LWH,G1-0195,90
TR0001,T2,G1-0197,G1,560.0,160.0,0,30,40,60,HWL,FLOOR,91
TR0001,T2,G1-0198,G1,560.0,160.0,60,30,40,60,HWL,G1-0197,91
TR0001,T2,G1-0199,G1,560.0,160.0,120,30,40,60,HWL,G1-0198,91
TR0001,T2,G1-0200,G1,560.0,160.0,180,30,40,60,HWL,G1-0199,91
TR0001,T2,G2-0246,G2,560.0,200.0,0,25,35,50,HWL,FLOOR,92
TR0001,T2,G2-0247,G2,560.0,200.0,50,25,35,50,HWL,G2-0246,92
TR0001,T2,G2-0248,G2,560.0,200.0,100,25,35,50,HWL,G2-0247,92
TR0001,T2,G2-0249,G2,560.0,200.0,150,25,35,50,HWL,G2-0248,92
TR0001,T2,G4-0001,G4,590.0,160.0,0,80,60,50,LWH,FLOOR,93
TR0001,T2,G4-0002,G4,590.0,160.0,50,80,60,50,LWH,G4-0001,93
TR0001,T2,G4-0003,G4,590.0,160.0,100,80,60,50,LWH,G4-0002,93
TR0001,T2,G4-0004,G4,590.0,160.0,150,80,60,50,LWH,G4-0003,93
TR0001,T2,G2-0250,G2,590.0,160.0,200,50,35,25,LWH,G4-0004,93
