task,truck_id,vehicle_type,G1,G2,G3,G4,G5,volume_rate,load_rate,weight_kg,cost
fixed_T1,V001,T1,30,38,15,45,0,0.8618068439497011,0.33566666666666667,2014,450
fixed_T1,V002,T1,30,38,15,45,0,0.8618068439497011,0.33566666666666667,2014,450
fixed_T1,V003,T1,30,38,15,45,0,0.8618068439497011,0.33566666666666667,2014,450
fixed_T1,V004,T1,30,38,15,45,0,0.8618068439497011,0.33566666666666667,2014,450
fixed_T1,V005,T1,30,38,15,45,0,0.8618068439497011,0.33566666666666667,2014,450
fixed_T1,V006,T1,30,38,15,45,0,0.8618068439497011,0.33566666666666667,2014,450
fixed_T1,V007,T1,30,38,15,45,0,0.8618068439497011,0.33566666666666667,2014,450
fixed_T1,V008,T1,30,38,15,45,0,0.8618068439497011,0.33566666666666667,2014,450
fixed_T1,V009,T1,22,30,15,39,16,0.8190321583178726,0.332,1992,450
fixed_T1,V010,T1,20,36,16,0,80,0.6666151309008452,0.368,2208,450
fixed_T1,V011,T1,20,36,16,0,80,0.6666151309008452,0.368,2208,450
fixed_T1,V012,T1,20,36,16,0,80,0.6666151309008452,0.368,2208,450
fixed_T1,V013,T1,20,36,16,0,80,0.6666151309008452,0.368,2208,450
fixed_T1,V014,T1,20,36,16,0,80,0.6666151309008452,0.368,2208,450
fixed_T1,V015,T1,20,48,16,0,80,0.6936714079571222,0.384,2304,450
fixed_T1,V016,T1,0,170,24,0,0,0.5564574314574314,0.2866666666666667,1720,450
fixed_T1,V017,T1,0,144,24,0,0,0.49783549783549785,0.252,1512,450
fixed_T1,V018,T1,11,124,21,1,4,0.504071325499897,0.256,1536,450
fixed_T1,V019,T1,245,0,0,0,0,0.9090909090909091,0.49,2940,450
fixed_T1,V020,T1,162,0,0,0,0,0.601113172541744,0.324,1944,450
fixed_T2,V001,T2,0,128,32,96,24,0.8505162064825931,0.4336,4336,700
fixed_T2,V002,T2,0,128,32,96,24,0.8505162064825931,0.4336,4336,700
fixed_T2,V003,T2,0,128,32,96,24,0.8505162064825931,0.4336,4336,700
fixed_T2,V004,T2,0,128,32,96,24,0.8505162064825931,0.4336,4336,700
fixed_T2,V005,T2,76,48,24,15,184,0.7730132052821128,0.5343,5343,700
fixed_T2,V006,T2,96,0,24,0,216,0.7444897959183674,0.54,5400,700
fixed_T2,V007,T2,0,256,36,0,4,0.39913565426170466,0.266,2660,700
fixed_T2,V008,T2,32,184,36,0,0,0.36960384153661463,0.2396,2396,700
fixed_T2,V009,T2,380,0,32,0,0,0.7644657863145258,0.504,5040,700
fixed_T2,V010,T2,216,0,20,1,0,0.44638655462184873,0.2917,2917,700
mixed_count,V001,T2,0,128,32,96,24,0.8505162064825931,0.4336,4336,700
mixed_count,V002,T2,0,128,32,96,24,0.8505162064825931,0.4336,4336,700
mixed_count,V003,T2,0,128,32,96,24,0.8505162064825931,0.4336,4336,700
mixed_count,V004,T2,0,128,32,96,24,0.8505162064825931,0.4336,4336,700
mixed_count,V005,T2,76,48,24,15,184,0.7730132052821128,0.5343,5343,700
mixed_count,V006,T2,96,0,24,0,216,0.7444897959183674,0.54,5400,700
mixed_count,V007,T2,0,256,36,0,4,0.39913565426170466,0.266,2660,700
mixed_count,V008,T2,32,184,36,0,0,0.36960384153661463,0.2396,2396,700
mixed_count,V009,T2,380,0,32,0,0,0.7644657863145258,0.504,5040,700
mixed_count,V010,T2,216,0,20,1,0,0.44638655462184873,0.2917,2917,700
mixed_cost,V001,T2,0,128,32,96,24,0.8505162064825931,0.4336,4336,700
mixed_cost,V002,T2,0,128,32,96,24,0.8505162064825931,0.4336,4336,700
mixed_cost,V003,T2,0,128,32,96,24,0.8505162064825931,0.4336,4336,700
mixed_cost,V004,T2,0,128,32,96,24,0.8505162064825931,0.4336,4336,700
mixed_cost,V005,T2,76,48,24,15,184,0.7730132052821128,0.5343,5343,700
mixed_cost,V006,T2,96,0,24,0,216,0.7444897959183674,0.54,5400,700
mixed_cost,V007,T2,0,256,36,0,4,0.39913565426170466,0.266,2660,700
mixed_cost,V008,T2,32,184,36,0,0,0.36960384153661463,0.2396,2396,700
mixed_cost,V009,T2,380,0,32,0,0,0.7644657863145258,0.504,5040,700
mixed_cost,V010,T2,216,0,20,1,0,0.44638655462184873,0.2917,2917,700
