target_date,series_id,revision,available_at,actual_units
2026-05-01,A,1,2026-05-02T09:00:00+08:00,11
2026-05-01,B,1,2026-05-03T18:00:00+08:00,22
2026-05-02,A,1,2026-05-03T09:00:00+08:00,12
2026-05-02,B,1,2026-05-04T09:00:00+08:00,20
2026-05-03,A,1,2026-05-04T09:00:00+08:00,14
2026-05-03,B,1,2026-05-04T09:00:00+08:00,23
2026-05-04,A,1,2026-05-05T09:00:00+08:00,15
2026-05-04,B,1,2026-05-07T09:00:00+08:00,24
2026-05-01,A,2,2026-05-05T09:00:00+08:00,13
2026-05-01,B,2,2026-05-05T12:00:00+08:00,24
2026-05-02,B,2,2026-05-07T09:00:00+08:00,25
2026-05-01,A,1,2026-05-02T09:00:00+08:00,11
2026-05-01,A,1,2026-05-02T09:00:00+08:00,111
