origin,method_id,source_origin,service_date,coordinates,ready_at,eligible,reason
2026-09-02T18:00:00,weekly_mean56,2026-07-08T18:00:00,2026-07-09,96,2026-07-12 09:00:00+08:00,True,exact mature 96-coordinate day ready
2026-09-02T18:00:00,weekly_mean56,2026-07-08T18:00:00,2026-07-10,96,2026-07-13 09:00:00+08:00,True,exact mature 96-coordinate day ready
2026-09-02T18:00:00,weekly_mean56,2026-07-08T18:00:00,2026-07-11,96,2026-07-14 09:00:00+08:00,True,exact mature 96-coordinate day ready
2026-09-02T18:00:00,weekly_mean56,2026-07-08T18:00:00,2026-07-12,96,2026-07-15 09:00:00+08:00,True,exact mature 96-coordinate day ready
2026-09-02T18:00:00,weekly_mean56,2026-07-08T18:00:00,2026-07-13,96,2026-07-16 09:00:00+08:00,True,exact mature 96-coordinate day ready
2026-09-02T18:00:00,weekly_mean56,2026-07-08T18:00:00,2026-07-14,96,2026-07-17 09:00:00+08:00,True,exact mature 96-coordinate day ready
2026-09-02T18:00:00,weekly_mean56,2026-07-08T18:00:00,2026-07-15,96,2026-07-18 09:00:00+08:00,True,exact mature 96-coordinate day ready
2026-09-02T18:00:00,weekly_mean56,2026-07-08T18:00:00,2026-07-16,96,2026-07-19 09:00:00+08:00,True,exact mature 96-coordinate day ready
2026-09-02T18:00:00,weekly_mean56,2026-07-08T18:00:00,2026-07-17,96,2026-07-20 09:00:00+08:00,True,exact mature 96-coordinate day ready
2026-09-02T18:00:00,weekly_mean56,2026-07-08T18:00:00,2026-07-18,96,2026-07-21 09:00:00+08:00,True,exact mature 96-coordinate day ready
2026-09-02T18:00:00,weekly_mean56,2026-07-08T18:00:00,2026-07-19,96,2026-07-22 09:00:00+08:00,True,exact mature 96-coordinate day ready
2026-09-02T18:00:00,weekly_mean56,2026-07-08T18:00:00,2026-07-20,96,2026-07-23 09:00:00+08:00,True,exact mature 96-coordinate day ready
2026-09-02T18:00:00,weekly_mean56,2026-07-08T18:00:00,2026-07-21,96,2026-07-24 09:00:00+08:00,True,exact mature 96-coordinate day ready
2026-09-02T18:00:00,weekly_mean56,2026-07-08T18:00:00,2026-07-22,96,2026-07-25 09:00:00+08:00,True,exact mature 96-coordinate day ready
2026-09-02T18:00:00,weekly_mean56,2026-07-22T18:00:00,2026-07-23,96,2026-07-26 09:00:00+08:00,True,exact mature 96-coordinate day ready
2026-09-02T18:00:00,weekly_mean56,2026-07-22T18:00:00,2026-07-24,96,2026-07-27 09:00:00+08:00,True,exact mature 96-coordinate day ready
2026-09-02T18:00:00,weekly_mean56,2026-07-22T18:00:00,2026-07-25,96,2026-07-28 09:00:00+08:00,True,exact mature 96-coordinate day ready
2026-09-02T18:00:00,weekly_mean56,2026-07-22T18:00:00,2026-07-26,96,2026-07-29 09:00:00+08:00,True,exact mature 96-coordinate day ready
2026-09-02T18:00:00,weekly_mean56,2026-07-22T18:00:00,2026-07-27,96,2026-07-30 09:00:00+08:00,True,exact mature 96-coordinate day ready
2026-09-02T18:00:00,weekly_mean56,2026-07-22T18:00:00,2026-07-28,96,2026-07-31 09:00:00+08:00,True,exact mature 96-coordinate day ready
2026-09-02T18:00:00,weekly_mean56,2026-07-22T18:00:00,2026-07-29,96,2026-08-01 09:00:00+08:00,True,exact mature 96-coordinate day ready
2026-09-02T18:00:00,weekly_mean56,2026-07-22T18:00:00,2026-07-30,96,2026-08-02 09:00:00+08:00,True,exact mature 96-coordinate day ready
2026-09-02T18:00:00,weekly_mean56,2026-07-22T18:00:00,2026-07-31,96,2026-08-03 09:00:00+08:00,True,exact mature 96-coordinate day ready
2026-09-02T18:00:00,weekly_mean56,2026-07-22T18:00:00,2026-08-01,96,2026-08-04 09:00:00+08:00,True,exact mature 96-coordinate day ready
2026-09-02T18:00:00,weekly_mean56,2026-07-22T18:00:00,2026-08-02,96,2026-08-05 09:00:00+08:00,True,exact mature 96-coordinate day ready
2026-09-02T18:00:00,weekly_mean56,2026-07-22T18:00:00,2026-08-03,96,2026-08-06 09:00:00+08:00,True,exact mature 96-coordinate day ready
2026-09-02T18:00:00,weekly_mean56,2026-07-22T18:00:00,2026-08-04,96,2026-08-07 09:00:00+08:00,True,exact mature 96-coordinate day ready
2026-09-02T18:00:00,weekly_mean56,2026-07-22T18:00:00,2026-08-05,96,2026-08-08 09:00:00+08:00,True,exact mature 96-coordinate day ready
2026-09-02T18:00:00,weekly_mean56,2026-08-05T18:00:00,2026-08-06,96,2026-08-09 09:00:00+08:00,True,exact mature 96-coordinate day ready
2026-09-02T18:00:00,weekly_mean56,2026-08-05T18:00:00,2026-08-07,96,2026-08-10 09:00:00+08:00,True,exact mature 96-coordinate day ready
2026-09-02T18:00:00,weekly_mean56,2026-08-05T18:00:00,2026-08-08,96,2026-08-11 09:00:00+08:00,True,exact mature 96-coordinate day ready
2026-09-02T18:00:00,weekly_mean56,2026-08-05T18:00:00,2026-08-09,96,2026-08-12 09:00:00+08:00,True,exact mature 96-coordinate day ready
2026-09-02T18:00:00,weekly_mean56,2026-08-05T18:00:00,2026-08-10,96,2026-08-13 09:00:00+08:00,True,exact mature 96-coordinate day ready
2026-09-02T18:00:00,weekly_mean56,2026-08-05T18:00:00,2026-08-11,96,2026-08-14 09:00:00+08:00,True,exact mature 96-coordinate day ready
2026-09-02T18:00:00,weekly_mean56,2026-08-05T18:00:00,2026-08-12,96,2026-08-15 09:00:00+08:00,True,exact mature 96-coordinate day ready
2026-09-02T18:00:00,weekly_mean56,2026-08-05T18:00:00,2026-08-13,96,2026-08-16 09:00:00+08:00,True,exact mature 96-coordinate day ready
2026-09-02T18:00:00,weekly_mean56,2026-08-05T18:00:00,2026-08-14,96,2026-08-17 09:00:00+08:00,True,exact mature 96-coordinate day ready
2026-09-02T18:00:00,weekly_mean56,2026-08-05T18:00:00,2026-08-15,96,2026-08-18 09:00:00+08:00,True,exact mature 96-coordinate day ready
2026-09-02T18:00:00,weekly_mean56,2026-08-05T18:00:00,2026-08-16,96,2026-08-19 09:00:00+08:00,True,exact mature 96-coordinate day ready
2026-09-02T18:00:00,weekly_mean56,2026-08-05T18:00:00,2026-08-17,96,2026-08-20 09:00:00+08:00,True,exact mature 96-coordinate day ready
2026-09-02T18:00:00,weekly_mean56,2026-08-05T18:00:00,2026-08-18,96,2026-08-21 09:00:00+08:00,True,exact mature 96-coordinate day ready
2026-09-02T18:00:00,weekly_mean56,2026-08-05T18:00:00,2026-08-19,96,2026-08-22 09:00:00+08:00,True,exact mature 96-coordinate day ready
2026-09-02T18:00:00,weekly_mean56,2026-08-19T18:00:00,2026-08-20,96,2026-08-23 09:00:00+08:00,True,exact mature 96-coordinate day ready
2026-09-02T18:00:00,weekly_mean56,2026-08-19T18:00:00,2026-08-21,96,2026-08-24 09:00:00+08:00,True,exact mature 96-coordinate day ready
2026-09-02T18:00:00,weekly_mean56,2026-08-19T18:00:00,2026-08-22,96,2026-08-25 09:00:00+08:00,True,exact mature 96-coordinate day ready
2026-09-02T18:00:00,weekly_mean56,2026-08-19T18:00:00,2026-08-23,96,2026-08-26 09:00:00+08:00,True,exact mature 96-coordinate day ready
2026-09-02T18:00:00,weekly_mean56,2026-08-19T18:00:00,2026-08-24,96,2026-08-27 09:00:00+08:00,True,exact mature 96-coordinate day ready
2026-09-02T18:00:00,weekly_mean56,2026-08-19T18:00:00,2026-08-25,96,2026-08-28 09:00:00+08:00,True,exact mature 96-coordinate day ready
2026-09-02T18:00:00,weekly_mean56,2026-08-19T18:00:00,2026-08-26,96,2026-08-29 09:00:00+08:00,True,exact mature 96-coordinate day ready
2026-09-02T18:00:00,weekly_mean56,2026-08-19T18:00:00,2026-08-27,96,2026-08-30 09:00:00+08:00,True,exact mature 96-coordinate day ready
2026-09-02T18:00:00,weekly_mean56,2026-08-19T18:00:00,2026-08-28,96,2026-08-31 09:00:00+08:00,True,exact mature 96-coordinate day ready
2026-09-02T18:00:00,weekly_mean56,2026-08-19T18:00:00,2026-08-29,96,2026-09-01 09:00:00+08:00,True,exact mature 96-coordinate day ready
2026-09-02T18:00:00,weekly_mean56,2026-08-19T18:00:00,2026-08-30,96,2026-09-02 09:00:00+08:00,True,exact mature 96-coordinate day ready
